timestamp,Duty,RadPerSec,Current
0,0.000000,0.000000,0.000000
1000,0.000000,0.000000,0.000000
2000,0.000000,0.000000,0.000000
3000,0.000000,0.000000,0.000000
4000,0.000000,0.000000,0.000000
5000,0.000000,0.000000,0.000000
6000,0.000000,0.000000,0.000000
7000,0.000000,0.000000,0.000000
8000,0.000000,0.000000,0.000000
9000,0.000000,0.000000,0.000000
10000,0.000000,0.000000,0.000000
11000,0.000000,0.000000,0.000000
12000,0.000000,0.000000,0.000000
13000,0.000000,0.000000,0.000000
14000,0.000000,0.000000,0.000000
15000,0.000000,0.000000,0.000000
16000,0.000000,0.000000,0.000000
17000,0.000000,0.000000,0.000000
18000,0.000000,0.000000,0.000000
19000,0.000000,0.000000,0.000000
20000,0.000000,0.000000,0.000000
21000,0.000000,0.000000,0.000000
22000,0.000000,0.000000,0.000000
23000,0.000000,0.000000,0.000000
24000,0.000000,0.000000,0.000000
25000,0.000000,0.000000,0.000000
26000,0.000000,0.000000,0.000000
27000,0.000000,0.000000,0.000000
28000,0.000000,0.000000,0.000000
29000,0.000000,0.000000,0.000000
30000,0.000000,0.000000,0.000000
31000,0.000000,0.000000,0.000000
32000,0.000000,0.000000,0.000000
33000,0.000000,0.000000,0.000000
34000,0.000000,0.000000,0.000000
35000,0.000000,0.000000,0.000000
36000,0.000000,0.000000,0.000000
37000,0.000000,0.000000,0.000000
38000,0.000000,0.000000,0.000000
39000,0.000000,0.000000,0.000000
40000,0.000000,0.000000,0.000000
41000,0.000000,0.000000,0.000000
42000,0.000000,0.000000,0.000000
43000,0.000000,0.000000,0.000000
44000,0.000000,0.000000,0.000000
45000,0.000000,0.000000,0.000000
46000,0.000000,0.000000,0.000000
47000,0.000000,0.000000,0.000000
48000,0.000000,0.000000,0.000000
49000,0.000000,0.000000,0.000000
50000,0.000000,0.000000,0.000000
51000,0.000000,0.000000,0.000000
52000,0.000000,0.000000,0.000000
53000,0.000000,0.000000,0.000000
54000,0.000000,0.000000,0.000000
55000,0.000000,0.000000,0.000000
56000,0.000000,0.000000,0.000000
57000,0.000000,0.000000,0.000000
58000,0.000000,0.000000,0.000000
59000,0.000000,0.000000,0.000000
60000,0.000000,0.000000,0.000000
61000,0.000000,0.000000,0.000000
62000,0.000000,0.000000,0.000000
63000,0.000000,0.000000,0.000000
64000,0.000000,0.000000,0.000000
65000,0.000000,0.000000,0.000000
66000,0.000000,0.000000,0.000000
67000,0.000000,0.000000,0.000000
68000,0.000000,0.000000,0.000000
69000,0.000000,0.000000,0.000000
70000,0.000000,0.000000,0.000000
71000,0.000000,0.000000,0.000000
72000,0.000000,0.000000,0.000000
73000,0.000000,0.000000,0.000000
74000,0.000000,0.000000,0.000000
75000,0.000000,0.000000,0.000000
76000,0.000000,0.000000,0.000000
77000,0.000000,0.000000,0.000000
78000,0.000000,0.000000,0.000000
79000,0.000000,0.000000,0.000000
80000,0.000000,0.000000,0.000000
81000,0.000000,0.000000,0.000000
82000,0.000000,0.000000,0.000000
83000,0.000000,0.000000,0.000000
84000,0.000000,0.000000,0.000000
85000,0.000000,0.000000,0.000000
86000,0.000000,0.000000,0.000000
87000,0.000000,0.000000,0.000000
88000,0.000000,0.000000,0.000000
89000,0.000000,0.000000,0.000000
90000,0.000000,0.000000,0.000000
91000,0.000000,0.000000,0.000000
92000,0.000000,0.000000,0.000000
93000,0.000000,0.000000,0.000000
94000,0.000000,0.000000,0.000000
95000,0.000000,0.000000,0.000000
96000,0.000000,0.000000,0.000000
97000,0.000000,0.000000,0.000000
98000,0.000000,0.000000,0.000000
99000,0.000000,0.000000,0.000000
100000,0.000000,0.000000,0.000000
101000,0.000000,0.000000,0.000000
102000,0.000000,0.000000,0.000000
103000,0.000000,0.000000,0.000000
104000,0.000000,0.000000,0.000000
105000,0.000000,0.000000,0.000000
106000,0.000000,0.000000,0.000000
107000,0.000000,0.000000,0.000000
108000,0.000000,0.000000,0.000000
109000,0.000000,0.000000,0.000000
110000,0.000000,0.000000,0.000000
111000,0.000000,0.000000,0.000000
112000,0.000000,0.000000,0.000000
113000,0.000000,0.000000,0.000000
114000,0.000000,0.000000,0.000000
115000,0.000000,0.000000,0.000000
116000,0.000000,0.000000,0.000000
117000,0.000000,0.000000,0.000000
118000,0.000000,0.000000,0.000000
119000,0.000000,0.000000,0.000000
120000,0.000000,0.000000,0.000000
121000,0.000000,0.000000,0.000000
122000,0.000000,0.000000,0.000000
123000,0.000000,0.000000,0.000000
124000,0.000000,0.000000,0.000000
125000,0.000000,0.000000,0.000000
126000,0.000000,0.000000,0.000000
127000,0.000000,0.000000,0.000000
128000,0.000000,0.000000,0.000000
129000,0.000000,0.000000,0.000000
130000,0.000000,0.000000,0.000000
131000,0.000000,0.000000,0.000000
132000,0.000000,0.000000,0.000000
133000,0.000000,0.000000,0.000000
134000,0.000000,0.000000,0.000000
135000,0.000000,0.000000,0.000000
136000,0.000000,0.000000,0.000000
137000,0.000000,0.000000,0.000000
138000,0.000000,0.000000,0.000000
139000,0.000000,0.000000,0.000000
140000,0.000000,0.000000,0.000000
141000,0.000000,0.000000,0.000000
142000,0.000000,0.000000,0.000000
143000,0.000000,0.000000,0.000000
144000,0.000000,0.000000,0.000000
145000,0.000000,0.000000,0.000000
146000,0.000000,0.000000,0.000000
147000,0.000000,0.000000,0.000000
148000,0.000000,0.000000,0.000000
149000,0.000000,0.000000,0.000000
150000,0.000000,0.000000,0.000000
151000,0.000000,0.000000,0.000000
152000,0.000000,0.000000,0.000000
153000,0.000000,0.000000,0.000000
154000,0.000000,0.000000,0.000000
155000,0.000000,0.000000,0.000000
156000,0.000000,0.000000,0.000000
157000,0.000000,0.000000,0.000000
158000,0.000000,0.000000,0.000000
159000,0.000000,0.000000,0.000000
160000,0.000000,0.000000,0.000000
161000,0.000000,0.000000,0.000000
162000,0.000000,0.000000,0.000000
163000,0.000000,0.000000,0.000000
164000,0.000000,0.000000,0.000000
165000,0.000000,0.000000,0.000000
166000,0.000000,0.000000,0.000000
167000,0.000000,0.000000,0.000000
168000,0.000000,0.000000,0.000000
169000,0.000000,0.000000,0.000000
170000,0.000000,0.000000,0.000000
171000,0.000000,0.000000,0.000000
172000,0.000000,0.000000,0.000000
173000,0.000000,0.000000,0.000000
174000,0.000000,0.000000,0.000000
175000,0.000000,0.000000,0.000000
176000,0.000000,0.000000,0.000000
177000,0.000000,0.000000,0.000000
178000,0.000000,0.000000,0.000000
179000,0.000000,0.000000,0.000000
180000,0.000000,0.000000,0.000000
181000,0.000000,0.000000,0.000000
182000,0.000000,0.000000,0.000000
183000,0.000000,0.000000,0.000000
184000,0.000000,0.000000,0.000000
185000,0.000000,0.000000,0.000000
186000,0.000000,0.000000,0.000000
187000,0.000000,0.000000,0.000000
188000,0.000000,0.000000,0.000000
189000,0.000000,0.000000,0.000000
190000,0.000000,0.000000,0.000000
191000,0.000000,0.000000,0.000000
192000,0.000000,0.000000,0.000000
193000,0.000000,0.000000,0.000000
194000,0.000000,0.000000,0.000000
195000,0.000000,0.000000,0.000000
196000,0.000000,0.000000,0.000000
197000,0.000000,0.000000,0.000000
198000,0.000000,0.000000,0.000000
199000,0.000000,0.000000,0.000000
200000,0.000000,0.000000,0.000000
201000,0.000000,0.000000,0.000000
202000,0.000000,0.000000,0.000000
203000,0.000000,0.000000,0.000000
204000,0.000000,0.000000,0.000000
205000,0.000000,0.000000,0.000000
206000,0.000000,0.000000,0.000000
207000,0.000000,0.000000,0.000000
208000,0.000000,0.000000,0.000000
209000,0.000000,0.000000,0.000000
210000,0.000000,0.000000,0.000000
211000,0.000000,0.000000,0.000000
212000,0.000000,0.000000,0.000000
213000,0.000000,0.000000,0.000000
214000,0.000000,0.000000,0.000000
215000,0.000000,0.000000,0.000000
216000,0.000000,0.000000,0.000000
217000,0.000000,0.000000,0.000000
218000,0.000000,0.000000,0.000000
219000,0.000000,0.000000,0.000000
220000,0.000000,0.000000,0.000000
221000,0.000000,0.000000,0.000000
222000,0.000000,0.000000,0.000000
223000,0.000000,0.000000,0.000000
224000,0.000000,0.000000,0.000000
225000,0.000000,0.000000,0.000000
226000,0.000000,0.000000,0.000000
227000,0.000000,0.000000,0.000000
228000,0.000000,0.000000,0.000000
229000,0.000000,0.000000,0.000000
230000,0.000000,0.000000,0.000000
231000,0.000000,0.000000,0.000000
232000,0.000000,0.000000,0.000000
233000,0.000000,0.000000,0.000000
234000,0.000000,0.000000,0.000000
235000,0.000000,0.000000,0.000000
236000,0.000000,0.000000,0.000000
237000,0.000000,0.000000,0.000000
238000,0.000000,0.000000,0.000000
239000,0.000000,0.000000,0.000000
240000,0.000000,0.000000,0.000000
241000,0.000000,0.000000,0.000000
242000,0.000000,0.000000,0.000000
243000,0.000000,0.000000,0.000000
244000,0.000000,0.000000,0.000000
245000,0.000000,0.000000,0.000000
246000,0.000000,0.000000,0.000000
247000,0.000000,0.000000,0.000000
248000,0.000000,0.000000,0.000000
249000,0.000000,0.000000,0.000000
250000,0.000000,0.000000,0.000000
251000,0.000000,0.000000,0.000000
252000,0.000000,0.000000,0.000000
253000,0.000000,0.000000,0.000000
254000,0.000000,0.000000,0.000000
255000,0.000000,0.000000,0.000000
256000,0.000000,0.000000,0.000000
257000,0.000000,0.000000,0.000000
258000,0.000000,0.000000,0.000000
259000,0.000000,0.000000,0.000000
260000,0.000000,0.000000,0.000000
261000,0.000000,0.000000,0.000000
262000,0.000000,0.000000,0.000000
263000,0.000000,0.000000,0.000000
264000,0.000000,0.000000,0.000000
265000,0.000000,0.000000,0.000000
266000,0.000000,0.000000,0.000000
267000,0.000000,0.000000,0.000000
268000,0.000000,0.000000,0.000000
269000,0.000000,0.000000,0.000000
270000,0.000000,0.000000,0.000000
271000,0.000000,0.000000,0.000000
272000,0.000000,0.000000,0.000000
273000,0.000000,0.000000,0.000000
274000,0.000000,0.000000,0.000000
275000,0.000000,0.000000,0.000000
276000,0.000000,0.000000,0.000000
277000,0.000000,0.000000,0.000000
278000,0.000000,0.000000,0.000000
279000,0.000000,0.000000,0.000000
280000,0.000000,0.000000,0.000000
281000,0.000000,0.000000,0.000000
282000,0.000000,0.000000,0.000000
283000,0.000000,0.000000,0.000000
284000,0.000000,0.000000,0.000000
285000,0.000000,0.000000,0.000000
286000,0.000000,0.000000,0.000000
287000,0.000000,0.000000,0.000000
288000,0.000000,0.000000,0.000000
289000,0.000000,0.000000,0.000000
290000,0.000000,0.000000,0.000000
291000,0.000000,0.000000,0.000000
292000,0.000000,0.000000,0.000000
293000,0.000000,0.000000,0.000000
294000,0.000000,0.000000,0.000000
295000,0.000000,0.000000,0.000000
296000,0.000000,0.000000,0.000000
297000,0.000000,0.000000,0.000000
298000,0.000000,0.000000,0.000000
299000,0.000000,0.000000,0.000000
300000,0.000000,0.000000,0.000000
301000,0.000000,0.000000,0.000000
302000,0.000000,0.000000,0.000000
303000,0.000000,0.000000,0.000000
304000,0.000000,0.000000,0.000000
305000,0.000000,0.000000,0.000000
306000,0.000000,0.000000,0.000000
307000,0.000000,0.000000,0.000000
308000,0.000000,0.000000,0.000000
309000,0.000000,0.000000,0.000000
310000,0.000000,0.000000,0.000000
311000,0.000000,0.000000,0.000000
312000,0.000000,0.000000,0.000000
313000,0.000000,0.000000,0.000000
314000,0.000000,0.000000,0.000000
315000,0.000000,0.000000,0.000000
316000,0.000000,0.000000,0.000000
317000,0.000000,0.000000,0.000000
318000,0.000000,0.000000,0.000000
319000,0.000000,0.000000,0.000000
320000,0.000000,0.000000,0.000000
321000,0.000000,0.000000,0.000000
322000,0.000000,0.000000,0.000000
323000,0.000000,0.000000,0.000000
324000,0.000000,0.000000,0.000000
325000,0.000000,0.000000,0.000000
326000,0.000000,0.000000,0.000000
327000,0.000000,0.000000,0.000000
328000,0.000000,0.000000,0.000000
329000,0.000000,0.000000,0.000000
330000,0.000000,0.000000,0.000000
331000,0.000000,0.000000,0.000000
332000,0.000000,0.000000,0.000000
333000,0.000000,0.000000,0.000000
334000,0.000000,0.000000,0.000000
335000,0.000000,0.000000,0.000000
336000,0.000000,0.000000,0.000000
337000,0.000000,0.000000,0.000000
338000,0.000000,0.000000,0.000000
339000,0.000000,0.000000,0.000000
340000,0.000000,0.000000,0.000000
341000,0.000000,0.000000,0.000000
342000,0.000000,0.000000,0.000000
343000,0.000000,0.000000,0.000000
344000,0.000000,0.000000,0.000000
345000,0.000000,0.000000,0.000000
346000,0.000000,0.000000,0.000000
347000,0.000000,0.000000,0.000000
348000,0.000000,0.000000,0.000000
349000,0.000000,0.000000,0.000000
350000,0.000000,0.000000,0.000000
351000,0.000000,0.000000,0.000000
352000,0.000000,0.000000,0.000000
353000,0.000000,0.000000,0.000000
354000,0.000000,0.000000,0.000000
355000,0.000000,0.000000,0.000000
356000,0.000000,0.000000,0.000000
357000,0.000000,0.000000,0.000000
358000,0.000000,0.000000,0.000000
359000,0.000000,0.000000,0.000000
360000,0.000000,0.000000,0.000000
361000,0.000000,0.000000,0.000000
362000,0.000000,0.000000,0.000000
363000,0.000000,0.000000,0.000000
364000,0.000000,0.000000,0.000000
365000,0.000000,0.000000,0.000000
366000,0.000000,0.000000,0.000000
367000,0.000000,0.000000,0.000000
368000,0.000000,0.000000,0.000000
369000,0.000000,0.000000,0.000000
370000,0.000000,0.000000,0.000000
371000,0.000000,0.000000,0.000000
372000,0.000000,0.000000,0.000000
373000,0.000000,0.000000,0.000000
374000,0.000000,0.000000,0.000000
375000,0.000000,0.000000,0.000000
376000,0.000000,0.000000,0.000000
377000,0.000000,0.000000,0.000000
378000,0.000000,0.000000,0.000000
379000,0.000000,0.000000,0.000000
380000,0.000000,0.000000,0.000000
381000,0.000000,0.000000,0.000000
382000,0.000000,0.000000,0.000000
383000,0.000000,0.000000,0.000000
384000,0.000000,0.000000,0.000000
385000,0.000000,0.000000,0.000000
386000,0.000000,0.000000,0.000000
387000,0.000000,0.000000,0.000000
388000,0.000000,0.000000,0.000000
389000,0.000000,0.000000,0.000000
390000,0.000000,0.000000,0.000000
391000,0.000000,0.000000,0.000000
392000,0.000000,0.000000,0.000000
393000,0.000000,0.000000,0.000000
394000,0.000000,0.000000,0.000000
395000,0.000000,0.000000,0.000000
396000,0.000000,0.000000,0.000000
397000,0.000000,0.000000,0.000000
398000,0.000000,0.000000,0.000000
399000,0.000000,0.000000,0.000000
400000,0.000000,0.000000,0.000000
401000,0.000000,0.000000,0.000000
402000,0.000000,0.000000,0.000000
403000,0.000000,0.000000,0.000000
404000,0.000000,0.000000,0.000000
405000,0.000000,0.000000,0.000000
406000,0.000000,0.000000,0.000000
407000,0.000000,0.000000,0.000000
408000,0.000000,0.000000,0.000000
409000,0.000000,0.000000,0.000000
410000,0.000000,0.000000,0.000000
411000,0.000000,0.000000,0.000000
412000,0.000000,0.000000,0.000000
413000,0.000000,0.000000,0.000000
414000,0.000000,0.000000,0.000000
415000,0.000000,0.000000,0.000000
416000,0.000000,0.000000,0.000000
417000,0.000000,0.000000,0.000000
418000,0.000000,0.000000,0.000000
419000,0.000000,0.000000,0.000000
420000,0.000000,0.000000,0.000000
421000,0.000000,0.000000,0.000000
422000,0.000000,0.000000,0.000000
423000,0.000000,0.000000,0.000000
424000,0.000000,0.000000,0.000000
425000,0.000000,0.000000,0.000000
426000,0.000000,0.000000,0.000000
427000,0.000000,0.000000,0.000000
428000,0.000000,0.000000,0.000000
429000,0.000000,0.000000,0.000000
430000,0.000000,0.000000,0.000000
431000,0.000000,0.000000,0.000000
432000,0.000000,0.000000,0.000000
433000,0.000000,0.000000,0.000000
434000,0.000000,0.000000,0.000000
435000,0.000000,0.000000,0.000000
436000,0.000000,0.000000,0.000000
437000,0.000000,0.000000,0.000000
438000,0.000000,0.000000,0.000000
439000,0.000000,0.000000,0.000000
440000,0.000000,0.000000,0.000000
441000,0.000000,0.000000,0.000000
442000,0.000000,0.000000,0.000000
443000,0.000000,0.000000,0.000000
444000,0.000000,0.000000,0.000000
445000,0.000000,0.000000,0.000000
446000,0.000000,0.000000,0.000000
447000,0.000000,0.000000,0.000000
448000,0.000000,0.000000,0.000000
449000,0.000000,0.000000,0.000000
450000,0.000000,0.000000,0.000000
451000,0.000000,0.000000,0.000000
452000,0.000000,0.000000,0.000000
453000,0.000000,0.000000,0.000000
454000,0.000000,0.000000,0.000000
455000,0.000000,0.000000,0.000000
456000,0.000000,0.000000,0.000000
457000,0.000000,0.000000,0.000000
458000,0.000000,0.000000,0.000000
459000,0.000000,0.000000,0.000000
460000,0.000000,0.000000,0.000000
461000,0.000000,0.000000,0.000000
462000,0.000000,0.000000,0.000000
463000,0.000000,0.000000,0.000000
464000,0.000000,0.000000,0.000000
465000,0.000000,0.000000,0.000000
466000,0.000000,0.000000,0.000000
467000,0.000000,0.000000,0.000000
468000,0.000000,0.000000,0.000000
469000,0.000000,0.000000,0.000000
470000,0.000000,0.000000,0.000000
471000,0.000000,0.000000,0.000000
472000,0.000000,0.000000,0.000000
473000,0.000000,0.000000,0.000000
474000,0.000000,0.000000,0.000000
475000,0.000000,0.000000,0.000000
476000,0.000000,0.000000,0.000000
477000,0.000000,0.000000,0.000000
478000,0.000000,0.000000,0.000000
479000,0.000000,0.000000,0.000000
480000,0.000000,0.000000,0.000000
481000,0.000000,0.000000,0.000000
482000,0.000000,0.000000,0.000000
483000,0.000000,0.000000,0.000000
484000,0.000000,0.000000,0.000000
485000,0.000000,0.000000,0.000000
486000,0.000000,0.000000,0.000000
487000,0.000000,0.000000,0.000000
488000,0.000000,0.000000,0.000000
489000,0.000000,0.000000,0.000000
490000,0.000000,0.000000,0.000000
491000,0.000000,0.000000,0.000000
492000,0.000000,0.000000,0.000000
493000,0.000000,0.000000,0.000000
494000,0.000000,0.000000,0.000000
495000,0.000000,0.000000,0.000000
496000,0.000000,0.000000,0.000000
497000,0.000000,0.000000,0.000000
498000,0.000000,0.000000,0.000000
499000,0.000000,0.000000,0.000000
500000,0.000000,0.000000,0.000000
501000,0.000000,0.000000,0.000000
502000,0.000000,0.000000,0.000000
503000,0.000000,0.000000,0.000000
504000,0.000000,0.000000,0.000000
505000,0.000000,0.000000,0.000000
506000,0.000000,0.000000,0.000000
507000,0.000000,0.000000,0.000000
508000,0.000000,0.000000,0.000000
509000,0.000000,0.000000,0.000000
510000,0.000000,0.000000,0.000000
511000,0.000000,0.000000,0.000000
512000,0.000000,0.000000,0.000000
513000,0.000000,0.000000,0.000000
514000,0.000000,0.000000,0.000000
515000,0.000000,0.000000,0.000000
516000,0.000000,0.000000,0.000000
517000,0.000000,0.000000,0.000000
518000,0.000000,0.000000,0.000000
519000,0.000000,0.000000,0.000000
520000,0.000000,0.000000,0.000000
521000,0.000000,0.000000,0.000000
522000,0.000000,0.000000,0.000000
523000,0.000000,0.000000,0.000000
524000,0.000000,0.000000,0.000000
525000,0.000000,0.000000,0.000000
526000,0.000000,0.000000,0.000000
527000,0.000000,0.000000,0.000000
528000,0.000000,0.000000,0.000000
529000,0.000000,0.000000,0.000000
530000,0.000000,0.000000,0.000000
531000,0.000000,0.000000,0.000000
532000,0.000000,0.000000,0.000000
533000,0.000000,0.000000,0.000000
534000,0.000000,0.000000,0.000000
535000,0.000000,0.000000,0.000000
536000,0.000000,0.000000,0.000000
537000,0.000000,0.000000,0.000000
538000,0.000000,0.000000,0.000000
539000,0.000000,0.000000,0.000000
540000,0.000000,0.000000,0.000000
541000,0.000000,0.000000,0.000000
542000,0.000000,0.000000,0.000000
543000,0.000000,0.000000,0.000000
544000,0.000000,0.000000,0.000000
545000,0.000000,0.000000,0.000000
546000,0.000000,0.000000,0.000000
547000,0.000000,0.000000,0.000000
548000,0.000000,0.000000,0.000000
549000,0.000000,0.000000,0.000000
550000,0.000000,0.000000,0.000000
551000,0.000000,0.000000,0.000000
552000,0.000000,0.000000,0.000000
553000,0.000000,0.000000,0.000000
554000,0.000000,0.000000,0.000000
555000,0.000000,0.000000,0.000000
556000,0.000000,0.000000,0.000000
557000,0.000000,0.000000,0.000000
558000,0.000000,0.000000,0.000000
559000,0.000000,0.000000,0.000000
560000,0.000000,0.000000,0.000000
561000,0.000000,0.000000,0.000000
562000,0.000000,0.000000,0.000000
563000,0.000000,0.000000,0.000000
564000,0.000000,0.000000,0.000000
565000,0.000000,0.000000,0.000000
566000,0.000000,0.000000,0.000000
567000,0.000000,0.000000,0.000000
568000,0.000000,0.000000,0.000000
569000,0.000000,0.000000,0.000000
570000,0.000000,0.000000,0.000000
571000,0.000000,0.000000,0.000000
572000,0.000000,0.000000,0.000000
573000,0.000000,0.000000,0.000000
574000,0.000000,0.000000,0.000000
575000,0.000000,0.000000,0.000000
576000,0.000000,0.000000,0.000000
577000,0.000000,0.000000,0.000000
578000,0.000000,0.000000,0.000000
579000,0.000000,0.000000,0.000000
580000,0.000000,0.000000,0.000000
581000,0.000000,0.000000,0.000000
582000,0.000000,0.000000,0.000000
583000,0.000000,0.000000,0.000000
584000,0.000000,0.000000,0.000000
585000,0.000000,0.000000,0.000000
586000,0.000000,0.000000,0.000000
587000,0.000000,0.000000,0.000000
588000,0.000000,0.000000,0.000000
589000,0.000000,0.000000,0.000000
590000,0.000000,0.000000,0.000000
591000,0.000000,0.000000,0.000000
592000,0.000000,0.000000,0.000000
593000,0.000000,0.000000,0.000000
594000,0.000000,0.000000,0.000000
595000,0.000000,0.000000,0.000000
596000,0.000000,0.000000,0.000000
597000,0.000000,0.000000,0.000000
598000,0.000000,0.000000,0.000000
599000,0.000000,0.000000,0.000000
600000,0.000000,0.000000,0.000000
601000,0.000000,0.000000,0.000000
602000,0.000000,0.000000,0.000000
603000,0.000000,0.000000,0.000000
604000,0.000000,0.000000,0.000000
605000,0.000000,0.000000,0.000000
606000,0.000000,0.000000,0.000000
607000,0.000000,0.000000,0.000000
608000,0.000000,0.000000,0.000000
609000,0.000000,0.000000,0.000000
610000,0.000000,0.000000,0.000000
611000,0.000000,0.000000,0.000000
612000,0.000000,0.000000,0.000000
613000,0.000000,0.000000,0.000000
614000,0.000000,0.000000,0.000000
615000,0.000000,0.000000,0.000000
616000,0.000000,0.000000,0.000000
617000,0.000000,0.000000,0.000000
618000,0.000000,0.000000,0.000000
619000,0.000000,0.000000,0.000000
620000,0.000000,0.000000,0.000000
621000,0.000000,0.000000,0.000000
622000,0.000000,0.000000,0.000000
623000,0.000000,0.000000,0.000000
624000,0.000000,0.000000,0.000000
625000,0.000000,0.000000,0.000000
626000,0.000000,0.000000,0.000000
627000,0.000000,0.000000,0.000000
628000,0.000000,0.000000,0.000000
629000,0.000000,0.000000,0.000000
630000,0.000000,0.000000,0.000000
631000,0.000000,0.000000,0.000000
632000,0.000000,0.000000,0.000000
633000,0.000000,0.000000,0.000000
634000,0.000000,0.000000,0.000000
635000,0.000000,0.000000,0.000000
636000,0.000000,0.000000,0.000000
637000,0.000000,0.000000,0.000000
638000,0.000000,0.000000,0.000000
639000,0.000000,0.000000,0.000000
640000,0.000000,0.000000,0.000000
641000,0.000000,0.000000,0.000000
642000,0.000000,0.000000,0.000000
643000,0.000000,0.000000,0.000000
644000,0.000000,0.000000,0.000000
645000,0.000000,0.000000,0.000000
646000,0.000000,0.000000,0.000000
647000,0.000000,0.000000,0.000000
648000,0.000000,0.000000,0.000000
649000,0.000000,0.000000,0.000000
650000,0.000000,0.000000,0.000000
651000,0.000000,0.000000,0.000000
652000,0.000000,0.000000,0.000000
653000,0.000000,0.000000,0.000000
654000,0.000000,0.000000,0.000000
655000,0.000000,0.000000,0.000000
656000,0.000000,0.000000,0.000000
657000,0.000000,0.000000,0.000000
658000,0.000000,0.000000,0.000000
659000,0.000000,0.000000,0.000000
660000,0.000000,0.000000,0.000000
661000,0.000000,0.000000,0.000000
662000,0.000000,0.000000,0.000000
663000,0.000000,0.000000,0.000000
664000,0.000000,0.000000,0.000000
665000,0.000000,0.000000,0.000000
666000,0.000000,0.000000,0.000000
667000,0.000000,0.000000,0.000000
668000,0.000000,0.000000,0.000000
669000,0.000000,0.000000,0.000000
670000,0.000000,0.000000,0.000000
671000,0.000000,0.000000,0.000000
672000,0.000000,0.000000,0.000000
673000,0.000000,0.000000,0.000000
674000,0.000000,0.000000,0.000000
675000,0.000000,0.000000,0.000000
676000,0.000000,0.000000,0.000000
677000,0.000000,0.000000,0.000000
678000,0.000000,0.000000,0.000000
679000,0.000000,0.000000,0.000000
680000,0.000000,0.000000,0.000000
681000,0.000000,0.000000,0.000000
682000,0.000000,0.000000,0.000000
683000,0.000000,0.000000,0.000000
684000,0.000000,0.000000,0.000000
685000,0.000000,0.000000,0.000000
686000,0.000000,0.000000,0.000000
687000,0.000000,0.000000,0.000000
688000,0.000000,0.000000,0.000000
689000,0.000000,0.000000,0.000000
690000,0.000000,0.000000,0.000000
691000,0.000000,0.000000,0.000000
692000,0.000000,0.000000,0.000000
693000,0.000000,0.000000,0.000000
694000,0.000000,0.000000,0.000000
695000,0.000000,0.000000,0.000000
696000,0.000000,0.000000,0.000000
697000,0.000000,0.000000,0.000000
698000,0.000000,0.000000,0.000000
699000,0.000000,0.000000,0.000000
700000,0.000000,0.000000,0.000000
701000,0.000000,0.000000,0.000000
702000,0.000000,0.000000,0.000000
703000,0.000000,0.000000,0.000000
704000,0.000000,0.000000,0.000000
705000,0.000000,0.000000,0.000000
706000,0.000000,0.000000,0.000000
707000,0.000000,0.000000,0.000000
708000,0.000000,0.000000,0.000000
709000,0.000000,0.000000,0.000000
710000,0.000000,0.000000,0.000000
711000,0.000000,0.000000,0.000000
712000,0.000000,0.000000,0.000000
713000,0.000000,0.000000,0.000000
714000,0.000000,0.000000,0.000000
715000,0.000000,0.000000,0.000000
716000,0.000000,0.000000,0.000000
717000,0.000000,0.000000,0.000000
718000,0.000000,0.000000,0.000000
719000,0.000000,0.000000,0.000000
720000,0.000000,0.000000,0.000000
721000,0.000000,0.000000,0.000000
722000,0.000000,0.000000,0.000000
723000,0.000000,0.000000,0.000000
724000,0.000000,0.000000,0.000000
725000,0.000000,0.000000,0.000000
726000,0.000000,0.000000,0.000000
727000,0.000000,0.000000,0.000000
728000,0.000000,0.000000,0.000000
729000,0.000000,0.000000,0.000000
730000,0.000000,0.000000,0.000000
731000,0.000000,0.000000,0.000000
732000,0.000000,0.000000,0.000000
733000,0.000000,0.000000,0.000000
734000,0.000000,0.000000,0.000000
735000,0.000000,0.000000,0.000000
736000,0.000000,0.000000,0.000000
737000,0.000000,0.000000,0.000000
738000,0.000000,0.000000,0.000000
739000,0.000000,0.000000,0.000000
740000,0.000000,0.000000,0.000000
741000,0.000000,0.000000,0.000000
742000,0.000000,0.000000,0.000000
743000,0.000000,0.000000,0.000000
744000,0.000000,0.000000,0.000000
745000,0.000000,0.000000,0.000000
746000,0.000000,0.000000,0.000000
747000,0.000000,0.000000,0.000000
748000,0.000000,0.000000,0.000000
749000,0.000000,0.000000,0.000000
750000,0.000000,0.000000,0.000000
751000,0.000000,0.000000,0.000000
752000,0.000000,0.000000,0.000000
753000,0.000000,0.000000,0.000000
754000,0.000000,0.000000,0.000000
755000,0.000000,0.000000,0.000000
756000,0.000000,0.000000,0.000000
757000,0.000000,0.000000,0.000000
758000,0.000000,0.000000,0.000000
759000,0.000000,0.000000,0.000000
760000,0.000000,0.000000,0.000000
761000,0.000000,0.000000,0.000000
762000,0.000000,0.000000,0.000000
763000,0.000000,0.000000,0.000000
764000,0.000000,0.000000,0.000000
765000,0.000000,0.000000,0.000000
766000,0.000000,0.000000,0.000000
767000,0.000000,0.000000,0.000000
768000,0.000000,0.000000,0.000000
769000,0.000000,0.000000,0.000000
770000,0.000000,0.000000,0.000000
771000,0.000000,0.000000,0.000000
772000,0.000000,0.000000,0.000000
773000,0.000000,0.000000,0.000000
774000,0.000000,0.000000,0.000000
775000,0.000000,0.000000,0.000000
776000,0.000000,0.000000,0.000000
777000,0.000000,0.000000,0.000000
778000,0.000000,0.000000,0.000000
779000,0.000000,0.000000,0.000000
780000,0.000000,0.000000,0.000000
781000,0.000000,0.000000,0.000000
782000,0.000000,0.000000,0.000000
783000,0.000000,0.000000,0.000000
784000,0.000000,0.000000,0.000000
785000,0.000000,0.000000,0.000000
786000,0.000000,0.000000,0.000000
787000,0.000000,0.000000,0.000000
788000,0.000000,0.000000,0.000000
789000,0.000000,0.000000,0.000000
790000,0.000000,0.000000,0.000000
791000,0.000000,0.000000,0.000000
792000,0.000000,0.000000,0.000000
793000,0.000000,0.000000,0.000000
794000,0.000000,0.000000,0.000000
795000,0.000000,0.000000,0.000000
796000,0.000000,0.000000,0.000000
797000,0.000000,0.000000,0.000000
798000,0.000000,0.000000,0.000000
799000,0.000000,0.000000,0.000000
800000,0.000000,0.000000,0.000000
801000,0.000000,0.000000,0.000000
802000,0.000000,0.000000,0.000000
803000,0.000000,0.000000,0.000000
804000,0.000000,0.000000,0.000000
805000,0.000000,0.000000,0.000000
806000,0.000000,0.000000,0.000000
807000,0.000000,0.000000,0.000000
808000,0.000000,0.000000,0.000000
809000,0.000000,0.000000,0.000000
810000,0.000000,0.000000,0.000000
811000,0.000000,0.000000,0.000000
812000,0.000000,0.000000,0.000000
813000,0.000000,0.000000,0.000000
814000,0.000000,0.000000,0.000000
815000,0.000000,0.000000,0.000000
816000,0.000000,0.000000,0.000000
817000,0.000000,0.000000,0.000000
818000,0.000000,0.000000,0.000000
819000,0.000000,0.000000,0.000000
820000,0.000000,0.000000,0.000000
821000,0.000000,0.000000,0.000000
822000,0.000000,0.000000,0.000000
823000,0.000000,0.000000,0.000000
824000,0.000000,0.000000,0.000000
825000,0.000000,0.000000,0.000000
826000,0.000000,0.000000,0.000000
827000,0.000000,0.000000,0.000000
828000,0.000000,0.000000,0.000000
829000,0.000000,0.000000,0.000000
830000,0.000000,0.000000,0.000000
831000,0.000000,0.000000,0.000000
832000,0.000000,0.000000,0.000000
833000,0.000000,0.000000,0.000000
834000,0.000000,0.000000,0.000000
835000,0.000000,0.000000,0.000000
836000,0.000000,0.000000,0.000000
837000,0.000000,0.000000,0.000000
838000,0.000000,0.000000,0.000000
839000,0.000000,0.000000,0.000000
840000,0.000000,0.000000,0.000000
841000,0.000000,0.000000,0.000000
842000,0.000000,0.000000,0.000000
843000,0.000000,0.000000,0.000000
844000,0.000000,0.000000,0.000000
845000,0.000000,0.000000,0.000000
846000,0.000000,0.000000,0.000000
847000,0.000000,0.000000,0.000000
848000,0.000000,0.000000,0.000000
849000,0.000000,0.000000,0.000000
850000,0.000000,0.000000,0.000000
851000,0.000000,0.000000,0.000000
852000,0.000000,0.000000,0.000000
853000,0.000000,0.000000,0.000000
854000,0.000000,0.000000,0.000000
855000,0.000000,0.000000,0.000000
856000,0.000000,0.000000,0.000000
857000,0.000000,0.000000,0.000000
858000,0.000000,0.000000,0.000000
859000,0.000000,0.000000,0.000000
860000,0.000000,0.000000,0.000000
861000,0.000000,0.000000,0.000000
862000,0.000000,0.000000,0.000000
863000,0.000000,0.000000,0.000000
864000,0.000000,0.000000,0.000000
865000,0.000000,0.000000,0.000000
866000,0.000000,0.000000,0.000000
867000,0.000000,0.000000,0.000000
868000,0.000000,0.000000,0.000000
869000,0.000000,0.000000,0.000000
870000,0.000000,0.000000,0.000000
871000,0.000000,0.000000,0.000000
872000,0.000000,0.000000,0.000000
873000,0.000000,0.000000,0.000000
874000,0.000000,0.000000,0.000000
875000,0.000000,0.000000,0.000000
876000,0.000000,0.000000,0.000000
877000,0.000000,0.000000,0.000000
878000,0.000000,0.000000,0.000000
879000,0.000000,0.000000,0.000000
880000,0.000000,0.000000,0.000000
881000,0.000000,0.000000,0.000000
882000,0.000000,0.000000,0.000000
883000,0.000000,0.000000,0.000000
884000,0.000000,0.000000,0.000000
885000,0.000000,0.000000,0.000000
886000,0.000000,0.000000,0.000000
887000,0.000000,0.000000,0.000000
888000,0.000000,0.000000,0.000000
889000,0.000000,0.000000,0.000000
890000,0.000000,0.000000,0.000000
891000,0.000000,0.000000,0.000000
892000,0.000000,0.000000,0.000000
893000,0.000000,0.000000,0.000000
894000,0.000000,0.000000,0.000000
895000,0.000000,0.000000,0.000000
896000,0.000000,0.000000,0.000000
897000,0.000000,0.000000,0.000000
898000,0.000000,0.000000,0.000000
899000,0.000000,0.000000,0.000000
900000,0.000000,0.000000,0.000000
901000,0.000000,0.000000,0.000000
902000,0.000000,0.000000,0.000000
903000,0.000000,0.000000,0.000000
904000,0.000000,0.000000,0.000000
905000,0.000000,0.000000,0.000000
906000,0.000000,0.000000,0.000000
907000,0.000000,0.000000,0.000000
908000,0.000000,0.000000,0.000000
909000,0.000000,0.000000,0.000000
910000,0.000000,0.000000,0.000000
911000,0.000000,0.000000,0.000000
912000,0.000000,0.000000,0.000000
913000,0.000000,0.000000,0.000000
914000,0.000000,0.000000,0.000000
915000,0.000000,0.000000,0.000000
916000,0.000000,0.000000,0.000000
917000,0.000000,0.000000,0.000000
918000,0.000000,0.000000,0.000000
919000,0.000000,0.000000,0.000000
920000,0.000000,0.000000,0.000000
921000,0.000000,0.000000,0.000000
922000,0.000000,0.000000,0.000000
923000,0.000000,0.000000,0.000000
924000,0.000000,0.000000,0.000000
925000,0.000000,0.000000,0.000000
926000,0.000000,0.000000,0.000000
927000,0.000000,0.000000,0.000000
928000,0.000000,0.000000,0.000000
929000,0.000000,0.000000,0.000000
930000,0.000000,0.000000,0.000000
931000,0.000000,0.000000,0.000000
932000,0.000000,0.000000,0.000000
933000,0.000000,0.000000,0.000000
934000,0.000000,0.000000,0.000000
935000,0.000000,0.000000,0.000000
936000,0.000000,0.000000,0.000000
937000,0.000000,0.000000,0.000000
938000,0.000000,0.000000,0.000000
939000,0.000000,0.000000,0.000000
940000,0.000000,0.000000,0.000000
941000,0.000000,0.000000,0.000000
942000,0.000000,0.000000,0.000000
943000,0.000000,0.000000,0.000000
944000,0.000000,0.000000,0.000000
945000,0.000000,0.000000,0.000000
946000,0.000000,0.000000,0.000000
947000,0.000000,0.000000,0.000000
948000,0.000000,0.000000,0.000000
949000,0.000000,0.000000,0.000000
950000,0.000000,0.000000,0.000000
951000,0.000000,0.000000,0.000000
952000,0.000000,0.000000,0.000000
953000,0.000000,0.000000,0.000000
954000,0.000000,0.000000,0.000000
955000,0.000000,0.000000,0.000000
956000,0.000000,0.000000,0.000000
957000,0.000000,0.000000,0.000000
958000,0.000000,0.000000,0.000000
959000,0.000000,0.000000,0.000000
960000,0.000000,0.000000,0.000000
961000,0.000000,0.000000,0.000000
962000,0.000000,0.000000,0.000000
963000,0.000000,0.000000,0.000000
964000,0.000000,0.000000,0.000000
965000,0.000000,0.000000,0.000000
966000,0.000000,0.000000,0.000000
967000,0.000000,0.000000,0.000000
968000,0.000000,0.000000,0.000000
969000,0.000000,0.000000,0.000000
970000,0.000000,0.000000,0.000000
971000,0.000000,0.000000,0.000000
972000,0.000000,0.000000,0.000000
973000,0.000000,0.000000,0.000000
974000,0.000000,0.000000,0.000000
975000,0.000000,0.000000,0.000000
976000,0.000000,0.000000,0.000000
977000,0.000000,0.000000,0.000000
978000,0.000000,0.000000,0.000000
979000,0.000000,0.000000,0.000000
980000,0.000000,0.000000,0.000000
981000,0.000000,0.000000,0.000000
982000,0.000000,0.000000,0.000000
983000,0.000000,0.000000,0.000000
984000,0.000000,0.000000,0.000000
985000,0.000000,0.000000,0.000000
986000,0.000000,0.000000,0.000000
987000,0.000000,0.000000,0.000000
988000,0.000000,0.000000,0.000000
989000,0.000000,0.000000,0.000000
990000,0.000000,0.000000,0.000000
991000,0.000000,0.000000,0.000000
992000,0.000000,0.000000,0.000000
993000,0.000000,0.000000,0.000000
994000,0.000000,0.000000,0.000000
995000,0.000000,0.000000,0.000000
996000,0.000000,0.000000,0.000000
997000,0.000000,0.000000,0.000000
998000,0.000000,0.000000,0.000000
999000,0.000000,0.000000,0.000000
1000000,0.000000,0.000000,0.000000
1001000,0.000000,0.000000,0.000000
1002000,0.000000,0.000000,0.000000
1003000,0.000000,0.000000,0.000000
1004000,0.000000,0.000000,0.000000
1005000,0.000000,0.000000,0.000000
1006000,0.000000,0.000000,0.000000
1007000,0.000000,0.000000,0.000000
1008000,0.000000,0.000000,0.000000
1009000,0.000000,0.000000,0.000000
1010000,0.000000,0.000000,0.000000
1011000,0.000000,0.000000,0.000000
1012000,0.000000,0.000000,0.000000
1013000,0.000000,0.000000,0.000000
1014000,0.000000,0.000000,0.000000
1015000,0.000000,0.000000,0.000000
1016000,0.000000,0.000000,0.000000
1017000,0.000000,0.000000,0.000000
1018000,0.000000,0.000000,0.000000
1019000,0.000000,0.000000,0.000000
1020000,0.000000,0.000000,0.000000
1021000,0.000000,0.000000,0.000000
1022000,0.000000,0.000000,0.000000
1023000,0.000000,0.000000,0.000000
1024000,0.000000,0.000000,0.000000
1025000,0.000000,0.000000,0.000000
1026000,0.000000,0.000000,0.000000
1027000,0.000000,0.000000,0.000000
1028000,0.000000,0.000000,0.000000
1029000,0.000000,0.000000,0.000000
1030000,0.000000,0.000000,0.000000
1031000,0.000000,0.000000,0.000000
1032000,0.000000,0.000000,0.000000
1033000,0.000000,0.000000,0.000000
1034000,0.000000,0.000000,0.000000
1035000,0.000000,0.000000,0.000000
1036000,0.000000,0.000000,0.000000
1037000,0.000000,0.000000,0.000000
1038000,0.000000,0.000000,0.000000
1039000,0.000000,0.000000,0.000000
1040000,0.000000,0.000000,0.000000
1041000,0.000000,0.000000,0.000000
1042000,0.000000,0.000000,0.000000
1043000,0.000000,0.000000,0.000000
1044000,0.000000,0.000000,0.000000
1045000,0.000000,0.000000,0.000000
1046000,0.000000,0.000000,0.000000
1047000,0.000000,0.000000,0.000000
1048000,0.000000,0.000000,0.000000
1049000,0.000000,0.000000,0.000000
1050000,0.000000,0.000000,0.000000
1051000,0.000000,0.000000,0.000000
1052000,0.000000,0.000000,0.000000
1053000,0.000000,0.000000,0.000000
1054000,0.000000,0.000000,0.000000
1055000,0.000000,0.000000,0.000000
1056000,0.000000,0.000000,0.000000
1057000,0.000000,0.000000,0.000000
1058000,0.000000,0.000000,0.000000
1059000,0.000000,0.000000,0.000000
1060000,0.000000,0.000000,0.000000
1061000,0.000000,0.000000,0.000000
1062000,0.000000,0.000000,0.000000
1063000,0.000000,0.000000,0.000000
1064000,0.000000,0.000000,0.000000
1065000,0.000000,0.000000,0.000000
1066000,0.000000,0.000000,0.000000
1067000,0.000000,0.000000,0.000000
1068000,0.000000,0.000000,0.000000
1069000,0.000000,0.000000,0.000000
1070000,0.000000,0.000000,0.000000
1071000,0.000000,0.000000,0.000000
1072000,0.000000,0.000000,0.000000
1073000,0.000000,0.000000,0.000000
1074000,0.000000,0.000000,0.000000
1075000,0.000000,0.000000,0.000000
1076000,0.000000,0.000000,0.000000
1077000,0.000000,0.000000,0.000000
1078000,0.000000,0.000000,0.000000
1079000,0.000000,0.000000,0.000000
1080000,0.000000,0.000000,0.000000
1081000,0.000000,0.000000,0.000000
1082000,0.000000,0.000000,0.000000
1083000,0.000000,0.000000,0.000000
1084000,0.000000,0.000000,0.000000
1085000,0.000000,0.000000,0.000000
1086000,0.000000,0.000000,0.000000
1087000,0.000000,0.000000,0.000000
1088000,0.000000,0.000000,0.000000
1089000,0.000000,0.000000,0.000000
1090000,0.000000,0.000000,0.000000
1091000,0.000000,0.000000,0.000000
1092000,0.000000,0.000000,0.000000
1093000,0.000000,0.000000,0.000000
1094000,0.000000,0.000000,0.000000
1095000,0.000000,0.000000,0.000000
1096000,0.000000,0.000000,0.000000
1097000,0.000000,0.000000,0.000000
1098000,0.000000,0.000000,0.000000
1099000,0.000000,0.000000,0.000000
1100000,0.000000,0.000000,0.000000
1101000,0.000000,0.000000,0.000000
1102000,0.000000,0.000000,0.000000
1103000,0.000000,0.000000,0.000000
1104000,0.000000,0.000000,0.000000
1105000,0.000000,0.000000,0.000000
1106000,0.000000,0.000000,0.000000
1107000,0.000000,0.000000,0.000000
1108000,0.000000,0.000000,0.000000
1109000,0.000000,0.000000,0.000000
1110000,0.000000,0.000000,0.000000
1111000,0.000000,0.000000,0.000000
1112000,0.000000,0.000000,0.000000
1113000,0.000000,0.000000,0.000000
1114000,0.000000,0.000000,0.000000
1115000,0.000000,0.000000,0.000000
1116000,0.000000,0.000000,0.000000
1117000,0.000000,0.000000,0.000000
1118000,0.000000,0.000000,0.000000
1119000,0.000000,0.000000,0.000000
1120000,0.000000,0.000000,0.000000
1121000,0.000000,0.000000,0.000000
1122000,0.000000,0.000000,0.000000
1123000,0.000000,0.000000,0.000000
1124000,0.000000,0.000000,0.000000
1125000,0.000000,0.000000,0.000000
1126000,0.000000,0.000000,0.000000
1127000,0.000000,0.000000,0.000000
1128000,0.000000,0.000000,0.000000
1129000,0.000000,0.000000,0.000000
1130000,0.000000,0.000000,0.000000
1131000,0.000000,0.000000,0.000000
1132000,0.000000,0.000000,0.000000
1133000,0.000000,0.000000,0.000000
1134000,0.000000,0.000000,0.000000
1135000,0.000000,0.000000,0.000000
1136000,0.000000,0.000000,0.000000
1137000,0.000000,0.000000,0.000000
1138000,0.000000,0.000000,0.000000
1139000,0.000000,0.000000,0.000000
1140000,0.000000,0.000000,0.000000
1141000,0.000000,0.000000,0.000000
1142000,0.000000,0.000000,0.000000
1143000,0.000000,0.000000,0.000000
1144000,0.000000,0.000000,0.000000
1145000,0.000000,0.000000,0.000000
1146000,0.000000,0.000000,0.000000
1147000,0.000000,0.000000,0.000000
1148000,0.000000,0.000000,0.000000
1149000,0.000000,0.000000,0.000000
1150000,0.000000,0.000000,0.000000
1151000,0.000000,0.000000,0.000000
1152000,0.000000,0.000000,0.000000
1153000,0.000000,0.000000,0.000000
1154000,0.000000,0.000000,0.000000
1155000,0.000000,0.000000,0.000000
1156000,0.000000,0.000000,0.000000
1157000,0.000000,0.000000,0.000000
1158000,0.000000,0.000000,0.000000
1159000,0.000000,0.000000,0.000000
1160000,0.000000,0.000000,0.000000
1161000,0.000000,0.000000,0.000000
1162000,0.000000,0.000000,0.000000
1163000,0.000000,0.000000,0.000000
1164000,0.000000,0.000000,0.000000
1165000,0.000000,0.000000,0.000000
1166000,0.000000,0.000000,0.000000
1167000,0.000000,0.000000,0.000000
1168000,0.000000,0.000000,0.000000
1169000,0.000000,0.000000,0.000000
1170000,0.000000,0.000000,0.000000
1171000,0.000000,0.000000,0.000000
1172000,0.000000,0.000000,0.000000
1173000,0.000000,0.000000,0.000000
1174000,0.000000,0.000000,0.000000
1175000,0.000000,0.000000,0.000000
1176000,0.000000,0.000000,0.000000
1177000,0.000000,0.000000,0.000000
1178000,0.000000,0.000000,0.000000
1179000,0.000000,0.000000,0.000000
1180000,0.000000,0.000000,0.000000
1181000,0.000000,0.000000,0.000000
1182000,0.000000,0.000000,0.000000
1183000,0.000000,0.000000,0.000000
1184000,0.000000,0.000000,0.000000
1185000,0.000000,0.000000,0.000000
1186000,0.000000,0.000000,0.000000
1187000,0.000000,0.000000,0.000000
1188000,0.000000,0.000000,0.000000
1189000,0.000000,0.000000,0.000000
1190000,0.000000,0.000000,0.000000
1191000,0.000000,0.000000,0.000000
1192000,0.000000,0.000000,0.000000
1193000,0.000000,0.000000,0.000000
1194000,0.000000,0.000000,0.000000
1195000,0.000000,0.000000,0.000000
1196000,0.000000,0.000000,0.000000
1197000,0.000000,0.000000,0.000000
1198000,0.000000,0.000000,0.000000
1199000,0.000000,0.000000,0.000000
1200000,0.000000,0.000000,0.000000
1201000,0.000000,0.000000,0.000000
1202000,0.000000,0.000000,0.000000
1203000,0.000000,0.000000,0.000000
1204000,0.000000,0.000000,0.000000
1205000,0.000000,0.000000,0.000000
1206000,0.000000,0.000000,0.000000
1207000,0.000000,0.000000,0.000000
1208000,0.000000,0.000000,0.000000
1209000,0.000000,0.000000,0.000000
1210000,0.000000,0.000000,0.000000
1211000,0.000000,0.000000,0.000000
1212000,0.000000,0.000000,0.000000
1213000,0.000000,0.000000,0.000000
1214000,0.000000,0.000000,0.000000
1215000,0.000000,0.000000,0.000000
1216000,0.000000,0.000000,0.000000
1217000,0.000000,0.000000,0.000000
1218000,0.000000,0.000000,0.000000
1219000,0.000000,0.000000,0.000000
1220000,0.000000,0.000000,0.000000
1221000,0.000000,0.000000,0.000000
1222000,0.000000,0.000000,0.000000
1223000,0.000000,0.000000,0.000000
1224000,0.000000,0.000000,0.000000
1225000,0.000000,0.000000,0.000000
1226000,0.000000,0.000000,0.000000
1227000,0.000000,0.000000,0.000000
1228000,0.000000,0.000000,0.000000
1229000,0.000000,0.000000,0.000000
1230000,0.000000,0.000000,0.000000
1231000,0.000000,0.000000,0.000000
1232000,0.000000,0.000000,0.000000
1233000,0.000000,0.000000,0.000000
1234000,0.000000,0.000000,0.000000
1235000,0.000000,0.000000,0.000000
1236000,0.000000,0.000000,0.000000
1237000,0.000000,0.000000,0.000000
1238000,0.000000,0.000000,0.000000
1239000,0.000000,0.000000,0.000000
1240000,0.000000,0.000000,0.000000
1241000,0.000000,0.000000,0.000000
1242000,0.000000,0.000000,0.000000
1243000,0.000000,0.000000,0.000000
1244000,0.000000,0.000000,0.000000
1245000,0.000000,0.000000,0.000000
1246000,0.000000,0.000000,0.000000
1247000,0.000000,0.000000,0.000000
1248000,0.000000,0.000000,0.000000
1249000,0.000000,0.000000,0.000000
1250000,0.000000,0.000000,0.000000
1251000,0.000000,0.000000,0.000000
1252000,0.000000,0.000000,0.000000
1253000,0.000000,0.000000,0.000000
1254000,0.000000,0.000000,0.000000
1255000,0.000000,0.000000,0.000000
1256000,0.000000,0.000000,0.000000
1257000,0.000000,0.000000,0.000000
1258000,0.000000,0.000000,0.000000
1259000,0.000000,0.000000,0.000000
1260000,0.000000,0.000000,0.000000
1261000,0.000000,0.000000,0.000000
1262000,0.000000,0.000000,0.000000
1263000,0.000000,0.000000,0.000000
1264000,0.000000,0.000000,0.000000
1265000,0.000000,0.000000,0.000000
1266000,0.000000,0.000000,0.000000
1267000,0.000000,0.000000,0.000000
1268000,0.000000,0.000000,0.000000
1269000,0.000000,0.000000,0.000000
1270000,0.000000,0.000000,0.000000
1271000,0.000000,0.000000,0.000000
1272000,0.000000,0.000000,0.000000
1273000,0.000000,0.000000,0.000000
1274000,0.000000,0.000000,0.000000
1275000,0.000000,0.000000,0.000000
1276000,0.000000,0.000000,0.000000
1277000,0.000000,0.000000,0.000000
1278000,0.000000,0.000000,0.000000
1279000,0.000000,0.000000,0.000000
1280000,0.000000,0.000000,0.000000
1281000,0.000000,0.000000,0.000000
1282000,0.000000,0.000000,0.000000
1283000,0.000000,0.000000,0.000000
1284000,0.000000,0.000000,0.000000
1285000,0.000000,0.000000,0.000000
1286000,0.000000,0.000000,0.000000
1287000,0.000000,0.000000,0.000000
1288000,0.000000,0.000000,0.000000
1289000,0.000000,0.000000,0.000000
1290000,0.000000,0.000000,0.000000
1291000,0.000000,0.000000,0.000000
1292000,0.000000,0.000000,0.000000
1293000,0.000000,0.000000,0.000000
1294000,0.000000,0.000000,0.000000
1295000,0.000000,0.000000,0.000000
1296000,0.000000,0.000000,0.000000
1297000,0.000000,0.000000,0.000000
1298000,0.000000,0.000000,0.000000
1299000,0.000000,0.000000,0.000000
1300000,0.000000,0.000000,0.000000
1301000,0.000000,0.000000,0.000000
1302000,0.000000,0.000000,0.000000
1303000,0.000000,0.000000,0.000000
1304000,0.000000,0.000000,0.000000
1305000,0.000000,0.000000,0.000000
1306000,0.000000,0.000000,0.000000
1307000,0.000000,0.000000,0.000000
1308000,0.000000,0.000000,0.000000
1309000,0.000000,0.000000,0.000000
1310000,0.000000,0.000000,0.000000
1311000,0.000000,0.000000,0.000000
1312000,0.000000,0.000000,0.000000
1313000,0.000000,0.000000,0.000000
1314000,0.000000,0.000000,0.000000
1315000,0.000000,0.000000,0.000000
1316000,0.000000,0.000000,0.000000
1317000,0.000000,0.000000,0.000000
1318000,0.000000,0.000000,0.000000
1319000,0.000000,0.000000,0.000000
1320000,0.000000,0.000000,0.000000
1321000,0.000000,0.000000,0.000000
1322000,0.000000,0.000000,0.000000
1323000,0.000000,0.000000,0.000000
1324000,0.000000,0.000000,0.000000
1325000,0.000000,0.000000,0.000000
1326000,0.000000,0.000000,0.000000
1327000,0.000000,0.000000,0.000000
1328000,0.000000,0.000000,0.000000
1329000,0.000000,0.000000,0.000000
1330000,0.000000,0.000000,0.000000
1331000,0.000000,0.000000,0.000000
1332000,0.000000,0.000000,0.000000
1333000,0.000000,0.000000,0.000000
1334000,0.000000,0.000000,0.000000
1335000,0.000000,0.000000,0.000000
1336000,0.000000,0.000000,0.000000
1337000,0.000000,0.000000,0.000000
1338000,0.000000,0.000000,0.000000
1339000,0.000000,0.000000,0.000000
1340000,0.000000,0.000000,0.000000
1341000,0.000000,0.000000,0.000000
1342000,0.000000,0.000000,0.000000
1343000,0.000000,0.000000,0.000000
1344000,0.000000,0.000000,0.000000
1345000,0.000000,0.000000,0.000000
1346000,0.000000,0.000000,0.000000
1347000,0.000000,0.000000,0.000000
1348000,0.000000,0.000000,0.000000
1349000,0.000000,0.000000,0.000000
1350000,0.000000,0.000000,0.000000
1351000,0.000000,0.000000,0.000000
1352000,0.000000,0.000000,0.000000
1353000,0.000000,0.000000,0.000000
1354000,0.000000,0.000000,0.000000
1355000,0.000000,0.000000,0.000000
1356000,0.000000,0.000000,0.000000
1357000,0.000000,0.000000,0.000000
1358000,0.000000,0.000000,0.000000
1359000,0.000000,0.000000,0.000000
1360000,0.000000,0.000000,0.000000
1361000,0.000000,0.000000,0.000000
1362000,0.000000,0.000000,0.000000
1363000,0.000000,0.000000,0.000000
1364000,0.000000,0.000000,0.000000
1365000,0.000000,0.000000,0.000000
1366000,0.000000,0.000000,0.000000
1367000,0.000000,0.000000,0.000000
1368000,0.000000,0.000000,0.000000
1369000,0.000000,0.000000,0.000000
1370000,0.000000,0.000000,0.000000
1371000,0.000000,0.000000,0.000000
1372000,0.000000,0.000000,0.000000
1373000,0.000000,0.000000,0.000000
1374000,0.000000,0.000000,0.000000
1375000,0.000000,0.000000,0.000000
1376000,0.000000,0.000000,0.000000
1377000,0.000000,0.000000,0.000000
1378000,0.000000,0.000000,0.000000
1379000,0.000000,0.000000,0.000000
1380000,0.000000,0.000000,0.000000
1381000,0.000000,0.000000,0.000000
1382000,0.000000,0.000000,0.000000
1383000,0.000000,0.000000,0.000000
1384000,0.000000,0.000000,0.000000
1385000,0.000000,0.000000,0.000000
1386000,0.000000,0.000000,0.000000
1387000,0.000000,0.000000,0.000000
1388000,0.000000,0.000000,0.000000
1389000,0.000000,0.000000,0.000000
1390000,0.000000,0.000000,0.000000
1391000,0.000000,0.000000,0.000000
1392000,0.000000,0.000000,0.000000
1393000,0.000000,0.000000,0.000000
1394000,0.000000,0.000000,0.000000
1395000,0.000000,0.000000,0.000000
1396000,0.000000,0.000000,0.000000
1397000,0.000000,0.000000,0.000000
1398000,0.000000,0.000000,0.000000
1399000,0.000000,0.000000,0.000000
1400000,0.000000,0.000000,0.000000
1401000,0.000000,0.000000,0.000000
1402000,0.000000,0.000000,0.000000
1403000,0.000000,0.000000,0.000000
1404000,0.000000,0.000000,0.000000
1405000,0.000000,0.000000,0.000000
1406000,0.000000,0.000000,0.000000
1407000,0.000000,0.000000,0.000000
1408000,0.000000,0.000000,0.000000
1409000,0.000000,0.000000,0.000000
1410000,0.000000,0.000000,0.000000
1411000,0.000000,0.000000,0.000000
1412000,0.000000,0.000000,0.000000
1413000,0.000000,0.000000,0.000000
1414000,0.000000,0.000000,0.000000
1415000,0.000000,0.000000,0.000000
1416000,0.000000,0.000000,0.000000
1417000,0.000000,0.000000,0.000000
1418000,0.000000,0.000000,0.000000
1419000,0.000000,0.000000,0.000000
1420000,0.000000,0.000000,0.000000
1421000,0.000000,0.000000,0.000000
1422000,0.000000,0.000000,0.000000
1423000,0.000000,0.000000,0.000000
1424000,0.000000,0.000000,0.000000
1425000,0.000000,0.000000,0.000000
1426000,0.000000,0.000000,0.000000
1427000,0.000000,0.000000,0.000000
1428000,0.000000,0.000000,0.000000
1429000,0.000000,0.000000,0.000000
1430000,0.000000,0.000000,0.000000
1431000,0.000000,0.000000,0.000000
1432000,0.000000,0.000000,0.000000
1433000,0.000000,0.000000,0.000000
1434000,0.000000,0.000000,0.000000
1435000,0.000000,0.000000,0.000000
1436000,0.000000,0.000000,0.000000
1437000,0.000000,0.000000,0.000000
1438000,0.000000,0.000000,0.000000
1439000,0.000000,0.000000,0.000000
1440000,0.000000,0.000000,0.000000
1441000,0.000000,0.000000,0.000000
1442000,0.000000,0.000000,0.000000
1443000,0.000000,0.000000,0.000000
1444000,0.000000,0.000000,0.000000
1445000,0.000000,0.000000,0.000000
1446000,0.000000,0.000000,0.000000
1447000,0.000000,0.000000,0.000000
1448000,0.000000,0.000000,0.000000
1449000,0.000000,0.000000,0.000000
1450000,0.000000,0.000000,0.000000
1451000,0.000000,0.000000,0.000000
1452000,0.000000,0.000000,0.000000
1453000,0.000000,0.000000,0.000000
1454000,0.000000,0.000000,0.000000
1455000,0.000000,0.000000,0.000000
1456000,0.000000,0.000000,0.000000
1457000,0.000000,0.000000,0.000000
1458000,0.000000,0.000000,0.000000
1459000,0.000000,0.000000,0.000000
1460000,0.000000,0.000000,0.000000
1461000,0.000000,0.000000,0.000000
1462000,0.000000,0.000000,0.000000
1463000,0.000000,0.000000,0.000000
1464000,0.000000,0.000000,0.000000
1465000,0.000000,0.000000,0.000000
1466000,0.000000,0.000000,0.000000
1467000,0.000000,0.000000,0.000000
1468000,0.000000,0.000000,0.000000
1469000,0.000000,0.000000,0.000000
1470000,0.000000,0.000000,0.000000
1471000,0.000000,0.000000,0.000000
1472000,0.000000,0.000000,0.000000
1473000,0.000000,0.000000,0.000000
1474000,0.000000,0.000000,0.000000
1475000,0.000000,0.000000,0.000000
1476000,0.000000,0.000000,0.000000
1477000,0.000000,0.000000,0.000000
1478000,0.000000,0.000000,0.000000
1479000,0.000000,0.000000,0.000000
1480000,0.000000,0.000000,0.000000
1481000,0.000000,0.000000,0.000000
1482000,0.000000,0.000000,0.000000
1483000,0.000000,0.000000,0.000000
1484000,0.000000,0.000000,0.000000
1485000,0.000000,0.000000,0.000000
1486000,0.000000,0.000000,0.000000
1487000,0.000000,0.000000,0.000000
1488000,0.000000,0.000000,0.000000
1489000,0.000000,0.000000,0.000000
1490000,0.000000,0.000000,0.000000
1491000,0.000000,0.000000,0.000000
1492000,0.000000,0.000000,0.000000
1493000,0.000000,0.000000,0.000000
1494000,0.000000,0.000000,0.000000
1495000,0.000000,0.000000,0.000000
1496000,0.000000,0.000000,0.000000
1497000,0.000000,0.000000,0.000000
1498000,0.000000,0.000000,0.000000
1499000,0.000000,0.000000,0.000000
1500000,0.000000,0.000000,0.000000
1501000,0.000000,0.000000,0.000000
1502000,0.000000,0.000000,0.000000
1503000,0.000000,0.000000,0.000000
1504000,0.000000,0.000000,0.000000
1505000,0.000000,0.000000,0.000000
1506000,0.000000,0.000000,0.000000
1507000,0.000000,0.000000,0.000000
1508000,0.000000,0.000000,0.000000
1509000,0.000000,0.000000,0.000000
1510000,0.000000,0.000000,0.000000
1511000,0.000000,0.000000,0.000000
1512000,0.000000,0.000000,0.000000
1513000,0.000000,0.000000,0.000000
1514000,0.000000,0.000000,0.000000
1515000,0.000000,0.000000,0.000000
1516000,0.000000,0.000000,0.000000
1517000,0.000000,0.000000,0.000000
1518000,0.000000,0.000000,0.000000
1519000,0.000000,0.000000,0.000000
1520000,0.000000,0.000000,0.000000
1521000,0.000000,0.000000,0.000000
1522000,0.000000,0.000000,0.000000
1523000,0.000000,0.000000,0.000000
1524000,0.000000,0.000000,0.000000
1525000,0.000000,0.000000,0.000000
1526000,0.000000,0.000000,0.000000
1527000,0.000000,0.000000,0.000000
1528000,0.000000,0.000000,0.000000
1529000,0.000000,0.000000,0.000000
1530000,0.000000,0.000000,0.000000
1531000,0.000000,0.000000,0.000000
1532000,0.000000,0.000000,0.000000
1533000,0.000000,0.000000,0.000000
1534000,0.000000,0.000000,0.000000
1535000,0.000000,0.000000,0.000000
1536000,0.000000,0.000000,0.000000
1537000,0.000000,0.000000,0.000000
1538000,0.000000,0.000000,0.000000
1539000,0.000000,0.000000,0.000000
1540000,0.000000,0.000000,0.000000
1541000,0.000000,0.000000,0.000000
1542000,0.000000,0.000000,0.000000
1543000,0.000000,0.000000,0.000000
1544000,0.000000,0.000000,0.000000
1545000,0.000000,0.000000,0.000000
1546000,0.000000,0.000000,0.000000
1547000,0.000000,0.000000,0.000000
1548000,0.000000,0.000000,0.000000
1549000,0.000000,0.000000,0.000000
1550000,0.000000,0.000000,0.000000
1551000,0.000000,0.000000,0.000000
1552000,0.000000,0.000000,0.000000
1553000,0.000000,0.000000,0.000000
1554000,0.000000,0.000000,0.000000
1555000,0.000000,0.000000,0.000000
1556000,0.000000,0.000000,0.000000
1557000,0.000000,0.000000,0.000000
1558000,0.000000,0.000000,0.000000
1559000,0.000000,0.000000,0.000000
1560000,0.000000,0.000000,0.000000
1561000,0.000000,0.000000,0.000000
1562000,0.000000,0.000000,0.000000
1563000,0.000000,0.000000,0.000000
1564000,0.000000,0.000000,0.000000
1565000,0.000000,0.000000,0.000000
1566000,0.000000,0.000000,0.000000
1567000,0.000000,0.000000,0.000000
1568000,0.000000,0.000000,0.000000
1569000,0.000000,0.000000,0.000000
1570000,0.000000,0.000000,0.000000
1571000,0.000000,0.000000,0.000000
1572000,0.000000,0.000000,0.000000
1573000,0.000000,0.000000,0.000000
1574000,0.000000,0.000000,0.000000
1575000,0.000000,0.000000,0.000000
1576000,0.000000,0.000000,0.000000
1577000,0.000000,0.000000,0.000000
1578000,0.000000,0.000000,0.000000
1579000,0.000000,0.000000,0.000000
1580000,0.000000,0.000000,0.000000
1581000,0.000000,0.000000,0.000000
1582000,0.000000,0.000000,0.000000
1583000,0.000000,0.000000,0.000000
1584000,0.000000,0.000000,0.000000
1585000,0.000000,0.000000,0.000000
1586000,0.000000,0.000000,0.000000
1587000,0.000000,0.000000,0.000000
1588000,0.000000,0.000000,0.000000
1589000,0.000000,0.000000,0.000000
1590000,0.000000,0.000000,0.000000
1591000,0.000000,0.000000,0.000000
1592000,0.000000,0.000000,0.000000
1593000,0.000000,0.000000,0.000000
1594000,0.000000,0.000000,0.000000
1595000,0.000000,0.000000,0.000000
1596000,0.000000,0.000000,0.000000
1597000,0.000000,0.000000,0.000000
1598000,0.000000,0.000000,0.000000
1599000,0.000000,0.000000,0.000000
1600000,0.000000,0.000000,0.000000
1601000,0.000000,0.000000,0.000000
1602000,0.000000,0.000000,0.000000
1603000,0.000000,0.000000,0.000000
1604000,0.000000,0.000000,0.000000
1605000,0.000000,0.000000,0.000000
1606000,0.000000,0.000000,0.000000
1607000,0.000000,0.000000,0.000000
1608000,0.000000,0.000000,0.000000
1609000,0.000000,0.000000,0.000000
1610000,0.000000,0.000000,0.000000
1611000,0.000000,0.000000,0.000000
1612000,0.000000,0.000000,0.000000
1613000,0.000000,0.000000,0.000000
1614000,0.000000,0.000000,0.000000
1615000,0.000000,0.000000,0.000000
1616000,0.000000,0.000000,0.000000
1617000,0.000000,0.000000,0.000000
1618000,0.000000,0.000000,0.000000
1619000,0.000000,0.000000,0.000000
1620000,0.000000,0.000000,0.000000
1621000,0.000000,0.000000,0.000000
1622000,0.000000,0.000000,0.000000
1623000,0.000000,0.000000,0.000000
1624000,0.000000,0.000000,0.000000
1625000,0.000000,0.000000,0.000000
1626000,0.000000,0.000000,0.000000
1627000,0.000000,0.000000,0.000000
1628000,0.000000,0.000000,0.000000
1629000,0.000000,0.000000,0.000000
1630000,0.000000,0.000000,0.000000
1631000,0.000000,0.000000,0.000000
1632000,0.000000,0.000000,0.000000
1633000,0.000000,0.000000,0.000000
1634000,0.000000,0.000000,0.000000
1635000,0.000000,0.000000,0.000000
1636000,0.000000,0.000000,0.000000
1637000,0.000000,0.000000,0.000000
1638000,0.000000,0.000000,0.000000
1639000,0.000000,0.000000,0.000000
1640000,0.000000,0.000000,0.000000
1641000,0.000000,0.000000,0.000000
1642000,0.000000,0.000000,0.000000
1643000,0.000000,0.000000,0.000000
1644000,0.000000,0.000000,0.000000
1645000,0.000000,0.000000,0.000000
1646000,0.000000,0.000000,0.000000
1647000,0.000000,0.000000,0.000000
1648000,0.000000,0.000000,0.000000
1649000,0.000000,0.000000,0.000000
1650000,0.000000,0.000000,0.000000
1651000,0.000000,0.000000,0.000000
1652000,0.000000,0.000000,0.000000
1653000,0.000000,0.000000,0.000000
1654000,0.000000,0.000000,0.000000
1655000,0.000000,0.000000,0.000000
1656000,0.000000,0.000000,0.000000
1657000,0.000000,0.000000,0.000000
1658000,0.000000,0.000000,0.000000
1659000,0.000000,0.000000,0.000000
1660000,0.000000,0.000000,0.000000
1661000,0.000000,0.000000,0.000000
1662000,0.000000,0.000000,0.000000
1663000,0.000000,0.000000,0.000000
1664000,0.000000,0.000000,0.000000
1665000,0.000000,0.000000,0.000000
1666000,0.000000,0.000000,0.000000
1667000,0.000000,0.000000,0.000000
1668000,0.000000,0.000000,0.000000
1669000,0.000000,0.000000,0.000000
1670000,0.000000,0.000000,0.000000
1671000,0.000000,0.000000,0.000000
1672000,0.000000,0.000000,0.000000
1673000,0.000000,0.000000,0.000000
1674000,0.000000,0.000000,0.000000
1675000,0.000000,0.000000,0.000000
1676000,0.000000,0.000000,0.000000
1677000,0.000000,0.000000,0.000000
1678000,0.000000,0.000000,0.000000
1679000,0.000000,0.000000,0.000000
1680000,0.000000,0.000000,0.000000
1681000,0.000000,0.000000,0.000000
1682000,0.000000,0.000000,0.000000
1683000,0.000000,0.000000,0.000000
1684000,0.000000,0.000000,0.000000
1685000,0.000000,0.000000,0.000000
1686000,0.000000,0.000000,0.000000
1687000,0.000000,0.000000,0.000000
1688000,0.000000,0.000000,0.000000
1689000,0.000000,0.000000,0.000000
1690000,0.000000,0.000000,0.000000
1691000,0.000000,0.000000,0.000000
1692000,0.000000,0.000000,0.000000
1693000,0.000000,0.000000,0.000000
1694000,0.000000,0.000000,0.000000
1695000,0.000000,0.000000,0.000000
1696000,0.000000,0.000000,0.000000
1697000,0.000000,0.000000,0.000000
1698000,0.000000,0.000000,0.000000
1699000,0.000000,0.000000,0.000000
1700000,0.000000,0.000000,0.000000
1701000,0.000000,0.000000,0.000000
1702000,0.000000,0.000000,0.000000
1703000,0.000000,0.000000,0.000000
1704000,0.000000,0.000000,0.000000
1705000,0.000000,0.000000,0.000000
1706000,0.000000,0.000000,0.000000
1707000,0.000000,0.000000,0.000000
1708000,0.000000,0.000000,0.000000
1709000,0.000000,0.000000,0.000000
1710000,0.000000,0.000000,0.000000
1711000,0.000000,0.000000,0.000000
1712000,0.000000,0.000000,0.000000
1713000,0.000000,0.000000,0.000000
1714000,0.000000,0.000000,0.000000
1715000,0.000000,0.000000,0.000000
1716000,0.000000,0.000000,0.000000
1717000,0.000000,0.000000,0.000000
1718000,0.000000,0.000000,0.000000
1719000,0.000000,0.000000,0.000000
1720000,0.000000,0.000000,0.000000
1721000,0.000000,0.000000,0.000000
1722000,0.000000,0.000000,0.000000
1723000,0.000000,0.000000,0.000000
1724000,0.000000,0.000000,0.000000
1725000,0.000000,0.000000,0.000000
1726000,0.000000,0.000000,0.000000
1727000,0.000000,0.000000,0.000000
1728000,0.000000,0.000000,0.000000
1729000,0.000000,0.000000,0.000000
1730000,0.000000,0.000000,0.000000
1731000,0.000000,0.000000,0.000000
1732000,0.000000,0.000000,0.000000
1733000,0.000000,0.000000,0.000000
1734000,0.000000,0.000000,0.000000
1735000,0.000000,0.000000,0.000000
1736000,0.000000,0.000000,0.000000
1737000,0.000000,0.000000,0.000000
1738000,0.000000,0.000000,0.000000
1739000,0.000000,0.000000,0.000000
1740000,0.000000,0.000000,0.000000
1741000,0.000000,0.000000,0.000000
1742000,0.000000,0.000000,0.000000
1743000,0.000000,0.000000,0.000000
1744000,0.000000,0.000000,0.000000
1745000,0.000000,0.000000,0.000000
1746000,0.000000,0.000000,0.000000
1747000,0.000000,0.000000,0.000000
1748000,0.000000,0.000000,0.000000
1749000,0.000000,0.000000,0.000000
1750000,0.000000,0.000000,0.000000
1751000,0.000000,0.000000,0.000000
1752000,0.000000,0.000000,0.000000
1753000,0.000000,0.000000,0.000000
1754000,0.000000,0.000000,0.000000
1755000,0.000000,0.000000,0.000000
1756000,0.000000,0.000000,0.000000
1757000,0.000000,0.000000,0.000000
1758000,0.000000,0.000000,0.000000
1759000,0.000000,0.000000,0.000000
1760000,0.000000,0.000000,0.000000
1761000,0.000000,0.000000,0.000000
1762000,0.000000,0.000000,0.000000
1763000,0.000000,0.000000,0.000000
1764000,0.000000,0.000000,0.000000
1765000,0.000000,0.000000,0.000000
1766000,0.000000,0.000000,0.000000
1767000,0.000000,0.000000,0.000000
1768000,0.000000,0.000000,0.000000
1769000,0.000000,0.000000,0.000000
1770000,0.000000,0.000000,0.000000
1771000,0.000000,0.000000,0.000000
1772000,0.000000,0.000000,0.000000
1773000,0.000000,0.000000,0.000000
1774000,0.000000,0.000000,0.000000
1775000,0.000000,0.000000,0.000000
1776000,0.000000,0.000000,0.000000
1777000,0.000000,0.000000,0.000000
1778000,0.000000,0.000000,0.000000
1779000,0.000000,0.000000,0.000000
1780000,0.000000,0.000000,0.000000
1781000,0.000000,0.000000,0.000000
1782000,0.000000,0.000000,0.000000
1783000,0.000000,0.000000,0.000000
1784000,0.000000,0.000000,0.000000
1785000,0.000000,0.000000,0.000000
1786000,0.000000,0.000000,0.000000
1787000,0.000000,0.000000,0.000000
1788000,0.000000,0.000000,0.000000
1789000,0.000000,0.000000,0.000000
1790000,0.000000,0.000000,0.000000
1791000,0.000000,0.000000,0.000000
1792000,0.000000,0.000000,0.000000
1793000,0.000000,0.000000,0.000000
1794000,0.000000,0.000000,0.000000
1795000,0.000000,0.000000,0.000000
1796000,0.000000,0.000000,0.000000
1797000,0.000000,0.000000,0.000000
1798000,0.000000,0.000000,0.000000
1799000,0.000000,0.000000,0.000000
1800000,0.000000,0.000000,0.000000
1801000,0.000000,0.000000,0.000000
1802000,0.000000,0.000000,0.000000
1803000,0.000000,0.000000,0.000000
1804000,0.000000,0.000000,0.000000
1805000,0.000000,0.000000,0.000000
1806000,0.000000,0.000000,0.000000
1807000,0.000000,0.000000,0.000000
1808000,0.000000,0.000000,0.000000
1809000,0.000000,0.000000,0.000000
1810000,0.000000,0.000000,0.000000
1811000,0.000000,0.000000,0.000000
1812000,0.000000,0.000000,0.000000
1813000,0.000000,0.000000,0.000000
1814000,0.000000,0.000000,0.000000
1815000,0.000000,0.000000,0.000000
1816000,0.000000,0.000000,0.000000
1817000,0.000000,0.000000,0.000000
1818000,0.000000,0.000000,0.000000
1819000,0.000000,0.000000,0.000000
1820000,0.000000,0.000000,0.000000
1821000,0.000000,0.000000,0.000000
1822000,0.000000,0.000000,0.000000
1823000,0.000000,0.000000,0.000000
1824000,0.000000,0.000000,0.000000
1825000,0.000000,0.000000,0.000000
1826000,0.000000,0.000000,0.000000
1827000,0.000000,0.000000,0.000000
1828000,0.000000,0.000000,0.000000
1829000,0.000000,0.000000,0.000000
1830000,0.000000,0.000000,0.000000
1831000,0.000000,0.000000,0.000000
1832000,0.000000,0.000000,0.000000
1833000,0.000000,0.000000,0.000000
1834000,0.000000,0.000000,0.000000
1835000,0.000000,0.000000,0.000000
1836000,0.000000,0.000000,0.000000
1837000,0.000000,0.000000,0.000000
1838000,0.000000,0.000000,0.000000
1839000,0.000000,0.000000,0.000000
1840000,0.000000,0.000000,0.000000
1841000,0.000000,0.000000,0.000000
1842000,0.000000,0.000000,0.000000
1843000,0.000000,0.000000,0.000000
1844000,0.000000,0.000000,0.000000
1845000,0.000000,0.000000,0.000000
1846000,0.000000,0.000000,0.000000
1847000,0.000000,0.000000,0.000000
1848000,0.000000,0.000000,0.000000
1849000,0.000000,0.000000,0.000000
1850000,0.000000,0.000000,0.000000
1851000,0.000000,0.000000,0.000000
1852000,0.000000,0.000000,0.000000
1853000,0.000000,0.000000,0.000000
1854000,0.000000,0.000000,0.000000
1855000,0.000000,0.000000,0.000000
1856000,0.000000,0.000000,0.000000
1857000,0.000000,0.000000,0.000000
1858000,0.000000,0.000000,0.000000
1859000,0.000000,0.000000,0.000000
1860000,0.000000,0.000000,0.000000
1861000,0.000000,0.000000,0.000000
1862000,0.000000,0.000000,0.000000
1863000,0.000000,0.000000,0.000000
1864000,0.000000,0.000000,0.000000
1865000,0.000000,0.000000,0.000000
1866000,0.000000,0.000000,0.000000
1867000,0.000000,0.000000,0.000000
1868000,0.000000,0.000000,0.000000
1869000,0.000000,0.000000,0.000000
1870000,0.000000,0.000000,0.000000
1871000,0.000000,0.000000,0.000000
1872000,0.000000,0.000000,0.000000
1873000,0.000000,0.000000,0.000000
1874000,0.000000,0.000000,0.000000
1875000,0.000000,0.000000,0.000000
1876000,0.000000,0.000000,0.000000
1877000,0.000000,0.000000,0.000000
1878000,0.000000,0.000000,0.000000
1879000,0.000000,0.000000,0.000000
1880000,0.000000,0.000000,0.000000
1881000,0.000000,0.000000,0.000000
1882000,0.000000,0.000000,0.000000
1883000,0.000000,0.000000,0.000000
1884000,0.000000,0.000000,0.000000
1885000,0.000000,0.000000,0.000000
1886000,0.000000,0.000000,0.000000
1887000,0.000000,0.000000,0.000000
1888000,0.000000,0.000000,0.000000
1889000,0.000000,0.000000,0.000000
1890000,0.000000,0.000000,0.000000
1891000,0.000000,0.000000,0.000000
1892000,0.000000,0.000000,0.000000
1893000,0.000000,0.000000,0.000000
1894000,0.000000,0.000000,0.000000
1895000,0.000000,0.000000,0.000000
1896000,0.000000,0.000000,0.000000
1897000,0.000000,0.000000,0.000000
1898000,0.000000,0.000000,0.000000
1899000,0.000000,0.000000,0.000000
1900000,0.000000,0.000000,0.000000
1901000,0.000000,0.000000,0.000000
1902000,0.000000,0.000000,0.000000
1903000,0.000000,0.000000,0.000000
1904000,0.000000,0.000000,0.000000
1905000,0.000000,0.000000,0.000000
1906000,0.000000,0.000000,0.000000
1907000,0.000000,0.000000,0.000000
1908000,0.000000,0.000000,0.000000
1909000,0.000000,0.000000,0.000000
1910000,0.000000,0.000000,0.000000
1911000,0.000000,0.000000,0.000000
1912000,0.000000,0.000000,0.000000
1913000,0.000000,0.000000,0.000000
1914000,0.000000,0.000000,0.000000
1915000,0.000000,0.000000,0.000000
1916000,0.000000,0.000000,0.000000
1917000,0.000000,0.000000,0.000000
1918000,0.000000,0.000000,0.000000
1919000,0.000000,0.000000,0.000000
1920000,0.000000,0.000000,0.000000
1921000,0.000000,0.000000,0.000000
1922000,0.000000,0.000000,0.000000
1923000,0.000000,0.000000,0.000000
1924000,0.000000,0.000000,0.000000
1925000,0.000000,0.000000,0.000000
1926000,0.000000,0.000000,0.000000
1927000,0.000000,0.000000,0.000000
1928000,0.000000,0.000000,0.000000
1929000,0.000000,0.000000,0.000000
1930000,0.000000,0.000000,0.000000
1931000,0.000000,0.000000,0.000000
1932000,0.000000,0.000000,0.000000
1933000,0.000000,0.000000,0.000000
1934000,0.000000,0.000000,0.000000
1935000,0.000000,0.000000,0.000000
1936000,0.000000,0.000000,0.000000
1937000,0.000000,0.000000,0.000000
1938000,0.000000,0.000000,0.000000
1939000,0.000000,0.000000,0.000000
1940000,0.000000,0.000000,0.000000
1941000,0.000000,0.000000,0.000000
1942000,0.000000,0.000000,0.000000
1943000,0.000000,0.000000,0.000000
1944000,0.000000,0.000000,0.000000
1945000,0.000000,0.000000,0.000000
1946000,0.000000,0.000000,0.000000
1947000,0.000000,0.000000,0.000000
1948000,0.000000,0.000000,0.000000
1949000,0.000000,0.000000,0.000000
1950000,0.000000,0.000000,0.000000
1951000,0.000000,0.000000,0.000000
1952000,0.000000,0.000000,0.000000
1953000,0.000000,0.000000,0.000000
1954000,0.000000,0.000000,0.000000
1955000,0.000000,0.000000,0.000000
1956000,0.000000,0.000000,0.000000
1957000,0.000000,0.000000,0.000000
1958000,0.000000,0.000000,0.000000
1959000,0.000000,0.000000,0.000000
1960000,0.000000,0.000000,0.000000
1961000,0.000000,0.000000,0.000000
1962000,0.000000,0.000000,0.000000
1963000,0.000000,0.000000,0.000000
1964000,0.000000,0.000000,0.000000
1965000,0.000000,0.000000,0.000000
1966000,0.000000,0.000000,0.000000
1967000,0.000000,0.000000,0.000000
1968000,0.000000,0.000000,0.000000
1969000,0.000000,0.000000,0.000000
1970000,0.000000,0.000000,0.000000
1971000,0.000000,0.000000,0.000000
1972000,0.000000,0.000000,0.000000
1973000,0.000000,0.000000,0.000000
1974000,0.000000,0.000000,0.000000
1975000,0.000000,0.000000,0.000000
1976000,0.000000,0.000000,0.000000
1977000,0.000000,0.000000,0.000000
1978000,0.000000,0.000000,0.000000
1979000,0.000000,0.000000,0.000000
1980000,0.000000,0.000000,0.000000
1981000,0.000000,0.000000,0.000000
1982000,0.000000,0.000000,0.000000
1983000,0.000000,0.000000,0.000000
1984000,0.000000,0.000000,0.000000
1985000,0.000000,0.000000,0.000000
1986000,0.000000,0.000000,0.000000
1987000,0.000000,0.000000,0.000000
1988000,0.000000,0.000000,0.000000
1989000,0.000000,0.000000,0.000000
1990000,0.000000,0.000000,0.000000
1991000,0.000000,0.000000,0.000000
1992000,0.000000,0.000000,0.000000
1993000,0.000000,0.000000,0.000000
1994000,0.000000,0.000000,0.000000
1995000,0.000000,0.000000,0.000000
1996000,0.000000,0.000000,0.000000
1997000,0.000000,0.000000,0.000000
1998000,0.000000,0.000000,0.000000
1999000,0.000000,0.000000,0.000000
2000000,0.000000,0.000000,0.000000
2001000,0.000000,0.000000,0.000000
2002000,0.000000,0.000000,0.000000
2003000,0.000000,0.000000,0.000000
2004000,0.000000,0.000000,0.000000
2005000,0.000000,0.000000,0.000000
2006000,0.000000,0.000000,0.000000
2007000,0.000000,0.000000,0.000000
2008000,0.000000,0.000000,0.000000
2009000,0.000000,0.000000,0.000000
2010000,0.000000,0.000000,0.000000
2011000,0.000000,0.000000,0.000000
2012000,0.000000,0.000000,0.000000
2013000,0.000000,0.000000,0.000000
2014000,0.000000,0.000000,0.000000
2015000,0.000000,0.000000,0.000000
2016000,0.000000,0.000000,0.000000
2017000,0.000000,0.000000,0.000000
2018000,0.000000,0.000000,0.000000
2019000,0.000000,0.000000,0.000000
2020000,0.000000,0.000000,0.000000
2021000,0.000000,0.000000,0.000000
2022000,0.000000,0.000000,0.000000
2023000,0.000000,0.000000,0.000000
2024000,0.000000,0.000000,0.000000
2025000,0.000000,0.000000,0.000000
2026000,0.000000,0.000000,0.000000
2027000,0.000000,0.000000,0.000000
2028000,0.000000,0.000000,0.000000
2029000,0.000000,0.000000,0.000000
2030000,0.000000,0.000000,0.000000
2031000,0.000000,0.000000,0.000000
2032000,0.000000,0.000000,0.000000
2033000,0.000000,0.000000,0.000000
2034000,0.000000,0.000000,0.000000
2035000,0.000000,0.000000,0.000000
2036000,0.000000,0.000000,0.000000
2037000,0.000000,0.000000,0.000000
2038000,0.000000,0.000000,0.000000
2039000,0.000000,0.000000,0.000000
2040000,0.000000,0.000000,0.000000
2041000,0.000000,0.000000,0.000000
2042000,0.000000,0.000000,0.000000
2043000,0.000000,0.000000,0.000000
2044000,0.000000,0.000000,0.000000
2045000,0.000000,0.000000,0.000000
2046000,0.000000,0.000000,0.000000
2047000,0.000000,0.000000,0.000000
2048000,0.000000,0.000000,0.000000
2049000,0.000000,0.000000,0.000000
2050000,0.000000,0.000000,0.000000
2051000,0.000000,0.000000,0.000000
2052000,0.000000,0.000000,0.000000
2053000,0.000000,0.000000,0.000000
2054000,0.000000,0.000000,0.000000
2055000,0.000000,0.000000,0.000000
2056000,0.000000,0.000000,0.000000
2057000,0.000000,0.000000,0.000000
2058000,0.000000,0.000000,0.000000
2059000,0.000000,0.000000,0.000000
2060000,0.000000,0.000000,0.000000
2061000,0.000000,0.000000,0.000000
2062000,0.000000,0.000000,0.000000
2063000,0.000000,0.000000,0.000000
2064000,0.000000,0.000000,0.000000
2065000,0.000000,0.000000,0.000000
2066000,0.000000,0.000000,0.000000
2067000,0.000000,0.000000,0.000000
2068000,0.000000,0.000000,0.000000
2069000,0.000000,0.000000,0.000000
2070000,0.000000,0.000000,0.000000
2071000,0.000000,0.000000,0.000000
2072000,0.000000,0.000000,0.000000
2073000,0.000000,0.000000,0.000000
2074000,0.000000,0.000000,0.000000
2075000,0.000000,0.000000,0.000000
2076000,0.000000,0.000000,0.000000
2077000,0.000000,0.000000,0.000000
2078000,0.000000,0.000000,0.000000
2079000,0.000000,0.000000,0.000000
2080000,0.000000,0.000000,0.000000
2081000,0.000000,0.000000,0.000000
2082000,0.000000,0.000000,0.000000
2083000,0.000000,0.000000,0.000000
2084000,0.000000,0.000000,0.000000
2085000,0.000000,0.000000,0.000000
2086000,0.000000,0.000000,0.000000
2087000,0.000000,0.000000,0.000000
2088000,0.000000,0.000000,0.000000
2089000,0.000000,0.000000,0.000000
2090000,0.000000,0.000000,0.000000
2091000,0.000000,0.000000,0.000000
2092000,0.000000,0.000000,0.000000
2093000,0.000000,0.000000,0.000000
2094000,0.000000,0.000000,0.000000
2095000,0.000000,0.000000,0.000000
2096000,0.000000,0.000000,0.000000
2097000,0.000000,0.000000,0.000000
2098000,0.000000,0.000000,0.000000
2099000,0.000000,0.000000,0.000000
2100000,0.000000,0.000000,0.000000
2101000,0.000000,0.000000,0.000000
2102000,0.000000,0.000000,0.000000
2103000,0.000000,0.000000,0.000000
2104000,0.000000,0.000000,0.000000
2105000,0.000000,0.000000,0.000000
2106000,0.000000,0.000000,0.000000
2107000,0.000000,0.000000,0.000000
2108000,0.000000,0.000000,0.000000
2109000,0.000000,0.000000,0.000000
2110000,0.000000,0.000000,0.000000
2111000,0.000000,0.000000,0.000000
2112000,0.000000,0.000000,0.000000
2113000,0.000000,0.000000,0.000000
2114000,0.000000,0.000000,0.000000
2115000,0.000000,0.000000,0.000000
2116000,0.000000,0.000000,0.000000
2117000,0.000000,0.000000,0.000000
2118000,0.000000,0.000000,0.000000
2119000,0.000000,0.000000,0.000000
2120000,0.000000,0.000000,0.000000
2121000,0.000000,0.000000,0.000000
2122000,0.000000,0.000000,0.000000
2123000,0.000000,0.000000,0.000000
2124000,0.000000,0.000000,0.000000
2125000,0.000000,0.000000,0.000000
2126000,0.000000,0.000000,0.000000
2127000,0.000000,0.000000,0.000000
2128000,0.000000,0.000000,0.000000
2129000,0.000000,0.000000,0.000000
2130000,0.000000,0.000000,0.000000
2131000,0.000000,0.000000,0.000000
2132000,0.000000,0.000000,0.000000
2133000,0.000000,0.000000,0.000000
2134000,0.000000,0.000000,0.000000
2135000,0.000000,0.000000,0.000000
2136000,0.000000,0.000000,0.000000
2137000,0.000000,0.000000,0.000000
2138000,0.000000,0.000000,0.000000
2139000,0.000000,0.000000,0.000000
2140000,0.000000,0.000000,0.000000
2141000,0.000000,0.000000,0.000000
2142000,0.000000,0.000000,0.000000
2143000,0.000000,0.000000,0.000000
2144000,0.000000,0.000000,0.000000
2145000,0.000000,0.000000,0.000000
2146000,0.000000,0.000000,0.000000
2147000,0.000000,0.000000,0.000000
2148000,0.000000,0.000000,0.000000
2149000,0.000000,0.000000,0.000000
2150000,0.000000,0.000000,0.000000
2151000,0.000000,0.000000,0.000000
2152000,0.000000,0.000000,0.000000
2153000,0.000000,0.000000,0.000000
2154000,0.000000,0.000000,0.000000
2155000,0.000000,0.000000,0.000000
2156000,0.000000,0.000000,0.000000
2157000,0.000000,0.000000,0.000000
2158000,0.000000,0.000000,0.000000
2159000,0.000000,0.000000,0.000000
2160000,0.000000,0.000000,0.000000
2161000,0.000000,0.000000,0.000000
2162000,0.000000,0.000000,0.000000
2163000,0.000000,0.000000,0.000000
2164000,0.000000,0.000000,0.000000
2165000,0.000000,0.000000,0.000000
2166000,0.000000,0.000000,0.000000
2167000,0.000000,0.000000,0.000000
2168000,0.000000,0.000000,0.000000
2169000,0.000000,0.000000,0.000000
2170000,0.000000,0.000000,0.000000
2171000,0.000000,0.000000,0.000000
2172000,0.000000,0.000000,0.000000
2173000,0.000000,0.000000,0.000000
2174000,0.000000,0.000000,0.000000
2175000,0.000000,0.000000,0.000000
2176000,0.000000,0.000000,0.000000
2177000,0.000000,0.000000,0.000000
2178000,0.000000,0.000000,0.000000
2179000,0.000000,0.000000,0.000000
2180000,0.000000,0.000000,0.000000
2181000,0.000000,0.000000,0.000000
2182000,0.000000,0.000000,0.000000
2183000,0.000000,0.000000,0.000000
2184000,0.000000,0.000000,0.000000
2185000,0.000000,0.000000,0.000000
2186000,0.000000,0.000000,0.000000
2187000,0.000000,0.000000,0.000000
2188000,0.000000,0.000000,0.000000
2189000,0.000000,0.000000,0.000000
2190000,0.000000,0.000000,0.000000
2191000,0.000000,0.000000,0.000000
2192000,0.000000,0.000000,0.000000
2193000,0.000000,0.000000,0.000000
2194000,0.000000,0.000000,0.000000
2195000,0.000000,0.000000,0.000000
2196000,0.000000,0.000000,0.000000
2197000,0.000000,0.000000,0.000000
2198000,0.000000,0.000000,0.000000
2199000,0.000000,0.000000,0.000000
2200000,0.000000,0.000000,0.000000
2201000,0.000000,0.000000,0.000000
2202000,0.000000,0.000000,0.000000
2203000,0.000000,0.000000,0.000000
2204000,0.000000,0.000000,0.000000
2205000,0.000000,0.000000,0.000000
2206000,0.000000,0.000000,0.000000
2207000,0.000000,0.000000,0.000000
2208000,0.000000,0.000000,0.000000
2209000,0.000000,0.000000,0.000000
2210000,0.000000,0.000000,0.000000
2211000,0.000000,0.000000,0.000000
2212000,0.000000,0.000000,0.000000
2213000,0.000000,0.000000,0.000000
2214000,0.000000,0.000000,0.000000
2215000,0.000000,0.000000,0.000000
2216000,0.000000,0.000000,0.000000
2217000,0.000000,0.000000,0.000000
2218000,0.000000,0.000000,0.000000
2219000,0.000000,0.000000,0.000000
2220000,0.000000,0.000000,0.000000
2221000,0.000000,0.000000,0.000000
2222000,0.000000,0.000000,0.000000
2223000,0.000000,0.000000,0.000000
2224000,0.000000,0.000000,0.000000
2225000,0.000000,0.000000,0.000000
2226000,0.000000,0.000000,0.000000
2227000,0.000000,0.000000,0.000000
2228000,0.000000,0.000000,0.000000
2229000,0.000000,0.000000,0.000000
2230000,0.000000,0.000000,0.000000
2231000,0.000000,0.000000,0.000000
2232000,0.000000,0.000000,0.000000
2233000,0.000000,0.000000,0.000000
2234000,0.000000,0.000000,0.000000
2235000,0.000000,0.000000,0.000000
2236000,0.000000,0.000000,0.000000
2237000,0.000000,0.000000,0.000000
2238000,0.000000,0.000000,0.000000
2239000,0.000000,0.000000,0.000000
2240000,0.000000,0.000000,0.000000
2241000,0.000000,0.000000,0.000000
2242000,0.000000,0.000000,0.000000
2243000,0.000000,0.000000,0.000000
2244000,0.000000,0.000000,0.000000
2245000,0.000000,0.000000,0.000000
2246000,0.000000,0.000000,0.000000
2247000,0.000000,0.000000,0.000000
2248000,0.000000,0.000000,0.000000
2249000,0.000000,0.000000,0.000000
2250000,0.000000,0.000000,0.000000
2251000,0.000000,0.000000,0.000000
2252000,0.000000,0.000000,0.000000
2253000,0.000000,0.000000,0.000000
2254000,0.000000,0.000000,0.000000
2255000,0.000000,0.000000,0.000000
2256000,0.000000,0.000000,0.000000
2257000,0.000000,0.000000,0.000000
2258000,0.000000,0.000000,0.000000
2259000,0.000000,0.000000,0.000000
2260000,0.000000,0.000000,0.000000
2261000,0.000000,0.000000,0.000000
2262000,0.000000,0.000000,0.000000
2263000,0.000000,0.000000,0.000000
2264000,0.000000,0.000000,0.000000
2265000,0.000000,0.000000,0.000000
2266000,0.000000,0.000000,0.000000
2267000,0.000000,0.000000,0.000000
2268000,0.000000,0.000000,0.000000
2269000,0.000000,0.000000,0.000000
2270000,0.000000,0.000000,0.000000
2271000,0.000000,0.000000,0.000000
2272000,0.000000,0.000000,0.000000
2273000,0.000000,0.000000,0.000000
2274000,0.000000,0.000000,0.000000
2275000,0.000000,0.000000,0.000000
2276000,0.000000,0.000000,0.000000
2277000,0.000000,0.000000,0.000000
2278000,0.000000,0.000000,0.000000
2279000,0.000000,0.000000,0.000000
2280000,0.000000,0.000000,0.000000
2281000,0.000000,0.000000,0.000000
2282000,0.000000,0.000000,0.000000
2283000,0.000000,0.000000,0.000000
2284000,0.000000,0.000000,0.000000
2285000,0.000000,0.000000,0.000000
2286000,0.000000,0.000000,0.000000
2287000,0.000000,0.000000,0.000000
2288000,0.000000,0.000000,0.000000
2289000,0.000000,0.000000,0.000000
2290000,0.000000,0.000000,0.000000
2291000,0.000000,0.000000,0.000000
2292000,0.000000,0.000000,0.000000
2293000,0.000000,0.000000,0.000000
2294000,0.000000,0.000000,0.000000
2295000,0.000000,0.000000,0.000000
2296000,0.000000,0.000000,0.000000
2297000,0.000000,0.000000,0.000000
2298000,0.000000,0.000000,0.000000
2299000,0.000000,0.000000,0.000000
2300000,0.000000,0.000000,0.000000
2301000,0.000000,0.000000,0.000000
2302000,0.000000,0.000000,0.000000
2303000,0.000000,0.000000,0.000000
2304000,0.000000,0.000000,0.000000
2305000,0.000000,0.000000,0.000000
2306000,0.000000,0.000000,0.000000
2307000,0.000000,0.000000,0.000000
2308000,0.000000,0.000000,0.000000
2309000,0.000000,0.000000,0.000000
2310000,0.000000,0.000000,0.000000
2311000,0.000000,0.000000,0.000000
2312000,0.000000,0.000000,0.000000
2313000,0.000000,0.000000,0.000000
2314000,0.000000,0.000000,0.000000
2315000,0.000000,0.000000,0.000000
2316000,0.000000,0.000000,0.000000
2317000,0.000000,0.000000,0.000000
2318000,0.000000,0.000000,0.000000
2319000,0.000000,0.000000,0.000000
2320000,0.000000,0.000000,0.000000
2321000,0.000000,0.000000,0.000000
2322000,0.000000,0.000000,0.000000
2323000,0.000000,0.000000,0.000000
2324000,0.000000,0.000000,0.000000
2325000,0.000000,0.000000,0.000000
2326000,0.000000,0.000000,0.000000
2327000,0.000000,0.000000,0.000000
2328000,0.000000,0.000000,0.000000
2329000,0.000000,0.000000,0.000000
2330000,0.000000,0.000000,0.000000
2331000,0.000000,0.000000,0.000000
2332000,0.000000,0.000000,0.000000
2333000,0.000000,0.000000,0.000000
2334000,0.000000,0.000000,0.000000
2335000,0.000000,0.000000,0.000000
2336000,0.000000,0.000000,0.000000
2337000,0.000000,0.000000,0.000000
2338000,0.000000,0.000000,0.000000
2339000,0.000000,0.000000,0.000000
2340000,0.000000,0.000000,0.000000
2341000,0.000000,0.000000,0.000000
2342000,0.000000,0.000000,0.000000
2343000,0.000000,0.000000,0.000000
2344000,0.000000,0.000000,0.000000
2345000,0.000000,0.000000,0.000000
2346000,0.000000,0.000000,0.000000
2347000,0.000000,0.000000,0.000000
2348000,0.000000,0.000000,0.000000
2349000,0.000000,0.000000,0.000000
2350000,0.000000,0.000000,0.000000
2351000,0.000000,0.000000,0.000000
2352000,0.000000,0.000000,0.000000
2353000,0.000000,0.000000,0.000000
2354000,0.000000,0.000000,0.000000
2355000,0.000000,0.000000,0.000000
2356000,0.000000,0.000000,0.000000
2357000,0.000000,0.000000,0.000000
2358000,0.000000,0.000000,0.000000
2359000,0.000000,0.000000,0.000000
2360000,0.000000,0.000000,0.000000
2361000,0.000000,0.000000,0.000000
2362000,0.000000,0.000000,0.000000
2363000,0.000000,0.000000,0.000000
2364000,0.000000,0.000000,0.000000
2365000,0.000000,0.000000,0.000000
2366000,0.000000,0.000000,0.000000
2367000,0.000000,0.000000,0.000000
2368000,0.000000,0.000000,0.000000
2369000,0.000000,0.000000,0.000000
2370000,0.000000,0.000000,0.000000
2371000,0.000000,0.000000,0.000000
2372000,0.000000,0.000000,0.000000
2373000,0.000000,0.000000,0.000000
2374000,0.000000,0.000000,0.000000
2375000,0.000000,0.000000,0.000000
2376000,0.000000,0.000000,0.000000
2377000,0.000000,0.000000,0.000000
2378000,0.000000,0.000000,0.000000
2379000,0.000000,0.000000,0.000000
2380000,0.000000,0.000000,0.000000
2381000,0.000000,0.000000,0.000000
2382000,0.000000,0.000000,0.000000
2383000,0.000000,0.000000,0.000000
2384000,0.000000,0.000000,0.000000
2385000,0.000000,0.000000,0.000000
2386000,0.000000,0.000000,0.000000
2387000,0.000000,0.000000,0.000000
2388000,0.000000,0.000000,0.000000
2389000,0.000000,0.000000,0.000000
2390000,0.000000,0.000000,0.000000
2391000,0.000000,0.000000,0.000000
2392000,0.000000,0.000000,0.000000
2393000,0.000000,0.000000,0.000000
2394000,0.000000,0.000000,0.000000
2395000,0.000000,0.000000,0.000000
2396000,0.000000,0.000000,0.000000
2397000,0.000000,0.000000,0.000000
2398000,0.000000,0.000000,0.000000
2399000,0.000000,0.000000,0.000000
2400000,0.000000,0.000000,0.000000
2401000,0.000000,0.000000,0.000000
2402000,0.000000,0.000000,0.000000
2403000,0.000000,0.000000,0.000000
2404000,0.000000,0.000000,0.000000
2405000,0.000000,0.000000,0.000000
2406000,0.000000,0.000000,0.000000
2407000,0.000000,0.000000,0.000000
2408000,0.000000,0.000000,0.000000
2409000,0.000000,0.000000,0.000000
2410000,0.000000,0.000000,0.000000
2411000,0.000000,0.000000,0.000000
2412000,0.000000,0.000000,0.000000
2413000,0.000000,0.000000,0.000000
2414000,0.000000,0.000000,0.000000
2415000,0.000000,0.000000,0.000000
2416000,0.000000,0.000000,0.000000
2417000,0.000000,0.000000,0.000000
2418000,0.000000,0.000000,0.000000
2419000,0.000000,0.000000,0.000000
2420000,0.000000,0.000000,0.000000
2421000,0.000000,0.000000,0.000000
2422000,0.000000,0.000000,0.000000
2423000,0.000000,0.000000,0.000000
2424000,0.000000,0.000000,0.000000
2425000,0.000000,0.000000,0.000000
2426000,0.000000,0.000000,0.000000
2427000,0.000000,0.000000,0.000000
2428000,0.000000,0.000000,0.000000
2429000,0.000000,0.000000,0.000000
2430000,0.000000,0.000000,0.000000
2431000,0.000000,0.000000,0.000000
2432000,0.000000,0.000000,0.000000
2433000,0.000000,0.000000,0.000000
2434000,0.000000,0.000000,0.000000
2435000,0.000000,0.000000,0.000000
2436000,0.000000,0.000000,0.000000
2437000,0.000000,0.000000,0.000000
2438000,0.000000,0.000000,0.000000
2439000,0.000000,0.000000,0.000000
2440000,0.000000,0.000000,0.000000
2441000,0.000000,0.000000,0.000000
2442000,0.000000,0.000000,0.000000
2443000,0.000000,0.000000,0.000000
2444000,0.000000,0.000000,0.000000
2445000,0.000000,0.000000,0.000000
2446000,0.000000,0.000000,0.000000
2447000,0.000000,0.000000,0.000000
2448000,0.000000,0.000000,0.000000
2449000,0.000000,0.000000,0.000000
2450000,0.000000,0.000000,0.000000
2451000,0.000000,0.000000,0.000000
2452000,0.000000,0.000000,0.000000
2453000,0.000000,0.000000,0.000000
2454000,0.000000,0.000000,0.000000
2455000,0.000000,0.000000,0.000000
2456000,0.000000,0.000000,0.000000
2457000,0.000000,0.000000,0.000000
2458000,0.000000,0.000000,0.000000
2459000,0.000000,0.000000,0.000000
2460000,0.000000,0.000000,0.000000
2461000,0.000000,0.000000,0.000000
2462000,0.000000,0.000000,0.000000
2463000,0.000000,0.000000,0.000000
2464000,0.000000,0.000000,0.000000
2465000,0.000000,0.000000,0.000000
2466000,0.000000,0.000000,0.000000
2467000,0.000000,0.000000,0.000000
2468000,0.000000,0.000000,0.000000
2469000,0.000000,0.000000,0.000000
2470000,0.000000,0.000000,0.000000
2471000,0.000000,0.000000,0.000000
2472000,0.000000,0.000000,0.000000
2473000,0.000000,0.000000,0.000000
2474000,0.000000,0.000000,0.000000
2475000,0.000000,0.000000,0.000000
2476000,0.000000,0.000000,0.000000
2477000,0.000000,0.000000,0.000000
2478000,0.000000,0.000000,0.000000
2479000,0.000000,0.000000,0.000000
2480000,0.000000,0.000000,0.000000
2481000,0.000000,0.000000,0.000000
2482000,0.000000,0.000000,0.000000
2483000,0.000000,0.000000,0.000000
2484000,0.000000,0.000000,0.000000
2485000,0.000000,0.000000,0.000000
2486000,0.000000,0.000000,0.000000
2487000,0.000000,0.000000,0.000000
2488000,0.000000,0.000000,0.000000
2489000,0.000000,0.000000,0.000000
2490000,0.000000,0.000000,0.000000
2491000,0.000000,0.000000,0.000000
2492000,0.000000,0.000000,0.000000
2493000,0.000000,0.000000,0.000000
2494000,0.000000,0.000000,0.000000
2495000,0.000000,0.000000,0.000000
2496000,0.000000,0.000000,0.000000
2497000,0.000000,0.000000,0.000000
2498000,0.000000,0.000000,0.000000
2499000,0.000000,0.000000,0.000000
2500000,0.000000,0.000000,0.000000
2501000,0.000000,0.000000,0.000000
2502000,0.000000,0.000000,0.000000
2503000,0.000000,0.000000,0.000000
2504000,0.000000,0.000000,0.000000
2505000,0.000000,0.000000,0.000000
2506000,0.000000,0.000000,0.000000
2507000,0.000000,0.000000,0.000000
2508000,0.000000,0.000000,0.000000
2509000,0.000000,0.000000,0.000000
2510000,0.000000,0.000000,0.000000
2511000,0.000000,0.000000,0.000000
2512000,0.000000,0.000000,0.000000
2513000,0.000000,0.000000,0.000000
2514000,0.000000,0.000000,0.000000
2515000,0.000000,0.000000,0.000000
2516000,0.000000,0.000000,0.000000
2517000,0.000000,0.000000,0.000000
2518000,0.000000,0.000000,0.000000
2519000,0.000000,0.000000,0.000000
2520000,0.000000,0.000000,0.000000
2521000,0.000000,0.000000,0.000000
2522000,0.000000,0.000000,0.000000
2523000,0.000000,0.000000,0.000000
2524000,0.000000,0.000000,0.000000
2525000,0.000000,0.000000,0.000000
2526000,0.000000,0.000000,0.000000
2527000,0.000000,0.000000,0.000000
2528000,0.000000,0.000000,0.000000
2529000,0.000000,0.000000,0.000000
2530000,0.000000,0.000000,0.000000
2531000,0.000000,0.000000,0.000000
2532000,0.000000,0.000000,0.000000
2533000,0.000000,0.000000,0.000000
2534000,0.000000,0.000000,0.000000
2535000,0.000000,0.000000,0.000000
2536000,0.000000,0.000000,0.000000
2537000,0.000000,0.000000,0.000000
2538000,0.000000,0.000000,0.000000
2539000,0.000000,0.000000,0.000000
2540000,0.000000,0.000000,0.000000
2541000,0.000000,0.000000,0.000000
2542000,0.000000,0.000000,0.000000
2543000,0.000000,0.000000,0.000000
2544000,0.000000,0.000000,0.000000
2545000,0.000000,0.000000,0.000000
2546000,0.000000,0.000000,0.000000
2547000,0.000000,0.000000,0.000000
2548000,0.000000,0.000000,0.000000
2549000,0.000000,0.000000,0.000000
2550000,0.000000,0.000000,0.000000
2551000,0.000000,0.000000,0.000000
2552000,0.000000,0.000000,0.000000
2553000,0.000000,0.000000,0.000000
2554000,0.000000,0.000000,0.000000
2555000,0.000000,0.000000,0.000000
2556000,0.000000,0.000000,0.000000
2557000,0.000000,0.000000,0.000000
2558000,0.000000,0.000000,0.000000
2559000,0.000000,0.000000,0.000000
2560000,0.000000,0.000000,0.000000
2561000,0.000000,0.000000,0.000000
2562000,0.000000,0.000000,0.000000
2563000,0.000000,0.000000,0.000000
2564000,0.000000,0.000000,0.000000
2565000,0.000000,0.000000,0.000000
2566000,0.000000,0.000000,0.000000
2567000,0.000000,0.000000,0.000000
2568000,0.000000,0.000000,0.000000
2569000,0.000000,0.000000,0.000000
2570000,0.000000,0.000000,0.000000
2571000,0.000000,0.000000,0.000000
2572000,0.000000,0.000000,0.000000
2573000,0.000000,0.000000,0.000000
2574000,0.000000,0.000000,0.000000
2575000,0.000000,0.000000,0.000000
2576000,0.000000,0.000000,0.000000
2577000,0.000000,0.000000,0.000000
2578000,0.000000,0.000000,0.000000
2579000,0.000000,0.000000,0.000000
2580000,0.000000,0.000000,0.000000
2581000,0.000000,0.000000,0.000000
2582000,0.000000,0.000000,0.000000
2583000,0.000000,0.000000,0.000000
2584000,0.000000,0.000000,0.000000
2585000,0.000000,0.000000,0.000000
2586000,0.000000,0.000000,0.000000
2587000,0.000000,0.000000,0.000000
2588000,0.000000,0.000000,0.000000
2589000,0.000000,0.000000,0.000000
2590000,0.000000,0.000000,0.000000
2591000,0.000000,0.000000,0.000000
2592000,0.000000,0.000000,0.000000
2593000,0.000000,0.000000,0.000000
2594000,0.000000,0.000000,0.000000
2595000,0.000000,0.000000,0.000000
2596000,0.000000,0.000000,0.000000
2597000,0.000000,0.000000,0.000000
2598000,0.000000,0.000000,0.000000
2599000,0.000000,0.000000,0.000000
2600000,0.000000,0.000000,0.000000
2601000,0.000000,0.000000,0.000000
2602000,0.000000,0.000000,0.000000
2603000,0.000000,0.000000,0.000000
2604000,0.000000,0.000000,0.000000
2605000,0.000000,0.000000,0.000000
2606000,0.000000,0.000000,0.000000
2607000,0.000000,0.000000,0.000000
2608000,0.000000,0.000000,0.000000
2609000,0.000000,0.000000,0.000000
2610000,0.000000,0.000000,0.000000
2611000,0.000000,0.000000,0.000000
2612000,0.000000,0.000000,0.000000
2613000,0.000000,0.000000,0.000000
2614000,0.000000,0.000000,0.000000
2615000,0.000000,0.000000,0.000000
2616000,0.000000,0.000000,0.000000
2617000,0.000000,0.000000,0.000000
2618000,0.000000,0.000000,0.000000
2619000,0.000000,0.000000,0.000000
2620000,0.000000,0.000000,0.000000
2621000,0.000000,0.000000,0.000000
2622000,0.000000,0.000000,0.000000
2623000,0.000000,0.000000,0.000000
2624000,0.000000,0.000000,0.000000
2625000,0.000000,0.000000,0.000000
2626000,0.000000,0.000000,0.000000
2627000,0.000000,0.000000,0.000000
2628000,0.000000,0.000000,0.000000
2629000,0.000000,0.000000,0.000000
2630000,0.000000,0.000000,0.000000
2631000,0.000000,0.000000,0.000000
2632000,0.000000,0.000000,0.000000
2633000,0.000000,0.000000,0.000000
2634000,0.000000,0.000000,0.000000
2635000,0.000000,0.000000,0.000000
2636000,0.000000,0.000000,0.000000
2637000,0.000000,0.000000,0.000000
2638000,0.000000,0.000000,0.000000
2639000,0.000000,0.000000,0.000000
2640000,0.000000,0.000000,0.000000
2641000,0.000000,0.000000,0.000000
2642000,0.000000,0.000000,0.000000
2643000,0.000000,0.000000,0.000000
2644000,0.000000,0.000000,0.000000
2645000,0.000000,0.000000,0.000000
2646000,0.000000,0.000000,0.000000
2647000,0.000000,0.000000,0.000000
2648000,0.000000,0.000000,0.000000
2649000,0.000000,0.000000,0.000000
2650000,0.000000,0.000000,0.000000
2651000,0.000000,0.000000,0.000000
2652000,0.000000,0.000000,0.000000
2653000,0.000000,0.000000,0.000000
2654000,0.000000,0.000000,0.000000
2655000,0.000000,0.000000,0.000000
2656000,0.000000,0.000000,0.000000
2657000,0.000000,0.000000,0.000000
2658000,0.000000,0.000000,0.000000
2659000,0.000000,0.000000,0.000000
2660000,0.000000,0.000000,0.000000
2661000,0.000000,0.000000,0.000000
2662000,0.000000,0.000000,0.000000
2663000,0.000000,0.000000,0.000000
2664000,0.000000,0.000000,0.000000
2665000,0.000000,0.000000,0.000000
2666000,0.000000,0.000000,0.000000
2667000,0.000000,0.000000,0.000000
2668000,0.000000,0.000000,0.000000
2669000,0.000000,0.000000,0.000000
2670000,0.000000,0.000000,0.000000
2671000,0.000000,0.000000,0.000000
2672000,0.000000,0.000000,0.000000
2673000,0.000000,0.000000,0.000000
2674000,0.000000,0.000000,0.000000
2675000,0.000000,0.000000,0.000000
2676000,0.000000,0.000000,0.000000
2677000,0.000000,0.000000,0.000000
2678000,0.000000,0.000000,0.000000
2679000,0.000000,0.000000,0.000000
2680000,0.000000,0.000000,0.000000
2681000,0.000000,0.000000,0.000000
2682000,0.000000,0.000000,0.000000
2683000,0.000000,0.000000,0.000000
2684000,0.000000,0.000000,0.000000
2685000,0.000000,0.000000,0.000000
2686000,0.000000,0.000000,0.000000
2687000,0.000000,0.000000,0.000000
2688000,0.000000,0.000000,0.000000
2689000,0.000000,0.000000,0.000000
2690000,0.000000,0.000000,0.000000
2691000,0.000000,0.000000,0.000000
2692000,0.000000,0.000000,0.000000
2693000,0.000000,0.000000,0.000000
2694000,0.000000,0.000000,0.000000
2695000,0.000000,0.000000,0.000000
2696000,0.000000,0.000000,0.000000
2697000,0.000000,0.000000,0.000000
2698000,0.000000,0.000000,0.000000
2699000,0.000000,0.000000,0.000000
2700000,0.000000,0.000000,0.000000
2701000,0.000000,0.000000,0.000000
2702000,0.000000,0.000000,0.000000
2703000,0.000000,0.000000,0.000000
2704000,0.000000,0.000000,0.000000
2705000,0.000000,0.000000,0.000000
2706000,0.000000,0.000000,0.000000
2707000,0.000000,0.000000,0.000000
2708000,0.000000,0.000000,0.000000
2709000,0.000000,0.000000,0.000000
2710000,0.000000,0.000000,0.000000
2711000,0.000000,0.000000,0.000000
2712000,0.000000,0.000000,0.000000
2713000,0.000000,0.000000,0.000000
2714000,0.000000,0.000000,0.000000
2715000,0.000000,0.000000,0.000000
2716000,0.000000,0.000000,0.000000
2717000,0.000000,0.000000,0.000000
2718000,0.000000,0.000000,0.000000
2719000,0.000000,0.000000,0.000000
2720000,0.000000,0.000000,0.000000
2721000,0.000000,0.000000,0.000000
2722000,0.000000,0.000000,0.000000
2723000,0.000000,0.000000,0.000000
2724000,0.000000,0.000000,0.000000
2725000,0.000000,0.000000,0.000000
2726000,0.000000,0.000000,0.000000
2727000,0.000000,0.000000,0.000000
2728000,0.000000,0.000000,0.000000
2729000,0.000000,0.000000,0.000000
2730000,0.000000,0.000000,0.000000
2731000,0.000000,0.000000,0.000000
2732000,0.000000,0.000000,0.000000
2733000,0.000000,0.000000,0.000000
2734000,0.000000,0.000000,0.000000
2735000,0.000000,0.000000,0.000000
2736000,0.000000,0.000000,0.000000
2737000,0.000000,0.000000,0.000000
2738000,0.000000,0.000000,0.000000
2739000,0.000000,0.000000,0.000000
2740000,0.000000,0.000000,0.000000
2741000,0.000000,0.000000,0.000000
2742000,0.000000,0.000000,0.000000
2743000,0.000000,0.000000,0.000000
2744000,0.000000,0.000000,0.000000
2745000,0.000000,0.000000,0.000000
2746000,0.000000,0.000000,0.000000
2747000,0.000000,0.000000,0.000000
2748000,0.000000,0.000000,0.000000
2749000,0.000000,0.000000,0.000000
2750000,0.000000,0.000000,0.000000
2751000,0.000000,0.000000,0.000000
2752000,0.000000,0.000000,0.000000
2753000,0.000000,0.000000,0.000000
2754000,0.000000,0.000000,0.000000
2755000,0.000000,0.000000,0.000000
2756000,0.000000,0.000000,0.000000
2757000,0.000000,0.000000,0.000000
2758000,0.000000,0.000000,0.000000
2759000,0.000000,0.000000,0.000000
2760000,0.000000,0.000000,0.000000
2761000,0.000000,0.000000,0.000000
2762000,0.000000,0.000000,0.000000
2763000,0.000000,0.000000,0.000000
2764000,0.000000,0.000000,0.000000
2765000,0.000000,0.000000,0.000000
2766000,0.000000,0.000000,0.000000
2767000,0.000000,0.000000,0.000000
2768000,0.000000,0.000000,0.000000
2769000,0.000000,0.000000,0.000000
2770000,0.000000,0.000000,0.000000
2771000,0.000000,0.000000,0.000000
2772000,0.000000,0.000000,0.000000
2773000,0.000000,0.000000,0.000000
2774000,0.000000,0.000000,0.000000
2775000,0.000000,0.000000,0.000000
2776000,0.000000,0.000000,0.000000
2777000,0.000000,0.000000,0.000000
2778000,0.000000,0.000000,0.000000
2779000,0.000000,0.000000,0.000000
2780000,0.000000,0.000000,0.000000
2781000,0.000000,0.000000,0.000000
2782000,0.000000,0.000000,0.000000
2783000,0.000000,0.000000,0.000000
2784000,0.000000,0.000000,0.000000
2785000,0.000000,0.000000,0.000000
2786000,0.000000,0.000000,0.000000
2787000,0.000000,0.000000,0.000000
2788000,0.000000,0.000000,0.000000
2789000,0.000000,0.000000,0.000000
2790000,0.000000,0.000000,0.000000
2791000,0.000000,0.000000,0.000000
2792000,0.000000,0.000000,0.000000
2793000,0.000000,0.000000,0.000000
2794000,0.000000,0.000000,0.000000
2795000,0.000000,0.000000,0.000000
2796000,0.000000,0.000000,0.000000
2797000,0.000000,0.000000,0.000000
2798000,0.000000,0.000000,0.000000
2799000,0.000000,0.000000,0.000000
2800000,0.000000,0.000000,0.000000
2801000,0.000000,0.000000,0.000000
2802000,0.000000,0.000000,0.000000
2803000,0.000000,0.000000,0.000000
2804000,0.000000,0.000000,0.000000
2805000,0.000000,0.000000,0.000000
2806000,0.000000,0.000000,0.000000
2807000,0.000000,0.000000,0.000000
2808000,0.000000,0.000000,0.000000
2809000,0.000000,0.000000,0.000000
2810000,0.000000,0.000000,0.000000
2811000,0.000000,0.000000,0.000000
2812000,0.000000,0.000000,0.000000
2813000,0.000000,0.000000,0.000000
2814000,0.000000,0.000000,0.000000
2815000,0.000000,0.000000,0.000000
2816000,0.000000,0.000000,0.000000
2817000,0.000000,0.000000,0.000000
2818000,0.000000,0.000000,0.000000
2819000,0.000000,0.000000,0.000000
2820000,0.000000,0.000000,0.000000
2821000,0.000000,0.000000,0.000000
2822000,0.000000,0.000000,0.000000
2823000,0.000000,0.000000,0.000000
2824000,0.000000,0.000000,0.000000
2825000,0.000000,0.000000,0.000000
2826000,0.000000,0.000000,0.000000
2827000,0.000000,0.000000,0.000000
2828000,0.000000,0.000000,0.000000
2829000,0.000000,0.000000,0.000000
2830000,0.000000,0.000000,0.000000
2831000,0.000000,0.000000,0.000000
2832000,0.000000,0.000000,0.000000
2833000,0.000000,0.000000,0.000000
2834000,0.000000,0.000000,0.000000
2835000,0.000000,0.000000,0.000000
2836000,0.000000,0.000000,0.000000
2837000,0.000000,0.000000,0.000000
2838000,0.000000,0.000000,0.000000
2839000,0.000000,0.000000,0.000000
2840000,0.000000,0.000000,0.000000
2841000,0.000000,0.000000,0.000000
2842000,0.000000,0.000000,0.000000
2843000,0.000000,0.000000,0.000000
2844000,0.000000,0.000000,0.000000
2845000,0.000000,0.000000,0.000000
2846000,0.000000,0.000000,0.000000
2847000,0.000000,0.000000,0.000000
2848000,0.000000,0.000000,0.000000
2849000,0.000000,0.000000,0.000000
2850000,0.000000,0.000000,0.000000
2851000,0.000000,0.000000,0.000000
2852000,0.000000,0.000000,0.000000
2853000,0.000000,0.000000,0.000000
2854000,0.000000,0.000000,0.000000
2855000,0.000000,0.000000,0.000000
2856000,0.000000,0.000000,0.000000
2857000,0.000000,0.000000,0.000000
2858000,0.000000,0.000000,0.000000
2859000,0.000000,0.000000,0.000000
2860000,0.000000,0.000000,0.000000
2861000,0.000000,0.000000,0.000000
2862000,0.000000,0.000000,0.000000
2863000,0.000000,0.000000,0.000000
2864000,0.000000,0.000000,0.000000
2865000,0.000000,0.000000,0.000000
2866000,0.000000,0.000000,0.000000
2867000,0.000000,0.000000,0.000000
2868000,0.000000,0.000000,0.000000
2869000,0.000000,0.000000,0.000000
2870000,0.000000,0.000000,0.000000
2871000,0.000000,0.000000,0.000000
2872000,0.000000,0.000000,0.000000
2873000,0.000000,0.000000,0.000000
2874000,0.000000,0.000000,0.000000
2875000,0.000000,0.000000,0.000000
2876000,0.000000,0.000000,0.000000
2877000,0.000000,0.000000,0.000000
2878000,0.000000,0.000000,0.000000
2879000,0.000000,0.000000,0.000000
2880000,0.000000,0.000000,0.000000
2881000,0.000000,0.000000,0.000000
2882000,0.000000,0.000000,0.000000
2883000,0.000000,0.000000,0.000000
2884000,0.000000,0.000000,0.000000
2885000,0.000000,0.000000,0.000000
2886000,0.000000,0.000000,0.000000
2887000,0.000000,0.000000,0.000000
2888000,0.000000,0.000000,0.000000
2889000,0.000000,0.000000,0.000000
2890000,0.000000,0.000000,0.000000
2891000,0.000000,0.000000,0.000000
2892000,0.000000,0.000000,0.000000
2893000,0.000000,0.000000,0.000000
2894000,0.000000,0.000000,0.000000
2895000,0.000000,0.000000,0.000000
2896000,0.000000,0.000000,0.000000
2897000,0.000000,0.000000,0.000000
2898000,0.000000,0.000000,0.000000
2899000,0.000000,0.000000,0.000000
2900000,0.000000,0.000000,0.000000
2901000,0.000000,0.000000,0.000000
2902000,0.000000,0.000000,0.000000
2903000,0.000000,0.000000,0.000000
2904000,0.000000,0.000000,0.000000
2905000,0.000000,0.000000,0.000000
2906000,0.000000,0.000000,0.000000
2907000,0.000000,0.000000,0.000000
2908000,0.000000,0.000000,0.000000
2909000,0.000000,0.000000,0.000000
2910000,0.000000,0.000000,0.000000
2911000,0.000000,0.000000,0.000000
2912000,0.000000,0.000000,0.000000
2913000,0.000000,0.000000,0.000000
2914000,0.000000,0.000000,0.000000
2915000,0.000000,0.000000,0.000000
2916000,0.000000,0.000000,0.000000
2917000,0.000000,0.000000,0.000000
2918000,0.000000,0.000000,0.000000
2919000,0.000000,0.000000,0.000000
2920000,0.000000,0.000000,0.000000
2921000,0.000000,0.000000,0.000000
2922000,0.000000,0.000000,0.000000
2923000,0.000000,0.000000,0.000000
2924000,0.000000,0.000000,0.000000
2925000,0.000000,0.000000,0.000000
2926000,0.000000,0.000000,0.000000
2927000,0.000000,0.000000,0.000000
2928000,0.000000,0.000000,0.000000
2929000,0.000000,0.000000,0.000000
2930000,0.000000,0.000000,0.000000
2931000,0.000000,0.000000,0.000000
2932000,0.000000,0.000000,0.000000
2933000,0.000000,0.000000,0.000000
2934000,0.000000,0.000000,0.000000
2935000,0.000000,0.000000,0.000000
2936000,0.000000,0.000000,0.000000
2937000,0.000000,0.000000,0.000000
2938000,0.000000,0.000000,0.000000
2939000,0.000000,0.000000,0.000000
2940000,0.000000,0.000000,0.000000
2941000,0.000000,0.000000,0.000000
2942000,0.000000,0.000000,0.000000
2943000,0.000000,0.000000,0.000000
2944000,0.000000,0.000000,0.000000
2945000,0.000000,0.000000,0.000000
2946000,0.000000,0.000000,0.000000
2947000,0.000000,0.000000,0.000000
2948000,0.000000,0.000000,0.000000
2949000,0.000000,0.000000,0.000000
2950000,0.000000,0.000000,0.000000
2951000,0.000000,0.000000,0.000000
2952000,0.000000,0.000000,0.000000
2953000,0.000000,0.000000,0.000000
2954000,0.000000,0.000000,0.000000
2955000,0.000000,0.000000,0.000000
2956000,0.000000,0.000000,0.000000
2957000,0.000000,0.000000,0.000000
2958000,0.000000,0.000000,0.000000
2959000,0.000000,0.000000,0.000000
2960000,0.000000,0.000000,0.000000
2961000,0.000000,0.000000,0.000000
2962000,0.000000,0.000000,0.000000
2963000,0.000000,0.000000,0.000000
2964000,0.000000,0.000000,0.000000
2965000,0.000000,0.000000,0.000000
2966000,0.000000,0.000000,0.000000
2967000,0.000000,0.000000,0.000000
2968000,0.000000,0.000000,0.000000
2969000,0.000000,0.000000,0.000000
2970000,0.000000,0.000000,0.000000
2971000,0.000000,0.000000,0.000000
2972000,0.000000,0.000000,0.000000
2973000,0.000000,0.000000,0.000000
2974000,0.000000,0.000000,0.000000
2975000,0.000000,0.000000,0.000000
2976000,0.000000,0.000000,0.000000
2977000,0.000000,0.000000,0.000000
2978000,0.000000,0.000000,0.000000
2979000,0.000000,0.000000,0.000000
2980000,0.000000,0.000000,0.000000
2981000,0.000000,0.000000,0.000000
2982000,0.000000,0.000000,0.000000
2983000,0.000000,0.000000,0.000000
2984000,0.000000,0.000000,0.000000
2985000,0.000000,0.000000,0.000000
2986000,0.000000,0.000000,0.000000
2987000,0.000000,0.000000,0.000000
2988000,0.000000,0.000000,0.000000
2989000,0.000000,0.000000,0.000000
2990000,0.000000,0.000000,0.000000
2991000,0.000000,0.000000,0.000000
2992000,0.000000,0.000000,0.000000
2993000,0.000000,0.000000,0.000000
2994000,0.000000,0.000000,0.000000
2995000,0.000000,0.000000,0.000000
2996000,0.000000,0.000000,0.000000
2997000,0.000000,0.000000,0.000000
2998000,0.000000,0.000000,0.000000
2999000,0.000000,0.000000,0.000000
3000000,0.000000,0.000000,0.000000
3001000,0.000000,0.000000,0.000000
3002000,0.000000,0.000000,0.000000
3003000,0.000000,0.000000,0.000000
3004000,0.000000,0.000000,0.000000
3005000,0.000000,0.000000,0.000000
3006000,0.000000,0.000000,0.000000
3007000,0.000000,0.000000,0.000000
3008000,0.000000,0.000000,0.000000
3009000,0.000000,0.000000,0.000000
3010000,0.000000,0.000000,0.000000
3011000,0.000000,0.000000,0.000000
3012000,0.000000,0.000000,0.000000
3013000,0.000000,0.000000,0.000000
3014000,0.000000,0.000000,0.000000
3015000,0.000000,0.000000,0.000000
3016000,0.000000,0.000000,0.000000
3017000,0.000000,0.000000,0.000000
3018000,0.000000,0.000000,0.000000
3019000,0.000000,0.000000,0.000000
3020000,0.000000,0.000000,0.000000
3021000,0.000000,0.000000,0.000000
3022000,0.000000,0.000000,0.000000
3023000,0.000000,0.000000,0.000000
3024000,0.000000,0.000000,0.000000
3025000,0.000000,0.000000,0.000000
3026000,0.000000,0.000000,0.000000
3027000,0.000000,0.000000,0.000000
3028000,0.000000,0.000000,0.000000
3029000,0.000000,0.000000,0.000000
3030000,0.000000,0.000000,0.000000
3031000,0.000000,0.000000,0.000000
3032000,0.000000,0.000000,0.000000
3033000,0.000000,0.000000,0.000000
3034000,0.000000,0.000000,0.000000
3035000,0.000000,0.000000,0.000000
3036000,0.000000,0.000000,0.000000
3037000,0.000000,0.000000,0.000000
3038000,0.000000,0.000000,0.000000
3039000,0.000000,0.000000,0.000000
3040000,0.000000,0.000000,0.000000
3041000,0.000000,0.000000,0.000000
3042000,0.000000,0.000000,0.000000
3043000,0.000000,0.000000,0.000000
3044000,0.000000,0.000000,0.000000
3045000,0.000000,0.000000,0.000000
3046000,0.000000,0.000000,0.000000
3047000,0.000000,0.000000,0.000000
3048000,0.000000,0.000000,0.000000
3049000,0.000000,0.000000,0.000000
3050000,0.000000,0.000000,0.000000
3051000,0.000000,0.000000,0.000000
3052000,0.000000,0.000000,0.000000
3053000,0.000000,0.000000,0.000000
3054000,0.000000,0.000000,0.000000
3055000,0.000000,0.000000,0.000000
3056000,0.000000,0.000000,0.000000
3057000,0.000000,0.000000,0.000000
3058000,0.000000,0.000000,0.000000
3059000,0.000000,0.000000,0.000000
3060000,0.000000,0.000000,0.000000
3061000,0.000000,0.000000,0.000000
3062000,0.000000,0.000000,0.000000
3063000,0.000000,0.000000,0.000000
3064000,0.000000,0.000000,0.000000
3065000,0.000000,0.000000,0.000000
3066000,0.000000,0.000000,0.000000
3067000,0.000000,0.000000,0.000000
3068000,0.000000,0.000000,0.000000
3069000,0.000000,0.000000,0.000000
3070000,0.000000,0.000000,0.000000
3071000,0.000000,0.000000,0.000000
3072000,0.000000,0.000000,0.000000
3073000,0.000000,0.000000,0.000000
3074000,0.000000,0.000000,0.000000
3075000,0.000000,0.000000,0.000000
3076000,0.000000,0.000000,0.000000
3077000,0.000000,0.000000,0.000000
3078000,0.000000,0.000000,0.000000
3079000,0.000000,0.000000,0.000000
3080000,0.000000,0.000000,0.000000
3081000,0.000000,0.000000,0.000000
3082000,0.000000,0.000000,0.000000
3083000,0.000000,0.000000,0.000000
3084000,0.000000,0.000000,0.000000
3085000,0.000000,0.000000,0.000000
3086000,0.000000,0.000000,0.000000
3087000,0.000000,0.000000,0.000000
3088000,0.000000,0.000000,0.000000
3089000,0.000000,0.000000,0.000000
3090000,0.000000,0.000000,0.000000
3091000,0.000000,0.000000,0.000000
3092000,0.000000,0.000000,0.000000
3093000,0.000000,0.000000,0.000000
3094000,0.000000,0.000000,0.000000
3095000,0.000000,0.000000,0.000000
3096000,0.000000,0.000000,0.000000
3097000,0.000000,0.000000,0.000000
3098000,0.000000,0.000000,0.000000
3099000,0.000000,0.000000,0.000000
3100000,0.000000,0.000000,0.000000
3101000,0.000000,0.000000,0.000000
3102000,0.000000,0.000000,0.000000
3103000,0.000000,0.000000,0.000000
3104000,0.000000,0.000000,0.000000
3105000,0.000000,0.000000,0.000000
3106000,0.000000,0.000000,0.000000
3107000,0.000000,0.000000,0.000000
3108000,0.000000,0.000000,0.000000
3109000,0.000000,0.000000,0.000000
3110000,0.000000,0.000000,0.000000
3111000,0.000000,0.000000,0.000000
3112000,0.000000,0.000000,0.000000
3113000,0.000000,0.000000,0.000000
3114000,0.000000,0.000000,0.000000
3115000,0.000000,0.000000,0.000000
3116000,0.000000,0.000000,0.000000
3117000,0.000000,0.000000,0.000000
3118000,0.000000,0.000000,0.000000
3119000,0.000000,0.000000,0.000000
3120000,0.000000,0.000000,0.000000
3121000,0.000000,0.000000,0.000000
3122000,0.000000,0.000000,0.000000
3123000,0.000000,0.000000,0.000000
3124000,0.000000,0.000000,0.000000
3125000,0.000000,0.000000,0.000000
3126000,0.000000,0.000000,0.000000
3127000,0.000000,0.000000,0.000000
3128000,0.000000,0.000000,0.000000
3129000,0.000000,0.000000,0.000000
3130000,0.000000,0.000000,0.000000
3131000,0.000000,0.000000,0.000000
3132000,0.000000,0.000000,0.000000
3133000,0.000000,0.000000,0.000000
3134000,0.000000,0.000000,0.000000
3135000,0.000000,0.000000,0.000000
3136000,0.000000,0.000000,0.000000
3137000,0.000000,0.000000,0.000000
3138000,0.000000,0.000000,0.000000
3139000,0.000000,0.000000,0.000000
3140000,0.000000,0.000000,0.000000
3141000,0.000000,0.000000,0.000000
3142000,0.000000,0.000000,0.000000
3143000,0.000000,0.000000,0.000000
3144000,0.000000,0.000000,0.000000
3145000,0.000000,0.000000,0.000000
3146000,0.000000,0.000000,0.000000
3147000,0.000000,0.000000,0.000000
3148000,0.000000,0.000000,0.000000
3149000,0.000000,0.000000,0.000000
3150000,0.000000,0.000000,0.000000
3151000,0.000000,0.000000,0.000000
3152000,0.000000,0.000000,0.000000
3153000,0.000000,0.000000,0.000000
3154000,0.000000,0.000000,0.000000
3155000,0.000000,0.000000,0.000000
3156000,0.000000,0.000000,0.000000
3157000,0.000000,0.000000,0.000000
3158000,0.000000,0.000000,0.000000
3159000,0.000000,0.000000,0.000000
3160000,0.000000,0.000000,0.000000
3161000,0.000000,0.000000,0.000000
3162000,0.000000,0.000000,0.000000
3163000,0.000000,0.000000,0.000000
3164000,0.000000,0.000000,0.000000
3165000,0.000000,0.000000,0.000000
3166000,0.000000,0.000000,0.000000
3167000,0.000000,0.000000,0.000000
3168000,0.000000,0.000000,0.000000
3169000,0.000000,0.000000,0.000000
3170000,0.000000,0.000000,0.000000
3171000,0.000000,0.000000,0.000000
3172000,0.000000,0.000000,0.000000
3173000,0.000000,0.000000,0.000000
3174000,0.000000,0.000000,0.000000
3175000,0.000000,0.000000,0.000000
3176000,0.000000,0.000000,0.000000
3177000,0.000000,0.000000,0.000000
3178000,0.000000,0.000000,0.000000
3179000,0.000000,0.000000,0.000000
3180000,0.000000,0.000000,0.000000
3181000,0.000000,0.000000,0.000000
3182000,0.000000,0.000000,0.000000
3183000,0.000000,0.000000,0.000000
3184000,0.000000,0.000000,0.000000
3185000,0.000000,0.000000,0.000000
3186000,0.000000,0.000000,0.000000
3187000,0.000000,0.000000,0.000000
3188000,0.000000,0.000000,0.000000
3189000,0.000000,0.000000,0.000000
3190000,0.000000,0.000000,0.000000
3191000,0.000000,0.000000,0.000000
3192000,0.000000,0.000000,0.000000
3193000,0.000000,0.000000,0.000000
3194000,0.000000,0.000000,0.000000
3195000,0.000000,0.000000,0.000000
3196000,0.000000,0.000000,0.000000
3197000,0.000000,0.000000,0.000000
3198000,0.000000,0.000000,0.000000
3199000,0.000000,0.000000,0.000000
3200000,0.000000,0.000000,0.000000
3201000,0.000000,0.000000,0.000000
3202000,0.000000,0.000000,0.000000
3203000,0.000000,0.000000,0.000000
3204000,0.000000,0.000000,0.000000
3205000,0.000000,0.000000,0.000000
3206000,0.000000,0.000000,0.000000
3207000,0.000000,0.000000,0.000000
3208000,0.000000,0.000000,0.000000
3209000,0.000000,0.000000,0.000000
3210000,0.000000,0.000000,0.000000
3211000,0.000000,0.000000,0.000000
3212000,0.000000,0.000000,0.000000
3213000,0.000000,0.000000,0.000000
3214000,0.000000,0.000000,0.000000
3215000,0.000000,0.000000,0.000000
3216000,0.000000,0.000000,0.000000
3217000,0.000000,0.000000,0.000000
3218000,0.000000,0.000000,0.000000
3219000,0.000000,0.000000,0.000000
3220000,0.000000,0.000000,0.000000
3221000,0.000000,0.000000,0.000000
3222000,0.000000,0.000000,0.000000
3223000,0.000000,0.000000,0.000000
3224000,0.000000,0.000000,0.000000
3225000,0.000000,0.000000,0.000000
3226000,0.000000,0.000000,0.000000
3227000,0.000000,0.000000,0.000000
3228000,0.000000,0.000000,0.000000
3229000,0.000000,0.000000,0.000000
3230000,0.000000,0.000000,0.000000
3231000,0.000000,0.000000,0.000000
3232000,0.000000,0.000000,0.000000
3233000,0.000000,0.000000,0.000000
3234000,0.000000,0.000000,0.000000
3235000,0.000000,0.000000,0.000000
3236000,0.000000,0.000000,0.000000
3237000,0.000000,0.000000,0.000000
3238000,0.000000,0.000000,0.000000
3239000,0.000000,0.000000,0.000000
3240000,0.000000,0.000000,0.000000
3241000,0.000000,0.000000,0.000000
3242000,0.000000,0.000000,0.000000
3243000,0.000000,0.000000,0.000000
3244000,0.000000,0.000000,0.000000
3245000,0.000000,0.000000,0.000000
3246000,0.000000,0.000000,0.000000
3247000,0.000000,0.000000,0.000000
3248000,0.000000,0.000000,0.000000
3249000,0.000000,0.000000,0.000000
3250000,0.000000,0.000000,0.000000
3251000,0.000000,0.000000,0.000000
3252000,0.000000,0.000000,0.000000
3253000,0.000000,0.000000,0.000000
3254000,0.000000,0.000000,0.000000
3255000,0.000000,0.000000,0.000000
3256000,0.000000,0.000000,0.000000
3257000,0.000000,0.000000,0.000000
3258000,0.000000,0.000000,0.000000
3259000,0.000000,0.000000,0.000000
3260000,0.000000,0.000000,0.000000
3261000,0.000000,0.000000,0.000000
3262000,0.000000,0.000000,0.000000
3263000,0.000000,0.000000,0.000000
3264000,0.000000,0.000000,0.000000
3265000,0.000000,0.000000,0.000000
3266000,0.000000,0.000000,0.000000
3267000,0.000000,0.000000,0.000000
3268000,0.000000,0.000000,0.000000
3269000,0.000000,0.000000,0.000000
3270000,0.000000,0.000000,0.000000
3271000,0.000000,0.000000,0.000000
3272000,0.000000,0.000000,0.000000
3273000,0.000000,0.000000,0.000000
3274000,0.000000,0.000000,0.000000
3275000,0.000000,0.000000,0.000000
3276000,0.000000,0.000000,0.000000
3277000,0.000000,0.000000,0.000000
3278000,0.000000,0.000000,0.000000
3279000,0.000000,0.000000,0.000000
3280000,0.000000,0.000000,0.000000
3281000,0.000000,0.000000,0.000000
3282000,0.000000,0.000000,0.000000
3283000,0.000000,0.000000,0.000000
3284000,0.000000,0.000000,0.000000
3285000,0.000000,0.000000,0.000000
3286000,0.000000,0.000000,0.000000
3287000,0.000000,0.000000,0.000000
3288000,0.000000,0.000000,0.000000
3289000,0.000000,0.000000,0.000000
3290000,0.000000,0.000000,0.000000
3291000,0.000000,0.000000,0.000000
3292000,0.000000,0.000000,0.000000
3293000,0.000000,0.000000,0.000000
3294000,0.000000,0.000000,0.000000
3295000,0.000000,0.000000,0.000000
3296000,0.000000,0.000000,0.000000
3297000,0.000000,0.000000,0.000000
3298000,0.000000,0.000000,0.000000
3299000,0.000000,0.000000,0.000000
3300000,0.000000,0.000000,0.000000
3301000,0.000000,0.000000,0.000000
3302000,0.000000,0.000000,0.000000
3303000,0.000000,0.000000,0.000000
3304000,0.000000,0.000000,0.000000
3305000,0.000000,0.000000,0.000000
3306000,0.000000,0.000000,0.000000
3307000,0.000000,0.000000,0.000000
3308000,0.000000,0.000000,0.000000
3309000,0.000000,0.000000,0.000000
3310000,0.000000,0.000000,0.000000
3311000,0.000000,0.000000,0.000000
3312000,0.000000,0.000000,0.000000
3313000,0.000000,0.000000,0.000000
3314000,0.000000,0.000000,0.000000
3315000,0.000000,0.000000,0.000000
3316000,0.000000,0.000000,0.000000
3317000,0.000000,0.000000,0.000000
3318000,0.000000,0.000000,0.000000
3319000,0.000000,0.000000,0.000000
3320000,0.000000,0.000000,0.000000
3321000,0.000000,0.000000,0.000000
3322000,0.000000,0.000000,0.000000
3323000,0.000000,0.000000,0.000000
3324000,0.000000,0.000000,0.000000
3325000,0.000000,0.000000,0.000000
3326000,0.000000,0.000000,0.000000
3327000,0.000000,0.000000,0.000000
3328000,0.000000,0.000000,0.000000
3329000,0.000000,0.000000,0.000000
3330000,0.000000,0.000000,0.000000
3331000,0.000000,0.000000,0.000000
3332000,0.000000,0.000000,0.000000
3333000,0.000000,0.000000,0.000000
3334000,0.000000,0.000000,0.000000
3335000,0.000000,0.000000,0.000000
3336000,0.000000,0.000000,0.000000
3337000,0.000000,0.000000,0.000000
3338000,0.000000,0.000000,0.000000
3339000,0.000000,0.000000,0.000000
3340000,0.000000,0.000000,0.000000
3341000,0.000000,0.000000,0.000000
3342000,0.000000,0.000000,0.000000
3343000,0.000000,0.000000,0.000000
3344000,0.000000,0.000000,0.000000
3345000,0.000000,0.000000,0.000000
3346000,0.000000,0.000000,0.000000
3347000,0.000000,0.000000,0.000000
3348000,0.000000,0.000000,0.000000
3349000,0.000000,0.000000,0.000000
3350000,0.000000,0.000000,0.000000
3351000,0.000000,0.000000,0.000000
3352000,0.000000,0.000000,0.000000
3353000,0.000000,0.000000,0.000000
3354000,0.000000,0.000000,0.000000
3355000,0.000000,0.000000,0.000000
3356000,0.000000,0.000000,0.000000
3357000,0.000000,0.000000,0.000000
3358000,0.000000,0.000000,0.000000
3359000,0.000000,0.000000,0.000000
3360000,0.000000,0.000000,0.000000
3361000,0.000000,0.000000,0.000000
3362000,0.000000,0.000000,0.000000
3363000,0.000000,0.000000,0.000000
3364000,0.000000,0.000000,0.000000
3365000,0.000000,0.000000,0.000000
3366000,0.000000,0.000000,0.000000
3367000,0.000000,0.000000,0.000000
3368000,0.000000,0.000000,0.000000
3369000,0.000000,0.000000,0.000000
3370000,0.000000,0.000000,0.000000
3371000,0.000000,0.000000,0.000000
3372000,0.000000,0.000000,0.000000
3373000,0.000000,0.000000,0.000000
3374000,0.000000,0.000000,0.000000
3375000,0.000000,0.000000,0.000000
3376000,0.000000,0.000000,0.000000
3377000,0.000000,0.000000,0.000000
3378000,0.000000,0.000000,0.000000
3379000,0.000000,0.000000,0.000000
3380000,0.000000,0.000000,0.000000
3381000,0.000000,0.000000,0.000000
3382000,0.000000,0.000000,0.000000
3383000,0.000000,0.000000,0.000000
3384000,0.000000,0.000000,0.000000
3385000,0.000000,0.000000,0.000000
3386000,0.000000,0.000000,0.000000
3387000,0.000000,0.000000,0.000000
3388000,0.000000,0.000000,0.000000
3389000,0.000000,0.000000,0.000000
3390000,0.000000,0.000000,0.000000
3391000,0.000000,0.000000,0.000000
3392000,0.000000,0.000000,0.000000
3393000,0.000000,0.000000,0.000000
3394000,0.000000,0.000000,0.000000
3395000,0.000000,0.000000,0.000000
3396000,0.000000,0.000000,0.000000
3397000,0.000000,0.000000,0.000000
3398000,0.000000,0.000000,0.000000
3399000,0.000000,0.000000,0.000000
3400000,0.000000,0.000000,0.000000
3401000,0.000000,0.000000,0.000000
3402000,0.000000,0.000000,0.000000
3403000,0.000000,0.000000,0.000000
3404000,0.000000,0.000000,0.000000
3405000,0.000000,0.000000,0.000000
3406000,0.000000,0.000000,0.000000
3407000,0.000000,0.000000,0.000000
3408000,0.000000,0.000000,0.000000
3409000,0.000000,0.000000,0.000000
3410000,0.000000,0.000000,0.000000
3411000,0.000000,0.000000,0.000000
3412000,0.000000,0.000000,0.000000
3413000,0.000000,0.000000,0.000000
3414000,0.000000,0.000000,0.000000
3415000,0.000000,0.000000,0.000000
3416000,0.000000,0.000000,0.000000
3417000,0.000000,0.000000,0.000000
3418000,0.000000,0.000000,0.000000
3419000,0.000000,0.000000,0.000000
3420000,0.000000,0.000000,0.000000
3421000,0.000000,0.000000,0.000000
3422000,0.000000,0.000000,0.000000
3423000,0.000000,0.000000,0.000000
3424000,0.000000,0.000000,0.000000
3425000,0.000000,0.000000,0.000000
3426000,0.000000,0.000000,0.000000
3427000,0.000000,0.000000,0.000000
3428000,0.000000,0.000000,0.000000
3429000,0.000000,0.000000,0.000000
3430000,0.000000,0.000000,0.000000
3431000,0.000000,0.000000,0.000000
3432000,0.000000,0.000000,0.000000
3433000,0.000000,0.000000,0.000000
3434000,0.000000,0.000000,0.000000
3435000,0.000000,0.000000,0.000000
3436000,0.000000,0.000000,0.000000
3437000,0.000000,0.000000,0.000000
3438000,0.000000,0.000000,0.000000
3439000,0.000000,0.000000,0.000000
3440000,0.000000,0.000000,0.000000
3441000,0.000000,0.000000,0.000000
3442000,0.000000,0.000000,0.000000
3443000,0.000000,0.000000,0.000000
3444000,0.000000,0.000000,0.000000
3445000,0.000000,0.000000,0.000000
3446000,0.000000,0.000000,0.000000
3447000,0.000000,0.000000,0.000000
3448000,0.000000,0.000000,0.000000
3449000,0.000000,0.000000,0.000000
3450000,0.000000,0.000000,0.000000
3451000,0.000000,0.000000,0.000000
3452000,0.000000,0.000000,0.000000
3453000,0.000000,0.000000,0.000000
3454000,0.000000,0.000000,0.000000
3455000,0.000000,0.000000,0.000000
3456000,0.000000,0.000000,0.000000
3457000,0.000000,0.000000,0.000000
3458000,0.000000,0.000000,0.000000
3459000,0.000000,0.000000,0.000000
3460000,0.000000,0.000000,0.000000
3461000,0.000000,0.000000,0.000000
3462000,0.000000,0.000000,0.000000
3463000,0.000000,0.000000,0.000000
3464000,0.000000,0.000000,0.000000
3465000,0.000000,0.000000,0.000000
3466000,0.000000,0.000000,0.000000
3467000,0.000000,0.000000,0.000000
3468000,0.000000,0.000000,0.000000
3469000,0.000000,0.000000,0.000000
3470000,0.000000,0.000000,0.000000
3471000,0.000000,0.000000,0.000000
3472000,0.000000,0.000000,0.000000
3473000,0.000000,0.000000,0.000000
3474000,0.000000,0.000000,0.000000
3475000,0.000000,0.000000,0.000000
3476000,0.000000,0.000000,0.000000
3477000,0.000000,0.000000,0.000000
3478000,0.000000,0.000000,0.000000
3479000,0.000000,0.000000,0.000000
3480000,0.000000,0.000000,0.000000
3481000,0.000000,0.000000,0.000000
3482000,0.000000,0.000000,0.000000
3483000,0.000000,0.000000,0.000000
3484000,0.000000,0.000000,0.000000
3485000,0.000000,0.000000,0.000000
3486000,0.000000,0.000000,0.000000
3487000,0.000000,0.000000,0.000000
3488000,0.000000,0.000000,0.000000
3489000,0.000000,0.000000,0.000000
3490000,0.000000,0.000000,0.000000
3491000,0.000000,0.000000,0.000000
3492000,0.000000,0.000000,0.000000
3493000,0.000000,0.000000,0.000000
3494000,0.000000,0.000000,0.000000
3495000,0.000000,0.000000,0.000000
3496000,0.000000,0.000000,0.000000
3497000,0.000000,0.000000,0.000000
3498000,0.000000,0.000000,0.000000
3499000,0.000000,0.000000,0.000000
3500000,0.000000,0.000000,0.000000
3501000,0.000000,0.000000,0.000000
3502000,0.000000,0.000000,0.000000
3503000,0.000000,0.000000,0.000000
3504000,0.000000,0.000000,0.000000
3505000,0.000000,0.000000,0.000000
3506000,0.000000,0.000000,0.000000
3507000,0.000000,0.000000,0.000000
3508000,0.000000,0.000000,0.000000
3509000,0.000000,0.000000,0.000000
3510000,0.000000,0.000000,0.000000
3511000,0.000000,0.000000,0.000000
3512000,0.000000,0.000000,0.000000
3513000,0.000000,0.000000,0.000000
3514000,0.000000,0.000000,0.000000
3515000,0.000000,0.000000,0.000000
3516000,0.000000,0.000000,0.000000
3517000,0.000000,0.000000,0.000000
3518000,0.000000,0.000000,0.000000
3519000,0.000000,0.000000,0.000000
3520000,0.000000,0.000000,0.000000
3521000,0.000000,0.000000,0.000000
3522000,0.000000,0.000000,0.000000
3523000,0.000000,0.000000,0.000000
3524000,0.000000,0.000000,0.000000
3525000,0.000000,0.000000,0.000000
3526000,0.000000,0.000000,0.000000
3527000,0.000000,0.000000,0.000000
3528000,0.000000,0.000000,0.000000
3529000,0.000000,0.000000,0.000000
3530000,0.000000,0.000000,0.000000
3531000,0.000000,0.000000,0.000000
3532000,0.000000,0.000000,0.000000
3533000,0.000000,0.000000,0.000000
3534000,0.000000,0.000000,0.000000
3535000,0.000000,0.000000,0.000000
3536000,0.000000,0.000000,0.000000
3537000,0.000000,0.000000,0.000000
3538000,0.000000,0.000000,0.000000
3539000,0.000000,0.000000,0.000000
3540000,0.000000,0.000000,0.000000
3541000,0.000000,0.000000,0.000000
3542000,0.000000,0.000000,0.000000
3543000,0.000000,0.000000,0.000000
3544000,0.000000,0.000000,0.000000
3545000,0.000000,0.000000,0.000000
3546000,0.000000,0.000000,0.000000
3547000,0.000000,0.000000,0.000000
3548000,0.000000,0.000000,0.000000
3549000,0.000000,0.000000,0.000000
3550000,0.000000,0.000000,0.000000
3551000,0.000000,0.000000,0.000000
3552000,0.000000,0.000000,0.000000
3553000,0.000000,0.000000,0.000000
3554000,0.000000,0.000000,0.000000
3555000,0.000000,0.000000,0.000000
3556000,0.000000,0.000000,0.000000
3557000,0.000000,0.000000,0.000000
3558000,0.000000,0.000000,0.000000
3559000,0.000000,0.000000,0.000000
3560000,0.000000,0.000000,0.000000
3561000,0.000000,0.000000,0.000000
3562000,0.000000,0.000000,0.000000
3563000,0.000000,0.000000,0.000000
3564000,0.000000,0.000000,0.000000
3565000,0.000000,0.000000,0.000000
3566000,0.000000,0.000000,0.000000
3567000,0.000000,0.000000,0.000000
3568000,0.000000,0.000000,0.000000
3569000,0.000000,0.000000,0.000000
3570000,0.000000,0.000000,0.000000
3571000,0.000000,0.000000,0.000000
3572000,0.000000,0.000000,0.000000
3573000,0.000000,0.000000,0.000000
3574000,0.000000,0.000000,0.000000
3575000,0.000000,0.000000,0.000000
3576000,0.000000,0.000000,0.000000
3577000,0.000000,0.000000,0.000000
3578000,0.000000,0.000000,0.000000
3579000,0.000000,0.000000,0.000000
3580000,0.000000,0.000000,0.000000
3581000,0.000000,0.000000,0.000000
3582000,0.000000,0.000000,0.000000
3583000,0.000000,0.000000,0.000000
3584000,0.000000,0.000000,0.000000
3585000,0.000000,0.000000,0.000000
3586000,0.000000,0.000000,0.000000
3587000,0.000000,0.000000,0.000000
3588000,0.000000,0.000000,0.000000
3589000,0.000000,0.000000,0.000000
3590000,0.000000,0.000000,0.000000
3591000,0.000000,0.000000,0.000000
3592000,0.000000,0.000000,0.000000
3593000,0.000000,0.000000,0.000000
3594000,0.000000,0.000000,0.000000
3595000,0.000000,0.000000,0.000000
3596000,0.000000,0.000000,0.000000
3597000,0.000000,0.000000,0.000000
3598000,0.000000,0.000000,0.000000
3599000,0.000000,0.000000,0.000000
3600000,0.000000,0.000000,0.000000
3601000,0.000000,0.000000,0.000000
3602000,0.000000,0.000000,0.000000
3603000,0.000000,0.000000,0.000000
3604000,0.000000,0.000000,0.000000
3605000,0.000000,0.000000,0.000000
3606000,0.000000,0.000000,0.000000
3607000,0.000000,0.000000,0.000000
3608000,0.000000,0.000000,0.000000
3609000,0.000000,0.000000,0.000000
3610000,0.000000,0.000000,0.000000
3611000,0.000000,0.000000,0.000000
3612000,0.000000,0.000000,0.000000
3613000,0.000000,0.000000,0.000000
3614000,0.000000,0.000000,0.000000
3615000,0.000000,0.000000,0.000000
3616000,0.000000,0.000000,0.000000
3617000,0.000000,0.000000,0.000000
3618000,0.000000,0.000000,0.000000
3619000,0.000000,0.000000,0.000000
3620000,0.000000,0.000000,0.000000
3621000,0.000000,0.000000,0.000000
3622000,0.000000,0.000000,0.000000
3623000,0.000000,0.000000,0.000000
3624000,0.000000,0.000000,0.000000
3625000,0.000000,0.000000,0.000000
3626000,0.000000,0.000000,0.000000
3627000,0.000000,0.000000,0.000000
3628000,0.000000,0.000000,0.000000
3629000,0.000000,0.000000,0.000000
3630000,0.000000,0.000000,0.000000
3631000,0.000000,0.000000,0.000000
3632000,0.000000,0.000000,0.000000
3633000,0.000000,0.000000,0.000000
3634000,0.000000,0.000000,0.000000
3635000,0.000000,0.000000,0.000000
3636000,0.000000,0.000000,0.000000
3637000,0.000000,0.000000,0.000000
3638000,0.000000,0.000000,0.000000
3639000,0.000000,0.000000,0.000000
3640000,0.000000,0.000000,0.000000
3641000,0.000000,0.000000,0.000000
3642000,0.000000,0.000000,0.000000
3643000,0.000000,0.000000,0.000000
3644000,0.000000,0.000000,0.000000
3645000,0.000000,0.000000,0.000000
3646000,0.000000,0.000000,0.000000
3647000,0.000000,0.000000,0.000000
3648000,0.000000,0.000000,0.000000
3649000,0.000000,0.000000,0.000000
3650000,0.000000,0.000000,0.000000
3651000,0.000000,0.000000,0.000000
3652000,0.000000,0.000000,0.000000
3653000,0.000000,0.000000,0.000000
3654000,0.000000,0.000000,0.000000
3655000,0.000000,0.000000,0.000000
3656000,0.000000,0.000000,0.000000
3657000,0.000000,0.000000,0.000000
3658000,0.000000,0.000000,0.000000
3659000,0.000000,0.000000,0.000000
3660000,0.000000,0.000000,0.000000
3661000,0.000000,0.000000,0.000000
3662000,0.000000,0.000000,0.000000
3663000,0.000000,0.000000,0.000000
3664000,0.000000,0.000000,0.000000
3665000,0.000000,0.000000,0.000000
3666000,0.000000,0.000000,0.000000
3667000,0.000000,0.000000,0.000000
3668000,0.000000,0.000000,0.000000
3669000,0.000000,0.000000,0.000000
3670000,0.000000,0.000000,0.000000
3671000,0.000000,0.000000,0.000000
3672000,0.000000,0.000000,0.000000
3673000,0.000000,0.000000,0.000000
3674000,0.000000,0.000000,0.000000
3675000,0.000000,0.000000,0.000000
3676000,0.000000,0.000000,0.000000
3677000,0.000000,0.000000,0.000000
3678000,0.000000,0.000000,0.000000
3679000,0.000000,0.000000,0.000000
3680000,0.000000,0.000000,0.000000
3681000,0.000000,0.000000,0.000000
3682000,0.000000,0.000000,0.000000
3683000,0.000000,0.000000,0.000000
3684000,0.000000,0.000000,0.000000
3685000,0.000000,0.000000,0.000000
3686000,0.000000,0.000000,0.000000
3687000,0.000000,0.000000,0.000000
3688000,0.000000,0.000000,0.000000
3689000,0.000000,0.000000,0.000000
3690000,0.000000,0.000000,0.000000
3691000,0.000000,0.000000,0.000000
3692000,0.000000,0.000000,0.000000
3693000,0.000000,0.000000,0.000000
3694000,0.000000,0.000000,0.000000
3695000,0.000000,0.000000,0.000000
3696000,0.000000,0.000000,0.000000
3697000,0.000000,0.000000,0.000000
3698000,0.000000,0.000000,0.000000
3699000,0.000000,0.000000,0.000000
3700000,0.000000,0.000000,0.000000
3701000,0.000000,0.000000,0.000000
3702000,0.000000,0.000000,0.000000
3703000,0.000000,0.000000,0.000000
3704000,0.000000,0.000000,0.000000
3705000,0.000000,0.000000,0.000000
3706000,0.000000,0.000000,0.000000
3707000,0.000000,0.000000,0.000000
3708000,0.000000,0.000000,0.000000
3709000,0.000000,0.000000,0.000000
3710000,0.000000,0.000000,0.000000
3711000,0.000000,0.000000,0.000000
3712000,0.000000,0.000000,0.000000
3713000,0.000000,0.000000,0.000000
3714000,0.000000,0.000000,0.000000
3715000,0.000000,0.000000,0.000000
3716000,0.000000,0.000000,0.000000
3717000,0.000000,0.000000,0.000000
3718000,0.000000,0.000000,0.000000
3719000,0.000000,0.000000,0.000000
3720000,0.000000,0.000000,0.000000
3721000,0.000000,0.000000,0.000000
3722000,0.000000,0.000000,0.000000
3723000,0.000000,0.000000,0.000000
3724000,0.000000,0.000000,0.000000
3725000,0.000000,0.000000,0.000000
3726000,0.000000,0.000000,0.000000
3727000,0.000000,0.000000,0.000000
3728000,0.000000,0.000000,0.000000
3729000,0.000000,0.000000,0.000000
3730000,0.000000,0.000000,0.000000
3731000,0.000000,0.000000,0.000000
3732000,0.000000,0.000000,0.000000
3733000,0.000000,0.000000,0.000000
3734000,0.000000,0.000000,0.000000
3735000,0.000000,0.000000,0.000000
3736000,0.000000,0.000000,0.000000
3737000,0.000000,0.000000,0.000000
3738000,0.000000,0.000000,0.000000
3739000,0.000000,0.000000,0.000000
3740000,0.000000,0.000000,0.000000
3741000,0.000000,0.000000,0.000000
3742000,0.000000,0.000000,0.000000
3743000,0.000000,0.000000,0.000000
3744000,0.000000,0.000000,0.000000
3745000,0.000000,0.000000,0.000000
3746000,0.000000,0.000000,0.000000
3747000,0.000000,0.000000,0.000000
3748000,0.000000,0.000000,0.000000
3749000,0.000000,0.000000,0.000000
3750000,0.000000,0.000000,0.000000
3751000,0.000000,0.000000,0.000000
3752000,0.000000,0.000000,0.000000
3753000,0.000000,0.000000,0.000000
3754000,0.000000,0.000000,0.000000
3755000,0.000000,0.000000,0.000000
3756000,0.000000,0.000000,0.000000
3757000,0.000000,0.000000,0.000000
3758000,0.000000,0.000000,0.000000
3759000,0.000000,0.000000,0.000000
3760000,0.000000,0.000000,0.000000
3761000,0.000000,0.000000,0.000000
3762000,0.000000,0.000000,0.000000
3763000,0.000000,0.000000,0.000000
3764000,0.000000,0.000000,0.000000
3765000,0.000000,0.000000,0.000000
3766000,0.000000,0.000000,0.000000
3767000,0.000000,0.000000,0.000000
3768000,0.000000,0.000000,0.000000
3769000,0.000000,0.000000,0.000000
3770000,0.000000,0.000000,0.000000
3771000,0.000000,0.000000,0.000000
3772000,0.000000,0.000000,0.000000
3773000,0.000000,0.000000,0.000000
3774000,0.000000,0.000000,0.000000
3775000,0.000000,0.000000,0.000000
3776000,0.000000,0.000000,0.000000
3777000,0.000000,0.000000,0.000000
3778000,0.000000,0.000000,0.000000
3779000,0.000000,0.000000,0.000000
3780000,0.000000,0.000000,0.000000
3781000,0.000000,0.000000,0.000000
3782000,0.000000,0.000000,0.000000
3783000,0.000000,0.000000,0.000000
3784000,0.000000,0.000000,0.000000
3785000,0.000000,0.000000,0.000000
3786000,0.000000,0.000000,0.000000
3787000,0.000000,0.000000,0.000000
3788000,0.000000,0.000000,0.000000
3789000,0.000000,0.000000,0.000000
3790000,0.000000,0.000000,0.000000
3791000,0.000000,0.000000,0.000000
3792000,0.000000,0.000000,0.000000
3793000,0.000000,0.000000,0.000000
3794000,0.000000,0.000000,0.000000
3795000,0.000000,0.000000,0.000000
3796000,0.000000,0.000000,0.000000
3797000,0.000000,0.000000,0.000000
3798000,0.000000,0.000000,0.000000
3799000,0.000000,0.000000,0.000000
3800000,0.000000,0.000000,0.000000
3801000,0.000000,0.000000,0.000000
3802000,0.000000,0.000000,0.000000
3803000,0.000000,0.000000,0.000000
3804000,0.000000,0.000000,0.000000
3805000,0.000000,0.000000,0.000000
3806000,0.000000,0.000000,0.000000
3807000,0.000000,0.000000,0.000000
3808000,0.000000,0.000000,0.000000
3809000,0.000000,0.000000,0.000000
3810000,0.000000,0.000000,0.000000
3811000,0.000000,0.000000,0.000000
3812000,0.000000,0.000000,0.000000
3813000,0.000000,0.000000,0.000000
3814000,0.000000,0.000000,0.000000
3815000,0.000000,0.000000,0.000000
3816000,0.000000,0.000000,0.000000
3817000,0.000000,0.000000,0.000000
3818000,0.000000,0.000000,0.000000
3819000,0.000000,0.000000,0.000000
3820000,0.000000,0.000000,0.000000
3821000,0.000000,0.000000,0.000000
3822000,0.000000,0.000000,0.000000
3823000,0.000000,0.000000,0.000000
3824000,0.000000,0.000000,0.000000
3825000,0.000000,0.000000,0.000000
3826000,0.000000,0.000000,0.000000
3827000,0.000000,0.000000,0.000000
3828000,0.000000,0.000000,0.000000
3829000,0.000000,0.000000,0.000000
3830000,0.000000,0.000000,0.000000
3831000,0.000000,0.000000,0.000000
3832000,0.000000,0.000000,0.000000
3833000,0.000000,0.000000,0.000000
3834000,0.000000,0.000000,0.000000
3835000,0.000000,0.000000,0.000000
3836000,0.000000,0.000000,0.000000
3837000,0.000000,0.000000,0.000000
3838000,0.000000,0.000000,0.000000
3839000,0.000000,0.000000,0.000000
3840000,0.000000,0.000000,0.000000
3841000,0.000000,0.000000,0.000000
3842000,0.000000,0.000000,0.000000
3843000,0.000000,0.000000,0.000000
3844000,0.000000,0.000000,0.000000
3845000,0.000000,0.000000,0.000000
3846000,0.000000,0.000000,0.000000
3847000,0.000000,0.000000,0.000000
3848000,0.000000,0.000000,0.000000
3849000,0.000000,0.000000,0.000000
3850000,0.000000,0.000000,0.000000
3851000,0.000000,0.000000,0.000000
3852000,0.000000,0.000000,0.000000
3853000,0.000000,0.000000,0.000000
3854000,0.000000,0.000000,0.000000
3855000,0.000000,0.000000,0.000000
3856000,0.000000,0.000000,0.000000
3857000,0.000000,0.000000,0.000000
3858000,0.000000,0.000000,0.000000
3859000,0.000000,0.000000,0.000000
3860000,0.000000,0.000000,0.000000
3861000,0.000000,0.000000,0.000000
3862000,0.000000,0.000000,0.000000
3863000,0.000000,0.000000,0.000000
3864000,0.000000,0.000000,0.000000
3865000,0.000000,0.000000,0.000000
3866000,0.000000,0.000000,0.000000
3867000,0.000000,0.000000,0.000000
3868000,0.000000,0.000000,0.000000
3869000,0.000000,0.000000,0.000000
3870000,0.000000,0.000000,0.000000
3871000,0.000000,0.000000,0.000000
3872000,0.000000,0.000000,0.000000
3873000,0.000000,0.000000,0.000000
3874000,0.000000,0.000000,0.000000
3875000,0.000000,0.000000,0.000000
3876000,0.000000,0.000000,0.000000
3877000,0.000000,0.000000,0.000000
3878000,0.000000,0.000000,0.000000
3879000,0.000000,0.000000,0.000000
3880000,0.000000,0.000000,0.000000
3881000,0.000000,0.000000,0.000000
3882000,0.000000,0.000000,0.000000
3883000,0.000000,0.000000,0.000000
3884000,0.000000,0.000000,0.000000
3885000,0.000000,0.000000,0.000000
3886000,0.000000,0.000000,0.000000
3887000,0.000000,0.000000,0.000000
3888000,0.000000,0.000000,0.000000
3889000,0.000000,0.000000,0.000000
3890000,0.000000,0.000000,0.000000
3891000,0.000000,0.000000,0.000000
3892000,0.000000,0.000000,0.000000
3893000,0.000000,0.000000,0.000000
3894000,0.000000,0.000000,0.000000
3895000,0.000000,0.000000,0.000000
3896000,0.000000,0.000000,0.000000
3897000,0.000000,0.000000,0.000000
3898000,0.000000,0.000000,0.000000
3899000,0.000000,0.000000,0.000000
3900000,0.000000,0.000000,0.000000
3901000,0.000000,0.000000,0.000000
3902000,0.000000,0.000000,0.000000
3903000,0.000000,0.000000,0.000000
3904000,0.000000,0.000000,0.000000
3905000,0.000000,0.000000,0.000000
3906000,0.000000,0.000000,0.000000
3907000,0.000000,0.000000,0.000000
3908000,0.000000,0.000000,0.000000
3909000,0.000000,0.000000,0.000000
3910000,0.000000,0.000000,0.000000
3911000,0.000000,0.000000,0.000000
3912000,0.000000,0.000000,0.000000
3913000,0.000000,0.000000,0.000000
3914000,0.000000,0.000000,0.000000
3915000,0.000000,0.000000,0.000000
3916000,0.000000,0.000000,0.000000
3917000,0.000000,0.000000,0.000000
3918000,0.000000,0.000000,0.000000
3919000,0.000000,0.000000,0.000000
3920000,0.000000,0.000000,0.000000
3921000,0.000000,0.000000,0.000000
3922000,0.000000,0.000000,0.000000
3923000,0.000000,0.000000,0.000000
3924000,0.000000,0.000000,0.000000
3925000,0.000000,0.000000,0.000000
3926000,0.000000,0.000000,0.000000
3927000,0.000000,0.000000,0.000000
3928000,0.000000,0.000000,0.000000
3929000,0.000000,0.000000,0.000000
3930000,0.000000,0.000000,0.000000
3931000,0.000000,0.000000,0.000000
3932000,0.000000,0.000000,0.000000
3933000,0.000000,0.000000,0.000000
3934000,0.000000,0.000000,0.000000
3935000,0.000000,0.000000,0.000000
3936000,0.000000,0.000000,0.000000
3937000,0.000000,0.000000,0.000000
3938000,0.000000,0.000000,0.000000
3939000,0.000000,0.000000,0.000000
3940000,0.000000,0.000000,0.000000
3941000,0.000000,0.000000,0.000000
3942000,0.000000,0.000000,0.000000
3943000,0.000000,0.000000,0.000000
3944000,0.000000,0.000000,0.000000
3945000,0.000000,0.000000,0.000000
3946000,0.000000,0.000000,0.000000
3947000,0.000000,0.000000,0.000000
3948000,0.000000,0.000000,0.000000
3949000,0.000000,0.000000,0.000000
3950000,0.000000,0.000000,0.000000
3951000,0.000000,0.000000,0.000000
3952000,0.000000,0.000000,0.000000
3953000,0.000000,0.000000,0.000000
3954000,0.000000,0.000000,0.000000
3955000,0.000000,0.000000,0.000000
3956000,0.000000,0.000000,0.000000
3957000,0.000000,0.000000,0.000000
3958000,0.000000,0.000000,0.000000
3959000,0.000000,0.000000,0.000000
3960000,0.000000,0.000000,0.000000
3961000,0.000000,0.000000,0.000000
3962000,0.000000,0.000000,0.000000
3963000,0.000000,0.000000,0.000000
3964000,0.000000,0.000000,0.000000
3965000,0.000000,0.000000,0.000000
3966000,0.000000,0.000000,0.000000
3967000,0.000000,0.000000,0.000000
3968000,0.000000,0.000000,0.000000
3969000,0.000000,0.000000,0.000000
3970000,0.000000,0.000000,0.000000
3971000,0.000000,0.000000,0.000000
3972000,0.000000,0.000000,0.000000
3973000,0.000000,0.000000,0.000000
3974000,0.000000,0.000000,0.000000
3975000,0.000000,0.000000,0.000000
3976000,0.000000,0.000000,0.000000
3977000,0.000000,0.000000,0.000000
3978000,0.000000,0.000000,0.000000
3979000,0.000000,0.000000,0.000000
3980000,0.000000,0.000000,0.000000
3981000,0.000000,0.000000,0.000000
3982000,0.000000,0.000000,0.000000
3983000,0.000000,0.000000,0.000000
3984000,0.000000,0.000000,0.000000
3985000,0.000000,0.000000,0.000000
3986000,0.000000,0.000000,0.000000
3987000,0.000000,0.000000,0.000000
3988000,0.000000,0.000000,0.000000
3989000,0.000000,0.000000,0.000000
3990000,0.000000,0.000000,0.000000
3991000,0.000000,0.000000,0.000000
3992000,0.000000,0.000000,0.000000
3993000,0.000000,0.000000,0.000000
3994000,0.000000,0.000000,0.000000
3995000,0.000000,0.000000,0.000000
3996000,0.000000,0.000000,0.000000
3997000,0.000000,0.000000,0.000000
3998000,0.000000,0.000000,0.000000
3999000,0.000000,0.000000,0.000000
4000000,0.000000,0.000000,0.000000
4001000,0.000000,0.000000,0.000000
4002000,0.000000,0.000000,0.000000
4003000,0.000000,0.000000,0.000000
4004000,0.000000,0.000000,0.000000
4005000,0.000000,0.000000,0.000000
4006000,0.000000,0.000000,0.000000
4007000,0.000000,0.000000,0.000000
4008000,0.000000,0.000000,0.000000
4009000,0.000000,0.000000,0.000000
4010000,0.000000,0.000000,0.000000
4011000,0.000000,0.000000,0.000000
4012000,0.000000,0.000000,0.000000
4013000,0.000000,0.000000,0.000000
4014000,0.000000,0.000000,0.000000
4015000,0.000000,0.000000,0.000000
4016000,0.000000,0.000000,0.000000
4017000,0.000000,0.000000,0.000000
4018000,0.000000,0.000000,0.000000
4019000,0.000000,0.000000,0.000000
4020000,0.000000,0.000000,0.000000
4021000,0.000000,0.000000,0.000000
4022000,0.000000,0.000000,0.000000
4023000,0.000000,0.000000,0.000000
4024000,0.000000,0.000000,0.000000
4025000,0.000000,0.000000,0.000000
4026000,0.000000,0.000000,0.000000
4027000,0.000000,0.000000,0.000000
4028000,0.000000,0.000000,0.000000
4029000,0.000000,0.000000,0.000000
4030000,0.000000,0.000000,0.000000
4031000,0.000000,0.000000,0.000000
4032000,0.000000,0.000000,0.000000
4033000,0.000000,0.000000,0.000000
4034000,0.000000,0.000000,0.000000
4035000,0.000000,0.000000,0.000000
4036000,0.000000,0.000000,0.000000
4037000,0.000000,0.000000,0.000000
4038000,0.000000,0.000000,0.000000
4039000,0.000000,0.000000,0.000000
4040000,0.000000,0.000000,0.000000
4041000,0.000000,0.000000,0.000000
4042000,0.000000,0.000000,0.000000
4043000,0.000000,0.000000,0.000000
4044000,0.000000,0.000000,0.000000
4045000,0.000000,0.000000,0.000000
4046000,0.000000,0.000000,0.000000
4047000,0.000000,0.000000,0.000000
4048000,0.000000,0.000000,0.000000
4049000,0.000000,0.000000,0.000000
4050000,0.000000,0.000000,0.000000
4051000,0.000000,0.000000,0.000000
4052000,0.000000,0.000000,0.000000
4053000,0.000000,0.000000,0.000000
4054000,0.000000,0.000000,0.000000
4055000,0.000000,0.000000,0.000000
4056000,0.000000,0.000000,0.000000
4057000,0.000000,0.000000,0.000000
4058000,0.000000,0.000000,0.000000
4059000,0.000000,0.000000,0.000000
4060000,0.000000,0.000000,0.000000
4061000,0.000000,0.000000,0.000000
4062000,0.000000,0.000000,0.000000
4063000,0.000000,0.000000,0.000000
4064000,0.000000,0.000000,0.000000
4065000,0.000000,0.000000,0.000000
4066000,0.000000,0.000000,0.000000
4067000,0.000000,0.000000,0.000000
4068000,0.000000,0.000000,0.000000
4069000,0.000000,0.000000,0.000000
4070000,0.000000,0.000000,0.000000
4071000,0.000000,0.000000,0.000000
4072000,0.000000,0.000000,0.000000
4073000,0.000000,0.000000,0.000000
4074000,0.000000,0.000000,0.000000
4075000,0.000000,0.000000,0.000000
4076000,0.000000,0.000000,0.000000
4077000,0.000000,0.000000,0.000000
4078000,0.000000,0.000000,0.000000
4079000,0.000000,0.000000,0.000000
4080000,0.000000,0.000000,0.000000
4081000,0.000000,0.000000,0.000000
4082000,0.000000,0.000000,0.000000
4083000,0.000000,0.000000,0.000000
4084000,0.000000,0.000000,0.000000
4085000,0.000000,0.000000,0.000000
4086000,0.000000,0.000000,0.000000
4087000,0.000000,0.000000,0.000000
4088000,0.000000,0.000000,0.000000
4089000,0.000000,0.000000,0.000000
4090000,0.000000,0.000000,0.000000
4091000,0.000000,0.000000,0.000000
4092000,0.000000,0.000000,0.000000
4093000,0.000000,0.000000,0.000000
4094000,0.000000,0.000000,0.000000
4095000,0.000000,0.000000,0.000000
4096000,0.000000,0.000000,0.000000
4097000,0.000000,0.000000,0.000000
4098000,0.000000,0.000000,0.000000
4099000,0.000000,0.000000,0.000000
4100000,0.000000,0.000000,0.000000
4101000,0.000000,0.000000,0.000000
4102000,0.000000,0.000000,0.000000
4103000,0.000000,0.000000,0.000000
4104000,0.000000,0.000000,0.000000
4105000,0.000000,0.000000,0.000000
4106000,0.000000,0.000000,0.000000
4107000,0.000000,0.000000,0.000000
4108000,0.000000,0.000000,0.000000
4109000,0.000000,0.000000,0.000000
4110000,0.000000,0.000000,0.000000
4111000,0.000000,0.000000,0.000000
4112000,0.000000,0.000000,0.000000
4113000,0.000000,0.000000,0.000000
4114000,0.000000,0.000000,0.000000
4115000,0.000000,0.000000,0.000000
4116000,0.000000,0.000000,0.000000
4117000,0.000000,0.000000,0.000000
4118000,0.000000,0.000000,0.000000
4119000,0.000000,0.000000,0.000000
4120000,0.000000,0.000000,0.000000
4121000,0.000000,0.000000,0.000000
4122000,0.000000,0.000000,0.000000
4123000,0.000000,0.000000,0.000000
4124000,0.000000,0.000000,0.000000
4125000,0.000000,0.000000,0.000000
4126000,0.000000,0.000000,0.000000
4127000,0.000000,0.000000,0.000000
4128000,0.000000,0.000000,0.000000
4129000,0.000000,0.000000,0.000000
4130000,0.000000,0.000000,0.000000
4131000,0.000000,0.000000,0.000000
4132000,0.000000,0.000000,0.000000
4133000,0.000000,0.000000,0.000000
4134000,0.000000,0.000000,0.000000
4135000,0.000000,0.000000,0.000000
4136000,0.000000,0.000000,0.000000
4137000,0.000000,0.000000,0.000000
4138000,0.000000,0.000000,0.000000
4139000,0.000000,0.000000,0.000000
4140000,0.000000,0.000000,0.000000
4141000,0.000000,0.000000,0.000000
4142000,0.000000,0.000000,0.000000
4143000,0.000000,0.000000,0.000000
4144000,0.000000,0.000000,0.000000
4145000,0.000000,0.000000,0.000000
4146000,0.000000,0.000000,0.000000
4147000,0.000000,0.000000,0.000000
4148000,0.000000,0.000000,0.000000
4149000,0.000000,0.000000,0.000000
4150000,0.000000,0.000000,0.000000
4151000,0.000000,0.000000,0.000000
4152000,0.000000,0.000000,0.000000
4153000,0.000000,0.000000,0.000000
4154000,0.000000,0.000000,0.000000
4155000,0.000000,0.000000,0.000000
4156000,0.000000,0.000000,0.000000
4157000,0.000000,0.000000,0.000000
4158000,0.000000,0.000000,0.000000
4159000,0.000000,0.000000,0.000000
4160000,0.000000,0.000000,0.000000
4161000,0.000000,0.000000,0.000000
4162000,0.000000,0.000000,0.000000
4163000,0.000000,0.000000,0.000000
4164000,0.000000,0.000000,0.000000
4165000,0.000000,0.000000,0.000000
4166000,0.000000,0.000000,0.000000
4167000,0.000000,0.000000,0.000000
4168000,0.000000,0.000000,0.000000
4169000,0.000000,0.000000,0.000000
4170000,0.000000,0.000000,0.000000
4171000,0.000000,0.000000,0.000000
4172000,0.000000,0.000000,0.000000
4173000,0.000000,0.000000,0.000000
4174000,0.000000,0.000000,0.000000
4175000,0.000000,0.000000,0.000000
4176000,0.000000,0.000000,0.000000
4177000,0.000000,0.000000,0.000000
4178000,0.000000,0.000000,0.000000
4179000,0.000000,0.000000,0.000000
4180000,0.000000,0.000000,0.000000
4181000,0.000000,0.000000,0.000000
4182000,0.000000,0.000000,0.000000
4183000,0.000000,0.000000,0.000000
4184000,0.000000,0.000000,0.000000
4185000,0.000000,0.000000,0.000000
4186000,0.000000,0.000000,0.000000
4187000,0.000000,0.000000,0.000000
4188000,0.000000,0.000000,0.000000
4189000,0.000000,0.000000,0.000000
4190000,0.000000,0.000000,0.000000
4191000,0.000000,0.000000,0.000000
4192000,0.000000,0.000000,0.000000
4193000,0.000000,0.000000,0.000000
4194000,0.000000,0.000000,0.000000
4195000,0.000000,0.000000,0.000000
4196000,0.000000,0.000000,0.000000
4197000,0.000000,0.000000,0.000000
4198000,0.000000,0.000000,0.000000
4199000,0.000000,0.000000,0.000000
4200000,0.000000,0.000000,0.000000
4201000,0.000000,0.000000,0.000000
4202000,0.000000,0.000000,0.000000
4203000,0.000000,0.000000,0.000000
4204000,0.000000,0.000000,0.000000
4205000,0.000000,0.000000,0.000000
4206000,0.000000,0.000000,0.000000
4207000,0.000000,0.000000,0.000000
4208000,0.000000,0.000000,0.000000
4209000,0.000000,0.000000,0.000000
4210000,0.000000,0.000000,0.000000
4211000,0.000000,0.000000,0.000000
4212000,0.000000,0.000000,0.000000
4213000,0.000000,0.000000,0.000000
4214000,0.000000,0.000000,0.000000
4215000,0.000000,0.000000,0.000000
4216000,0.000000,0.000000,0.000000
4217000,0.000000,0.000000,0.000000
4218000,0.000000,0.000000,0.000000
4219000,0.000000,0.000000,0.000000
4220000,0.000000,0.000000,0.000000
4221000,0.000000,0.000000,0.000000
4222000,0.000000,0.000000,0.000000
4223000,0.000000,0.000000,0.000000
4224000,0.000000,0.000000,0.000000
4225000,0.000000,0.000000,0.000000
4226000,0.000000,0.000000,0.000000
4227000,0.000000,0.000000,0.000000
4228000,0.000000,0.000000,0.000000
4229000,0.000000,0.000000,0.000000
4230000,0.000000,0.000000,0.000000
4231000,0.000000,0.000000,0.000000
4232000,0.000000,0.000000,0.000000
4233000,0.000000,0.000000,0.000000
4234000,0.000000,0.000000,0.000000
4235000,0.000000,0.000000,0.000000
4236000,0.000000,0.000000,0.000000
4237000,0.000000,0.000000,0.000000
4238000,0.000000,0.000000,0.000000
4239000,0.000000,0.000000,0.000000
4240000,0.000000,0.000000,0.000000
4241000,0.000000,0.000000,0.000000
4242000,0.000000,0.000000,0.000000
4243000,0.000000,0.000000,0.000000
4244000,0.000000,0.000000,0.000000
4245000,0.000000,0.000000,0.000000
4246000,0.000000,0.000000,0.000000
4247000,0.000000,0.000000,0.000000
4248000,0.000000,0.000000,0.000000
4249000,0.000000,0.000000,0.000000
4250000,0.000000,0.000000,0.000000
4251000,0.000000,0.000000,0.000000
4252000,0.000000,0.000000,0.000000
4253000,0.000000,0.000000,0.000000
4254000,0.000000,0.000000,0.000000
4255000,0.000000,0.000000,0.000000
4256000,0.000000,0.000000,0.000000
4257000,0.000000,0.000000,0.000000
4258000,0.000000,0.000000,0.000000
4259000,0.000000,0.000000,0.000000
4260000,0.000000,0.000000,0.000000
4261000,0.000000,0.000000,0.000000
4262000,0.000000,0.000000,0.000000
4263000,0.000000,0.000000,0.000000
4264000,0.000000,0.000000,0.000000
4265000,0.000000,0.000000,0.000000
4266000,0.000000,0.000000,0.000000
4267000,0.000000,0.000000,0.000000
4268000,0.000000,0.000000,0.000000
4269000,0.000000,0.000000,0.000000
4270000,0.000000,0.000000,0.000000
4271000,0.000000,0.000000,0.000000
4272000,0.000000,0.000000,0.000000
4273000,0.000000,0.000000,0.000000
4274000,0.000000,0.000000,0.000000
4275000,0.000000,0.000000,0.000000
4276000,0.000000,0.000000,0.000000
4277000,0.000000,0.000000,0.000000
4278000,0.000000,0.000000,0.000000
4279000,0.000000,0.000000,0.000000
4280000,0.000000,0.000000,0.000000
4281000,0.000000,0.000000,0.000000
4282000,0.000000,0.000000,0.000000
4283000,0.000000,0.000000,0.000000
4284000,0.000000,0.000000,0.000000
4285000,0.000000,0.000000,0.000000
4286000,0.000000,0.000000,0.000000
4287000,0.000000,0.000000,0.000000
4288000,0.000000,0.000000,0.000000
4289000,0.000000,0.000000,0.000000
4290000,0.000000,0.000000,0.000000
4291000,0.000000,0.000000,0.000000
4292000,0.000000,0.000000,0.000000
4293000,0.000000,0.000000,0.000000
4294000,0.000000,0.000000,0.000000
4295000,0.000000,0.000000,0.000000
4296000,0.000000,0.000000,0.000000
4297000,0.000000,0.000000,0.000000
4298000,0.000000,0.000000,0.000000
4299000,0.000000,0.000000,0.000000
4300000,0.000000,0.000000,0.000000
4301000,0.000000,0.000000,0.000000
4302000,0.000000,0.000000,0.000000
4303000,0.000000,0.000000,0.000000
4304000,0.000000,0.000000,0.000000
4305000,0.000000,0.000000,0.000000
4306000,0.000000,0.000000,0.000000
4307000,0.000000,0.000000,0.000000
4308000,0.000000,0.000000,0.000000
4309000,0.000000,0.000000,0.000000
4310000,0.000000,0.000000,0.000000
4311000,0.000000,0.000000,0.000000
4312000,0.000000,0.000000,0.000000
4313000,0.000000,0.000000,0.000000
4314000,0.000000,0.000000,0.000000
4315000,0.000000,0.000000,0.000000
4316000,0.000000,0.000000,0.000000
4317000,0.000000,0.000000,0.000000
4318000,0.000000,0.000000,0.000000
4319000,0.000000,0.000000,0.000000
4320000,0.000000,0.000000,0.000000
4321000,0.000000,0.000000,0.000000
4322000,0.000000,0.000000,0.000000
4323000,0.000000,0.000000,0.000000
4324000,0.000000,0.000000,0.000000
4325000,0.000000,0.000000,0.000000
4326000,0.000000,0.000000,0.000000
4327000,0.000000,0.000000,0.000000
4328000,0.000000,0.000000,0.000000
4329000,0.000000,0.000000,0.000000
4330000,0.000000,0.000000,0.000000
4331000,0.000000,0.000000,0.000000
4332000,0.000000,0.000000,0.000000
4333000,0.000000,0.000000,0.000000
4334000,0.000000,0.000000,0.000000
4335000,0.000000,0.000000,0.000000
4336000,0.000000,0.000000,0.000000
4337000,0.000000,0.000000,0.000000
4338000,0.000000,0.000000,0.000000
4339000,0.000000,0.000000,0.000000
4340000,0.000000,0.000000,0.000000
4341000,0.000000,0.000000,0.000000
4342000,0.000000,0.000000,0.000000
4343000,0.000000,0.000000,0.000000
4344000,0.000000,0.000000,0.000000
4345000,0.000000,0.000000,0.000000
4346000,0.000000,0.000000,0.000000
4347000,0.000000,0.000000,0.000000
4348000,0.000000,0.000000,0.000000
4349000,0.000000,0.000000,0.000000
4350000,0.000000,0.000000,0.000000
4351000,0.000000,0.000000,0.000000
4352000,0.000000,0.000000,0.000000
4353000,0.000000,0.000000,0.000000
4354000,0.000000,0.000000,0.000000
4355000,0.000000,0.000000,0.000000
4356000,0.000000,0.000000,0.000000
4357000,0.000000,0.000000,0.000000
4358000,0.000000,0.000000,0.000000
4359000,0.000000,0.000000,0.000000
4360000,0.000000,0.000000,0.000000
4361000,0.000000,0.000000,0.000000
4362000,0.000000,0.000000,0.000000
4363000,0.000000,0.000000,0.000000
4364000,0.000000,0.000000,0.000000
4365000,0.000000,0.000000,0.000000
4366000,0.000000,0.000000,0.000000
4367000,0.000000,0.000000,0.000000
4368000,0.000000,0.000000,0.000000
4369000,0.000000,0.000000,0.000000
4370000,0.000000,0.000000,0.000000
4371000,0.000000,0.000000,0.000000
4372000,0.000000,0.000000,0.000000
4373000,0.000000,0.000000,0.000000
4374000,0.000000,0.000000,0.000000
4375000,0.000000,0.000000,0.000000
4376000,0.000000,0.000000,0.000000
4377000,0.000000,0.000000,0.000000
4378000,0.000000,0.000000,0.000000
4379000,0.000000,0.000000,0.000000
4380000,0.000000,0.000000,0.000000
4381000,0.000000,0.000000,0.000000
4382000,0.000000,0.000000,0.000000
4383000,0.000000,0.000000,0.000000
4384000,0.000000,0.000000,0.000000
4385000,0.000000,0.000000,0.000000
4386000,0.000000,0.000000,0.000000
4387000,0.000000,0.000000,0.000000
4388000,0.000000,0.000000,0.000000
4389000,0.000000,0.000000,0.000000
4390000,0.000000,0.000000,0.000000
4391000,0.000000,0.000000,0.000000
4392000,0.000000,0.000000,0.000000
4393000,0.000000,0.000000,0.000000
4394000,0.000000,0.000000,0.000000
4395000,0.000000,0.000000,0.000000
4396000,0.000000,0.000000,0.000000
4397000,0.000000,0.000000,0.000000
4398000,0.000000,0.000000,0.000000
4399000,0.000000,0.000000,0.000000
4400000,0.000000,0.000000,0.000000
4401000,0.000000,0.000000,0.000000
4402000,0.000000,0.000000,0.000000
4403000,0.000000,0.000000,0.000000
4404000,0.000000,0.000000,0.000000
4405000,0.000000,0.000000,0.000000
4406000,0.000000,0.000000,0.000000
4407000,0.000000,0.000000,0.000000
4408000,0.000000,0.000000,0.000000
4409000,0.000000,0.000000,0.000000
4410000,0.000000,0.000000,0.000000
4411000,0.000000,0.000000,0.000000
4412000,0.000000,0.000000,0.000000
4413000,0.000000,0.000000,0.000000
4414000,0.000000,0.000000,0.000000
4415000,0.000000,0.000000,0.000000
4416000,0.000000,0.000000,0.000000
4417000,0.000000,0.000000,0.000000
4418000,0.000000,0.000000,0.000000
4419000,0.000000,0.000000,0.000000
4420000,0.000000,0.000000,0.000000
4421000,0.000000,0.000000,0.000000
4422000,0.000000,0.000000,0.000000
4423000,0.000000,0.000000,0.000000
4424000,0.000000,0.000000,0.000000
4425000,0.000000,0.000000,0.000000
4426000,0.000000,0.000000,0.000000
4427000,0.000000,0.000000,0.000000
4428000,0.000000,0.000000,0.000000
4429000,0.000000,0.000000,0.000000
4430000,0.000000,0.000000,0.000000
4431000,0.000000,0.000000,0.000000
4432000,0.000000,0.000000,0.000000
4433000,0.000000,0.000000,0.000000
4434000,0.000000,0.000000,0.000000
4435000,0.000000,0.000000,0.000000
4436000,0.000000,0.000000,0.000000
4437000,0.000000,0.000000,0.000000
4438000,0.000000,0.000000,0.000000
4439000,0.000000,0.000000,0.000000
4440000,0.000000,0.000000,0.000000
4441000,0.000000,0.000000,0.000000
4442000,0.000000,0.000000,0.000000
4443000,0.000000,0.000000,0.000000
4444000,0.000000,0.000000,0.000000
4445000,0.000000,0.000000,0.000000
4446000,0.000000,0.000000,0.000000
4447000,0.000000,0.000000,0.000000
4448000,0.000000,0.000000,0.000000
4449000,0.000000,0.000000,0.000000
4450000,0.000000,0.000000,0.000000
4451000,0.000000,0.000000,0.000000
4452000,0.000000,0.000000,0.000000
4453000,0.000000,0.000000,0.000000
4454000,0.000000,0.000000,0.000000
4455000,0.000000,0.000000,0.000000
4456000,0.000000,0.000000,0.000000
4457000,0.000000,0.000000,0.000000
4458000,0.000000,0.000000,0.000000
4459000,0.000000,0.000000,0.000000
4460000,0.000000,0.000000,0.000000
4461000,0.000000,0.000000,0.000000
4462000,0.000000,0.000000,0.000000
4463000,0.000000,0.000000,0.000000
4464000,0.000000,0.000000,0.000000
4465000,0.000000,0.000000,0.000000
4466000,0.000000,0.000000,0.000000
4467000,0.000000,0.000000,0.000000
4468000,0.000000,0.000000,0.000000
4469000,0.000000,0.000000,0.000000
4470000,0.000000,0.000000,0.000000
4471000,0.000000,0.000000,0.000000
4472000,0.000000,0.000000,0.000000
4473000,0.000000,0.000000,0.000000
4474000,0.000000,0.000000,0.000000
4475000,0.000000,0.000000,0.000000
4476000,0.000000,0.000000,0.000000
4477000,0.000000,0.000000,0.000000
4478000,0.000000,0.000000,0.000000
4479000,0.000000,0.000000,0.000000
4480000,0.000000,0.000000,0.000000
4481000,0.000000,0.000000,0.000000
4482000,0.000000,0.000000,0.000000
4483000,0.000000,0.000000,0.000000
4484000,0.000000,0.000000,0.000000
4485000,0.000000,0.000000,0.000000
4486000,0.000000,0.000000,0.000000
4487000,0.000000,0.000000,0.000000
4488000,0.000000,0.000000,0.000000
4489000,0.000000,0.000000,0.000000
4490000,0.000000,0.000000,0.000000
4491000,0.000000,0.000000,0.000000
4492000,0.000000,0.000000,0.000000
4493000,0.000000,0.000000,0.000000
4494000,0.000000,0.000000,0.000000
4495000,0.000000,0.000000,0.000000
4496000,0.000000,0.000000,0.000000
4497000,0.000000,0.000000,0.000000
4498000,0.000000,0.000000,0.000000
4499000,0.000000,0.000000,0.000000
4500000,0.000000,0.000000,0.000000
4501000,0.000000,0.000000,0.000000
4502000,0.000000,0.000000,0.000000
4503000,0.000000,0.000000,0.000000
4504000,0.000000,0.000000,0.000000
4505000,0.000000,0.000000,0.000000
4506000,0.000000,0.000000,0.000000
4507000,0.000000,0.000000,0.000000
4508000,0.000000,0.000000,0.000000
4509000,0.000000,0.000000,0.000000
4510000,0.000000,0.000000,0.000000
4511000,0.000000,0.000000,0.000000
4512000,0.000000,0.000000,0.000000
4513000,0.000000,0.000000,0.000000
4514000,0.000000,0.000000,0.000000
4515000,0.000000,0.000000,0.000000
4516000,0.000000,0.000000,0.000000
4517000,0.000000,0.000000,0.000000
4518000,0.000000,0.000000,0.000000
4519000,0.000000,0.000000,0.000000
4520000,0.000000,0.000000,0.000000
4521000,0.000000,0.000000,0.000000
4522000,0.000000,0.000000,0.000000
4523000,0.000000,0.000000,0.000000
4524000,0.000000,0.000000,0.000000
4525000,0.000000,0.000000,0.000000
4526000,0.000000,0.000000,0.000000
4527000,0.000000,0.000000,0.000000
4528000,0.000000,0.000000,0.000000
4529000,0.000000,0.000000,0.000000
4530000,0.000000,0.000000,0.000000
4531000,0.000000,0.000000,0.000000
4532000,0.000000,0.000000,0.000000
4533000,0.000000,0.000000,0.000000
4534000,0.000000,0.000000,0.000000
4535000,0.000000,0.000000,0.000000
4536000,0.000000,0.000000,0.000000
4537000,0.000000,0.000000,0.000000
4538000,0.000000,0.000000,0.000000
4539000,0.000000,0.000000,0.000000
4540000,0.000000,0.000000,0.000000
4541000,0.000000,0.000000,0.000000
4542000,0.000000,0.000000,0.000000
4543000,0.000000,0.000000,0.000000
4544000,0.000000,0.000000,0.000000
4545000,0.000000,0.000000,0.000000
4546000,0.000000,0.000000,0.000000
4547000,0.000000,0.000000,0.000000
4548000,0.000000,0.000000,0.000000
4549000,0.000000,0.000000,0.000000
4550000,0.000000,0.000000,0.000000
4551000,0.000000,0.000000,0.000000
4552000,0.000000,0.000000,0.000000
4553000,0.000000,0.000000,0.000000
4554000,0.000000,0.000000,0.000000
4555000,0.000000,0.000000,0.000000
4556000,0.000000,0.000000,0.000000
4557000,0.000000,0.000000,0.000000
4558000,0.000000,0.000000,0.000000
4559000,0.000000,0.000000,0.000000
4560000,0.000000,0.000000,0.000000
4561000,0.000000,0.000000,0.000000
4562000,0.000000,0.000000,0.000000
4563000,0.000000,0.000000,0.000000
4564000,0.000000,0.000000,0.000000
4565000,0.000000,0.000000,0.000000
4566000,0.000000,0.000000,0.000000
4567000,0.000000,0.000000,0.000000
4568000,0.000000,0.000000,0.000000
4569000,0.000000,0.000000,0.000000
4570000,0.000000,0.000000,0.000000
4571000,0.000000,0.000000,0.000000
4572000,0.000000,0.000000,0.000000
4573000,0.000000,0.000000,0.000000
4574000,0.000000,0.000000,0.000000
4575000,0.000000,0.000000,0.000000
4576000,0.000000,0.000000,0.000000
4577000,0.000000,0.000000,0.000000
4578000,0.000000,0.000000,0.000000
4579000,0.000000,0.000000,0.000000
4580000,0.000000,0.000000,0.000000
4581000,0.000000,0.000000,0.000000
4582000,0.000000,0.000000,0.000000
4583000,0.000000,0.000000,0.000000
4584000,0.000000,0.000000,0.000000
4585000,0.000000,0.000000,0.000000
4586000,0.000000,0.000000,0.000000
4587000,0.000000,0.000000,0.000000
4588000,0.000000,0.000000,0.000000
4589000,0.000000,0.000000,0.000000
4590000,0.000000,0.000000,0.000000
4591000,0.000000,0.000000,0.000000
4592000,0.000000,0.000000,0.000000
4593000,0.000000,0.000000,0.000000
4594000,0.000000,0.000000,0.000000
4595000,0.000000,0.000000,0.000000
4596000,0.000000,0.000000,0.000000
4597000,0.000000,0.000000,0.000000
4598000,0.000000,0.000000,0.000000
4599000,0.000000,0.000000,0.000000
4600000,0.000000,0.000000,0.000000
4601000,0.000000,0.000000,0.000000
4602000,0.000000,0.000000,0.000000
4603000,0.000000,0.000000,0.000000
4604000,0.000000,0.000000,0.000000
4605000,0.000000,0.000000,0.000000
4606000,0.000000,0.000000,0.000000
4607000,0.000000,0.000000,0.000000
4608000,0.000000,0.000000,0.000000
4609000,0.000000,0.000000,0.000000
4610000,0.000000,0.000000,0.000000
4611000,0.000000,0.000000,0.000000
4612000,0.000000,0.000000,0.000000
4613000,0.000000,0.000000,0.000000
4614000,0.000000,0.000000,0.000000
4615000,0.000000,0.000000,0.000000
4616000,0.000000,0.000000,0.000000
4617000,0.000000,0.000000,0.000000
4618000,0.000000,0.000000,0.000000
4619000,0.000000,0.000000,0.000000
4620000,0.000000,0.000000,0.000000
4621000,0.000000,0.000000,0.000000
4622000,0.000000,0.000000,0.000000
4623000,0.000000,0.000000,0.000000
4624000,0.000000,0.000000,0.000000
4625000,0.000000,0.000000,0.000000
4626000,0.000000,0.000000,0.000000
4627000,0.000000,0.000000,0.000000
4628000,0.000000,0.000000,0.000000
4629000,0.000000,0.000000,0.000000
4630000,0.000000,0.000000,0.000000
4631000,0.000000,0.000000,0.000000
4632000,0.000000,0.000000,0.000000
4633000,0.000000,0.000000,0.000000
4634000,0.000000,0.000000,0.000000
4635000,0.000000,0.000000,0.000000
4636000,0.000000,0.000000,0.000000
4637000,0.000000,0.000000,0.000000
4638000,0.000000,0.000000,0.000000
4639000,0.000000,0.000000,0.000000
4640000,0.000000,0.000000,0.000000
4641000,0.000000,0.000000,0.000000
4642000,0.000000,0.000000,0.000000
4643000,0.000000,0.000000,0.000000
4644000,0.000000,0.000000,0.000000
4645000,0.000000,0.000000,0.000000
4646000,0.000000,0.000000,0.000000
4647000,0.000000,0.000000,0.000000
4648000,0.000000,0.000000,0.000000
4649000,0.000000,0.000000,0.000000
4650000,0.000000,0.000000,0.000000
4651000,0.000000,0.000000,0.000000
4652000,0.000000,0.000000,0.000000
4653000,0.000000,0.000000,0.000000
4654000,0.000000,0.000000,0.000000
4655000,0.000000,0.000000,0.000000
4656000,0.000000,0.000000,0.000000
4657000,0.000000,0.000000,0.000000
4658000,0.000000,0.000000,0.000000
4659000,0.000000,0.000000,0.000000
4660000,0.000000,0.000000,0.000000
4661000,0.000000,0.000000,0.000000
4662000,0.000000,0.000000,0.000000
4663000,0.000000,0.000000,0.000000
4664000,0.000000,0.000000,0.000000
4665000,0.000000,0.000000,0.000000
4666000,0.000000,0.000000,0.000000
4667000,0.000000,0.000000,0.000000
4668000,0.000000,0.000000,0.000000
4669000,0.000000,0.000000,0.000000
4670000,0.000000,0.000000,0.000000
4671000,0.000000,0.000000,0.000000
4672000,0.000000,0.000000,0.000000
4673000,0.000000,0.000000,0.000000
4674000,0.000000,0.000000,0.000000
4675000,0.000000,0.000000,0.000000
4676000,0.000000,0.000000,0.000000
4677000,0.000000,0.000000,0.000000
4678000,0.000000,0.000000,0.000000
4679000,0.000000,0.000000,0.000000
4680000,0.000000,0.000000,0.000000
4681000,0.000000,0.000000,0.000000
4682000,0.000000,0.000000,0.000000
4683000,0.000000,0.000000,0.000000
4684000,0.000000,0.000000,0.000000
4685000,0.000000,0.000000,0.000000
4686000,0.000000,0.000000,0.000000
4687000,0.000000,0.000000,0.000000
4688000,0.000000,0.000000,0.000000
4689000,0.000000,0.000000,0.000000
4690000,0.000000,0.000000,0.000000
4691000,0.000000,0.000000,0.000000
4692000,0.000000,0.000000,0.000000
4693000,0.000000,0.000000,0.000000
4694000,0.000000,0.000000,0.000000
4695000,0.000000,0.000000,0.000000
4696000,0.000000,0.000000,0.000000
4697000,0.000000,0.000000,0.000000
4698000,0.000000,0.000000,0.000000
4699000,0.000000,0.000000,0.000000
4700000,0.000000,0.000000,0.000000
4701000,0.000000,0.000000,0.000000
4702000,0.000000,0.000000,0.000000
4703000,0.000000,0.000000,0.000000
4704000,0.000000,0.000000,0.000000
4705000,0.000000,0.000000,0.000000
4706000,0.000000,0.000000,0.000000
4707000,0.000000,0.000000,0.000000
4708000,0.000000,0.000000,0.000000
4709000,0.000000,0.000000,0.000000
4710000,0.000000,0.000000,0.000000
4711000,0.000000,0.000000,0.000000
4712000,0.000000,0.000000,0.000000
4713000,0.000000,0.000000,0.000000
4714000,0.000000,0.000000,0.000000
4715000,0.000000,0.000000,0.000000
4716000,0.000000,0.000000,0.000000
4717000,0.000000,0.000000,0.000000
4718000,0.000000,0.000000,0.000000
4719000,0.000000,0.000000,0.000000
4720000,0.000000,0.000000,0.000000
4721000,0.000000,0.000000,0.000000
4722000,0.000000,0.000000,0.000000
4723000,0.000000,0.000000,0.000000
4724000,0.000000,0.000000,0.000000
4725000,0.000000,0.000000,0.000000
4726000,0.000000,0.000000,0.000000
4727000,0.000000,0.000000,0.000000
4728000,0.000000,0.000000,0.000000
4729000,0.000000,0.000000,0.000000
4730000,0.000000,0.000000,0.000000
4731000,0.000000,0.000000,0.000000
4732000,0.000000,0.000000,0.000000
4733000,0.000000,0.000000,0.000000
4734000,0.000000,0.000000,0.000000
4735000,0.000000,0.000000,0.000000
4736000,0.000000,0.000000,0.000000
4737000,0.000000,0.000000,0.000000
4738000,0.000000,0.000000,0.000000
4739000,0.000000,0.000000,0.000000
4740000,0.000000,0.000000,0.000000
4741000,0.000000,0.000000,0.000000
4742000,0.000000,0.000000,0.000000
4743000,0.000000,0.000000,0.000000
4744000,0.000000,0.000000,0.000000
4745000,0.000000,0.000000,0.000000
4746000,0.000000,0.000000,0.000000
4747000,0.000000,0.000000,0.000000
4748000,0.000000,0.000000,0.000000
4749000,0.000000,0.000000,0.000000
4750000,0.000000,0.000000,0.000000
4751000,0.000000,0.000000,0.000000
4752000,0.000000,0.000000,0.000000
4753000,0.000000,0.000000,0.000000
4754000,0.000000,0.000000,0.000000
4755000,0.000000,0.000000,0.000000
4756000,0.000000,0.000000,0.000000
4757000,0.000000,0.000000,0.000000
4758000,0.000000,0.000000,0.000000
4759000,0.000000,0.000000,0.000000
4760000,0.000000,0.000000,0.000000
4761000,0.000000,0.000000,0.000000
4762000,0.000000,0.000000,0.000000
4763000,0.000000,0.000000,0.000000
4764000,0.000000,0.000000,0.000000
4765000,0.000000,0.000000,0.000000
4766000,0.000000,0.000000,0.000000
4767000,0.000000,0.000000,0.000000
4768000,0.000000,0.000000,0.000000
4769000,0.000000,0.000000,0.000000
4770000,0.000000,0.000000,0.000000
4771000,0.000000,0.000000,0.000000
4772000,0.000000,0.000000,0.000000
4773000,0.000000,0.000000,0.000000
4774000,0.000000,0.000000,0.000000
4775000,0.000000,0.000000,0.000000
4776000,0.000000,0.000000,0.000000
4777000,0.000000,0.000000,0.000000
4778000,0.000000,0.000000,0.000000
4779000,0.000000,0.000000,0.000000
4780000,0.000000,0.000000,0.000000
4781000,0.000000,0.000000,0.000000
4782000,0.000000,0.000000,0.000000
4783000,0.000000,0.000000,0.000000
4784000,0.000000,0.000000,0.000000
4785000,0.000000,0.000000,0.000000
4786000,0.000000,0.000000,0.000000
4787000,0.000000,0.000000,0.000000
4788000,0.000000,0.000000,0.000000
4789000,0.000000,0.000000,0.000000
4790000,0.000000,0.000000,0.000000
4791000,0.000000,0.000000,0.000000
4792000,0.000000,0.000000,0.000000
4793000,0.000000,0.000000,0.000000
4794000,0.000000,0.000000,0.000000
4795000,0.000000,0.000000,0.000000
4796000,0.000000,0.000000,0.000000
4797000,0.000000,0.000000,0.000000
4798000,0.000000,0.000000,0.000000
4799000,0.000000,0.000000,0.000000
4800000,0.000000,0.000000,0.000000
4801000,0.000000,0.000000,0.000000
4802000,0.000000,0.000000,0.000000
4803000,0.000000,0.000000,0.000000
4804000,0.000000,0.000000,0.000000
4805000,0.000000,0.000000,0.000000
4806000,0.000000,0.000000,0.000000
4807000,0.000000,0.000000,0.000000
4808000,0.000000,0.000000,0.000000
4809000,0.000000,0.000000,0.000000
4810000,0.000000,0.000000,0.000000
4811000,0.000000,0.000000,0.000000
4812000,0.000000,0.000000,0.000000
4813000,0.000000,0.000000,0.000000
4814000,0.000000,0.000000,0.000000
4815000,0.000000,0.000000,0.000000
4816000,0.000000,0.000000,0.000000
4817000,0.000000,0.000000,0.000000
4818000,0.000000,0.000000,0.000000
4819000,0.000000,0.000000,0.000000
4820000,0.000000,0.000000,0.000000
4821000,0.000000,0.000000,0.000000
4822000,0.000000,0.000000,0.000000
4823000,0.000000,0.000000,0.000000
4824000,0.000000,0.000000,0.000000
4825000,0.000000,0.000000,0.000000
4826000,0.000000,0.000000,0.000000
4827000,0.000000,0.000000,0.000000
4828000,0.000000,0.000000,0.000000
4829000,0.000000,0.000000,0.000000
4830000,0.000000,0.000000,0.000000
4831000,0.000000,0.000000,0.000000
4832000,0.000000,0.000000,0.000000
4833000,0.000000,0.000000,0.000000
4834000,0.000000,0.000000,0.000000
4835000,0.000000,0.000000,0.000000
4836000,0.000000,0.000000,0.000000
4837000,0.000000,0.000000,0.000000
4838000,0.000000,0.000000,0.000000
4839000,0.000000,0.000000,0.000000
4840000,0.000000,0.000000,0.000000
4841000,0.000000,0.000000,0.000000
4842000,0.000000,0.000000,0.000000
4843000,0.000000,0.000000,0.000000
4844000,0.000000,0.000000,0.000000
4845000,0.000000,0.000000,0.000000
4846000,0.000000,0.000000,0.000000
4847000,0.000000,0.000000,0.000000
4848000,0.000000,0.000000,0.000000
4849000,0.000000,0.000000,0.000000
4850000,0.000000,0.000000,0.000000
4851000,0.000000,0.000000,0.000000
4852000,0.000000,0.000000,0.000000
4853000,0.000000,0.000000,0.000000
4854000,0.000000,0.000000,0.000000
4855000,0.000000,0.000000,0.000000
4856000,0.000000,0.000000,0.000000
4857000,0.000000,0.000000,0.000000
4858000,0.000000,0.000000,0.000000
4859000,0.000000,0.000000,0.000000
4860000,0.000000,0.000000,0.000000
4861000,0.000000,0.000000,0.000000
4862000,0.000000,0.000000,0.000000
4863000,0.000000,0.000000,0.000000
4864000,0.000000,0.000000,0.000000
4865000,0.000000,0.000000,0.000000
4866000,0.000000,0.000000,0.000000
4867000,0.000000,0.000000,0.000000
4868000,0.000000,0.000000,0.000000
4869000,0.000000,0.000000,0.000000
4870000,0.000000,0.000000,0.000000
4871000,0.000000,0.000000,0.000000
4872000,0.000000,0.000000,0.000000
4873000,0.000000,0.000000,0.000000
4874000,0.000000,0.000000,0.000000
4875000,0.000000,0.000000,0.000000
4876000,0.000000,0.000000,0.000000
4877000,0.000000,0.000000,0.000000
4878000,0.000000,0.000000,0.000000
4879000,0.000000,0.000000,0.000000
4880000,0.000000,0.000000,0.000000
4881000,0.000000,0.000000,0.000000
4882000,0.000000,0.000000,0.000000
4883000,0.000000,0.000000,0.000000
4884000,0.000000,0.000000,0.000000
4885000,0.000000,0.000000,0.000000
4886000,0.000000,0.000000,0.000000
4887000,0.000000,0.000000,0.000000
4888000,0.000000,0.000000,0.000000
4889000,0.000000,0.000000,0.000000
4890000,0.000000,0.000000,0.000000
4891000,0.000000,0.000000,0.000000
4892000,0.000000,0.000000,0.000000
4893000,0.000000,0.000000,0.000000
4894000,0.000000,0.000000,0.000000
4895000,0.000000,0.000000,0.000000
4896000,0.000000,0.000000,0.000000
4897000,0.000000,0.000000,0.000000
4898000,0.000000,0.000000,0.000000
4899000,0.000000,0.000000,0.000000
4900000,0.000000,0.000000,0.000000
4901000,0.000000,0.000000,0.000000
4902000,0.000000,0.000000,0.000000
4903000,0.000000,0.000000,0.000000
4904000,0.000000,0.000000,0.000000
4905000,0.000000,0.000000,0.000000
4906000,0.000000,0.000000,0.000000
4907000,0.000000,0.000000,0.000000
4908000,0.000000,0.000000,0.000000
4909000,0.000000,0.000000,0.000000
4910000,0.000000,0.000000,0.000000
4911000,0.000000,0.000000,0.000000
4912000,0.000000,0.000000,0.000000
4913000,0.000000,0.000000,0.000000
4914000,0.000000,0.000000,0.000000
4915000,0.000000,0.000000,0.000000
4916000,0.000000,0.000000,0.000000
4917000,0.000000,0.000000,0.000000
4918000,0.000000,0.000000,0.000000
4919000,0.000000,0.000000,0.000000
4920000,0.000000,0.000000,0.000000
4921000,0.000000,0.000000,0.000000
4922000,0.000000,0.000000,0.000000
4923000,0.000000,0.000000,0.000000
4924000,0.000000,0.000000,0.000000
4925000,0.000000,0.000000,0.000000
4926000,0.000000,0.000000,0.000000
4927000,0.000000,0.000000,0.000000
4928000,0.000000,0.000000,0.000000
4929000,0.000000,0.000000,0.000000
4930000,0.000000,0.000000,0.000000
4931000,0.000000,0.000000,0.000000
4932000,0.000000,0.000000,0.000000
4933000,0.000000,0.000000,0.000000
4934000,0.000000,0.000000,0.000000
4935000,0.000000,0.000000,0.000000
4936000,0.000000,0.000000,0.000000
4937000,0.000000,0.000000,0.000000
4938000,0.000000,0.000000,0.000000
4939000,0.000000,0.000000,0.000000
4940000,0.000000,0.000000,0.000000
4941000,0.000000,0.000000,0.000000
4942000,0.000000,0.000000,0.000000
4943000,0.000000,0.000000,0.000000
4944000,0.000000,0.000000,0.000000
4945000,0.000000,0.000000,0.000000
4946000,0.000000,0.000000,0.000000
4947000,0.000000,0.000000,0.000000
4948000,0.000000,0.000000,0.000000
4949000,0.000000,0.000000,0.000000
4950000,0.000000,0.000000,0.000000
4951000,0.000000,0.000000,0.000000
4952000,0.000000,0.000000,0.000000
4953000,0.000000,0.000000,0.000000
4954000,0.000000,0.000000,0.000000
4955000,0.000000,0.000000,0.000000
4956000,0.000000,0.000000,0.000000
4957000,0.000000,0.000000,0.000000
4958000,0.000000,0.000000,0.000000
4959000,0.000000,0.000000,0.000000
4960000,0.000000,0.000000,0.000000
4961000,0.000000,0.000000,0.000000
4962000,0.000000,0.000000,0.000000
4963000,0.000000,0.000000,0.000000
4964000,0.000000,0.000000,0.000000
4965000,0.000000,0.000000,0.000000
4966000,0.000000,0.000000,0.000000
4967000,0.000000,0.000000,0.000000
4968000,0.000000,0.000000,0.000000
4969000,0.000000,0.000000,0.000000
4970000,0.000000,0.000000,0.000000
4971000,0.000000,0.000000,0.000000
4972000,0.000000,0.000000,0.000000
4973000,0.000000,0.000000,0.000000
4974000,0.000000,0.000000,0.000000
4975000,0.000000,0.000000,0.000000
4976000,0.000000,0.000000,0.000000
4977000,0.000000,0.000000,0.000000
4978000,0.000000,0.000000,0.000000
4979000,0.000000,0.000000,0.000000
4980000,0.000000,0.000000,0.000000
4981000,0.000000,0.000000,0.000000
4982000,0.000000,0.000000,0.000000
4983000,0.000000,0.000000,0.000000
4984000,0.000000,0.000000,0.000000
4985000,0.000000,0.000000,0.000000
4986000,0.000000,0.000000,0.000000
4987000,0.000000,0.000000,0.000000
4988000,0.000000,0.000000,0.000000
4989000,0.000000,0.000000,0.000000
4990000,0.000000,0.000000,0.000000
4991000,0.000000,0.000000,0.000000
4992000,0.000000,0.000000,0.000000
4993000,0.000000,0.000000,0.000000
4994000,0.000000,0.000000,0.000000
4995000,0.000000,0.000000,0.000000
4996000,0.000000,0.000000,0.000000
4997000,0.000000,0.000000,0.000000
4998000,0.000000,0.000000,0.000000
4999000,0.000000,0.000000,0.000000
5000000,0.000000,0.000000,0.000000
5001000,0.000000,0.000000,0.000000
5002000,0.000000,0.000000,0.000000
5003000,0.000000,0.000000,0.000000
5004000,0.000000,0.000000,0.000000
5005000,0.000000,0.000000,0.000000
5006000,0.000000,0.000000,0.000000
5007000,0.000000,0.000000,0.000000
5008000,0.000000,0.000000,0.000000
5009000,0.000000,0.000000,0.000000
5010000,0.000000,0.000000,0.000000
5011000,0.000000,0.000000,0.000000
5012000,0.000000,0.000000,0.000000
5013000,0.000000,0.000000,0.000000
5014000,0.000000,0.000000,0.000000
5015000,0.000000,0.000000,0.000000
5016000,0.000000,0.000000,0.000000
5017000,0.000000,0.000000,0.000000
5018000,0.000000,0.000000,0.000000
5019000,0.000000,0.000000,0.000000
5020000,0.000000,0.000000,0.000000
5021000,0.000000,0.000000,0.000000
5022000,0.000000,0.000000,0.000000
5023000,0.000000,0.000000,0.000000
5024000,0.000000,0.000000,0.000000
5025000,0.000000,0.000000,0.000000
5026000,0.000000,0.000000,0.000000
5027000,0.000000,0.000000,0.000000
5028000,0.000000,0.000000,0.000000
5029000,0.000000,0.000000,0.000000
5030000,0.000000,0.000000,0.000000
5031000,0.000000,0.000000,0.000000
5032000,0.000000,0.000000,0.000000
5033000,0.000000,0.000000,0.000000
5034000,0.000000,0.000000,0.000000
5035000,0.000000,0.000000,0.000000
5036000,0.000000,0.000000,0.000000
5037000,0.000000,0.000000,0.000000
5038000,0.000000,0.000000,0.000000
5039000,0.000000,0.000000,0.000000
5040000,0.000000,0.000000,0.000000
5041000,0.000000,0.000000,0.000000
5042000,0.000000,0.000000,0.000000
5043000,0.000000,0.000000,0.000000
5044000,0.000000,0.000000,0.000000
5045000,0.000000,0.000000,0.000000
5046000,0.000000,0.000000,0.000000
5047000,0.000000,0.000000,0.000000
5048000,0.000000,0.000000,0.000000
5049000,0.000000,0.000000,0.000000
5050000,0.000000,0.000000,0.000000
5051000,0.000000,0.000000,0.000000
5052000,0.000000,0.000000,0.000000
5053000,0.000000,0.000000,0.000000
5054000,0.000000,0.000000,0.000000
5055000,0.000000,0.000000,0.000000
5056000,0.000000,0.000000,0.000000
5057000,0.000000,0.000000,0.000000
5058000,0.000000,0.000000,0.000000
5059000,0.000000,0.000000,0.000000
5060000,0.000000,0.000000,0.000000
5061000,0.000000,0.000000,0.000000
5062000,0.000000,0.000000,0.000000
5063000,0.000000,0.000000,0.000000
5064000,0.000000,0.000000,0.000000
5065000,0.000000,0.000000,0.000000
5066000,0.000000,0.000000,0.000000
5067000,0.000000,0.000000,0.000000
5068000,0.000000,0.000000,0.000000
5069000,0.000000,0.000000,0.000000
5070000,0.000000,0.000000,0.000000
5071000,0.000000,0.000000,0.000000
5072000,0.000000,0.000000,0.000000
5073000,0.000000,0.000000,0.000000
5074000,0.000000,0.000000,0.000000
5075000,0.000000,0.000000,0.000000
5076000,0.000000,0.000000,0.000000
5077000,0.000000,0.000000,0.000000
5078000,0.000000,0.000000,0.000000
5079000,0.000000,0.000000,0.000000
5080000,0.000000,0.000000,0.000000
5081000,0.000000,0.000000,0.000000
5082000,0.000000,0.000000,0.000000
5083000,0.000000,0.000000,0.000000
5084000,0.000000,0.000000,0.000000
5085000,0.000000,0.000000,0.000000
5086000,0.000000,0.000000,0.000000
5087000,0.000000,0.000000,0.000000
5088000,0.000000,0.000000,0.000000
5089000,0.000000,0.000000,0.000000
5090000,0.000000,0.000000,0.000000
5091000,0.000000,0.000000,0.000000
5092000,0.000000,0.000000,0.000000
5093000,0.000000,0.000000,0.000000
5094000,0.000000,0.000000,0.000000
5095000,0.000000,0.000000,0.000000
5096000,0.000000,0.000000,0.000000
5097000,0.000000,0.000000,0.000000
5098000,0.000000,0.000000,0.000000
5099000,0.000000,0.000000,0.000000
5100000,0.000000,0.000000,0.000000
5101000,0.000000,0.000000,0.000000
5102000,0.000000,0.000000,0.000000
5103000,0.000000,0.000000,0.000000
5104000,0.000000,0.000000,0.000000
5105000,0.000000,0.000000,0.000000
5106000,0.000000,0.000000,0.000000
5107000,0.000000,0.000000,0.000000
5108000,0.000000,0.000000,0.000000
5109000,0.000000,0.000000,0.000000
5110000,0.000000,0.000000,0.000000
5111000,0.000000,0.000000,0.000000
5112000,0.000000,0.000000,0.000000
5113000,0.000000,0.000000,0.000000
5114000,0.000000,0.000000,0.000000
5115000,0.000000,0.000000,0.000000
5116000,0.000000,0.000000,0.000000
5117000,0.000000,0.000000,0.000000
5118000,0.000000,0.000000,0.000000
5119000,0.000000,0.000000,0.000000
5120000,0.000000,0.000000,0.000000
5121000,0.000000,0.000000,0.000000
5122000,0.000000,0.000000,0.000000
5123000,0.000000,0.000000,0.000000
5124000,0.000000,0.000000,0.000000
5125000,0.000000,0.000000,0.000000
5126000,0.000000,0.000000,0.000000
5127000,0.000000,0.000000,0.000000
5128000,0.000000,0.000000,0.000000
5129000,0.000000,0.000000,0.000000
5130000,0.000000,0.000000,0.000000
5131000,0.000000,0.000000,0.000000
5132000,0.000000,0.000000,0.000000
5133000,0.000000,0.000000,0.000000
5134000,0.000000,0.000000,0.000000
5135000,0.000000,0.000000,0.000000
5136000,0.000000,0.000000,0.000000
5137000,0.000000,0.000000,0.000000
5138000,0.000000,0.000000,0.000000
5139000,0.000000,0.000000,0.000000
5140000,0.000000,0.000000,0.000000
5141000,0.000000,0.000000,0.000000
5142000,0.000000,0.000000,0.000000
5143000,0.000000,0.000000,0.000000
5144000,0.000000,0.000000,0.000000
5145000,0.000000,0.000000,0.000000
5146000,0.000000,0.000000,0.000000
5147000,0.000000,0.000000,0.000000
5148000,0.000000,0.000000,0.000000
5149000,0.000000,0.000000,0.000000
5150000,0.000000,0.000000,0.000000
5151000,0.000000,0.000000,0.000000
5152000,0.000000,0.000000,0.000000
5153000,0.000000,0.000000,0.000000
5154000,0.000000,0.000000,0.000000
5155000,0.000000,0.000000,0.000000
5156000,0.000000,0.000000,0.000000
5157000,0.000000,0.000000,0.000000
5158000,0.000000,0.000000,0.000000
5159000,0.000000,0.000000,0.000000
5160000,0.000000,0.000000,0.000000
5161000,0.000000,0.000000,0.000000
5162000,0.000000,0.000000,0.000000
5163000,0.000000,0.000000,0.000000
5164000,0.000000,0.000000,0.000000
5165000,0.000000,0.000000,0.000000
5166000,0.000000,0.000000,0.000000
5167000,0.000000,0.000000,0.000000
5168000,0.000000,0.000000,0.000000
5169000,0.000000,0.000000,0.000000
5170000,0.000000,0.000000,0.000000
5171000,0.000000,0.000000,0.000000
5172000,0.000000,0.000000,0.000000
5173000,0.000000,0.000000,0.000000
5174000,0.000000,0.000000,0.000000
5175000,0.000000,0.000000,0.000000
5176000,0.000000,0.000000,0.000000
5177000,0.000000,0.000000,0.000000
5178000,0.000000,0.000000,0.000000
5179000,0.000000,0.000000,0.000000
5180000,0.000000,0.000000,0.000000
5181000,0.000000,0.000000,0.000000
5182000,0.000000,0.000000,0.000000
5183000,0.000000,0.000000,0.000000
5184000,0.000000,0.000000,0.000000
5185000,0.000000,0.000000,0.000000
5186000,0.000000,0.000000,0.000000
5187000,0.000000,0.000000,0.000000
5188000,0.000000,0.000000,0.000000
5189000,0.000000,0.000000,0.000000
5190000,0.000000,0.000000,0.000000
5191000,0.000000,0.000000,0.000000
5192000,0.000000,0.000000,0.000000
5193000,0.000000,0.000000,0.000000
5194000,0.000000,0.000000,0.000000
5195000,0.000000,0.000000,0.000000
5196000,0.000000,0.000000,0.000000
5197000,0.000000,0.000000,0.000000
5198000,0.000000,0.000000,0.000000
5199000,0.000000,0.000000,0.000000
5200000,0.000000,0.000000,0.000000
5201000,0.000000,0.000000,0.000000
5202000,0.000000,0.000000,0.000000
5203000,0.000000,0.000000,0.000000
5204000,0.000000,0.000000,0.000000
5205000,0.000000,0.000000,0.000000
5206000,0.000000,0.000000,0.000000
5207000,0.000000,0.000000,0.000000
5208000,0.000000,0.000000,0.000000
5209000,0.000000,0.000000,0.000000
5210000,0.000000,0.000000,0.000000
5211000,0.000000,0.000000,0.000000
5212000,0.000000,0.000000,0.000000
5213000,0.000000,0.000000,0.000000
5214000,0.000000,0.000000,0.000000
5215000,0.000000,0.000000,0.000000
5216000,0.000000,0.000000,0.000000
5217000,0.000000,0.000000,0.000000
5218000,0.000000,0.000000,0.000000
5219000,0.000000,0.000000,0.000000
5220000,0.000000,0.000000,0.000000
5221000,0.000000,0.000000,0.000000
5222000,0.000000,0.000000,0.000000
5223000,0.000000,0.000000,0.000000
5224000,0.000000,0.000000,0.000000
5225000,0.000000,0.000000,0.000000
5226000,0.000000,0.000000,0.000000
5227000,0.000000,0.000000,0.000000
5228000,0.000000,0.000000,0.000000
5229000,0.000000,0.000000,0.000000
5230000,0.000000,0.000000,0.000000
5231000,0.000000,0.000000,0.000000
5232000,0.000000,0.000000,0.000000
5233000,0.000000,0.000000,0.000000
5234000,0.000000,0.000000,0.000000
5235000,0.000000,0.000000,0.000000
5236000,0.000000,0.000000,0.000000
5237000,0.000000,0.000000,0.000000
5238000,0.000000,0.000000,0.000000
5239000,0.000000,0.000000,0.000000
5240000,0.000000,0.000000,0.000000
5241000,0.000000,0.000000,0.000000
5242000,0.000000,0.000000,0.000000
5243000,0.000000,0.000000,0.000000
5244000,0.000000,0.000000,0.000000
5245000,0.000000,0.000000,0.000000
5246000,0.000000,0.000000,0.000000
5247000,0.000000,0.000000,0.000000
5248000,0.000000,0.000000,0.000000
5249000,0.000000,0.000000,0.000000
5250000,0.000000,0.000000,0.000000
5251000,0.000000,0.000000,0.000000
5252000,0.000000,0.000000,0.000000
5253000,0.000000,0.000000,0.000000
5254000,0.000000,0.000000,0.000000
5255000,0.000000,0.000000,0.000000
5256000,0.000000,0.000000,0.000000
5257000,0.000000,0.000000,0.000000
5258000,0.000000,0.000000,0.000000
5259000,0.000000,0.000000,0.000000
5260000,0.000000,0.000000,0.000000
5261000,0.000000,0.000000,0.000000
5262000,0.000000,0.000000,0.000000
5263000,0.000000,0.000000,0.000000
5264000,0.000000,0.000000,0.000000
5265000,0.000000,0.000000,0.000000
5266000,0.000000,0.000000,0.000000
5267000,0.000000,0.000000,0.000000
5268000,0.000000,0.000000,0.000000
5269000,0.000000,0.000000,0.000000
5270000,0.000000,0.000000,0.000000
5271000,0.000000,0.000000,0.000000
5272000,0.000000,0.000000,0.000000
5273000,0.000000,0.000000,0.000000
5274000,0.000000,0.000000,0.000000
5275000,0.000000,0.000000,0.000000
5276000,0.000000,0.000000,0.000000
5277000,0.000000,0.000000,0.000000
5278000,0.000000,0.000000,0.000000
5279000,0.000000,0.000000,0.000000
5280000,0.000000,0.000000,0.000000
5281000,0.000000,0.000000,0.000000
5282000,0.000000,0.000000,0.000000
5283000,0.000000,0.000000,0.000000
5284000,0.000000,0.000000,0.000000
5285000,0.000000,0.000000,0.000000
5286000,0.000000,0.000000,0.000000
5287000,0.000000,0.000000,0.000000
5288000,0.000000,0.000000,0.000000
5289000,0.000000,0.000000,0.000000
5290000,0.000000,0.000000,0.000000
5291000,0.000000,0.000000,0.000000
5292000,0.000000,0.000000,0.000000
5293000,0.000000,0.000000,0.000000
5294000,0.000000,0.000000,0.000000
5295000,0.000000,0.000000,0.000000
5296000,0.000000,0.000000,0.000000
5297000,0.000000,0.000000,0.000000
5298000,0.000000,0.000000,0.000000
5299000,0.000000,0.000000,0.000000
5300000,0.000000,0.000000,0.000000
5301000,0.000000,0.000000,0.000000
5302000,0.000000,0.000000,0.000000
5303000,0.000000,0.000000,0.000000
5304000,0.000000,0.000000,0.000000
5305000,0.000000,0.000000,0.000000
5306000,0.000000,0.000000,0.000000
5307000,0.000000,0.000000,0.000000
5308000,0.000000,0.000000,0.000000
5309000,0.000000,0.000000,0.000000
5310000,0.000000,0.000000,0.000000
5311000,0.000000,0.000000,0.000000
5312000,0.000000,0.000000,0.000000
5313000,0.000000,0.000000,0.000000
5314000,0.000000,0.000000,0.000000
5315000,0.000000,0.000000,0.000000
5316000,0.000000,0.000000,0.000000
5317000,0.000000,0.000000,0.000000
5318000,0.000000,0.000000,0.000000
5319000,0.000000,0.000000,0.000000
5320000,0.000000,0.000000,0.000000
5321000,0.000000,0.000000,0.000000
5322000,0.000000,0.000000,0.000000
5323000,0.000000,0.000000,0.000000
5324000,0.000000,0.000000,0.000000
5325000,0.000000,0.000000,0.000000
5326000,0.000000,0.000000,0.000000
5327000,0.000000,0.000000,0.000000
5328000,0.000000,0.000000,0.000000
5329000,0.000000,0.000000,0.000000
5330000,0.000000,0.000000,0.000000
5331000,0.000000,0.000000,0.000000
5332000,0.000000,0.000000,0.000000
5333000,0.000000,0.000000,0.000000
5334000,0.000000,0.000000,0.000000
5335000,0.000000,0.000000,0.000000
5336000,0.000000,0.000000,0.000000
5337000,0.000000,0.000000,0.000000
5338000,0.000000,0.000000,0.000000
5339000,0.000000,0.000000,0.000000
5340000,0.000000,0.000000,0.000000
5341000,0.000000,0.000000,0.000000
5342000,0.000000,0.000000,0.000000
5343000,0.000000,0.000000,0.000000
5344000,0.000000,0.000000,0.000000
5345000,0.000000,0.000000,0.000000
5346000,0.000000,0.000000,0.000000
5347000,0.000000,0.000000,0.000000
5348000,0.000000,0.000000,0.000000
5349000,0.000000,0.000000,0.000000
5350000,0.000000,0.000000,0.000000
5351000,0.000000,0.000000,0.000000
5352000,0.000000,0.000000,0.000000
5353000,0.000000,0.000000,0.000000
5354000,0.000000,0.000000,0.000000
5355000,0.000000,0.000000,0.000000
5356000,0.000000,0.000000,0.000000
5357000,0.000000,0.000000,0.000000
5358000,0.000000,0.000000,0.000000
5359000,0.000000,0.000000,0.000000
5360000,0.000000,0.000000,0.000000
5361000,0.000000,0.000000,0.000000
5362000,0.000000,0.000000,0.000000
5363000,0.000000,0.000000,0.000000
5364000,0.000000,0.000000,0.000000
5365000,0.000000,0.000000,0.000000
5366000,0.000000,0.000000,0.000000
5367000,0.000000,0.000000,0.000000
5368000,0.000000,0.000000,0.000000
5369000,0.000000,0.000000,0.000000
5370000,0.000000,0.000000,0.000000
5371000,0.000000,0.000000,0.000000
5372000,0.000000,0.000000,0.000000
5373000,0.000000,0.000000,0.000000
5374000,0.000000,0.000000,0.000000
5375000,0.000000,0.000000,0.000000
5376000,0.000000,0.000000,0.000000
5377000,0.000000,0.000000,0.000000
5378000,0.000000,0.000000,0.000000
5379000,0.000000,0.000000,0.000000
5380000,0.000000,0.000000,0.000000
5381000,0.000000,0.000000,0.000000
5382000,0.000000,0.000000,0.000000
5383000,0.000000,0.000000,0.000000
5384000,0.000000,0.000000,0.000000
5385000,0.000000,0.000000,0.000000
5386000,0.000000,0.000000,0.000000
5387000,0.000000,0.000000,0.000000
5388000,0.000000,0.000000,0.000000
5389000,0.000000,0.000000,0.000000
5390000,0.000000,0.000000,0.000000
5391000,0.000000,0.000000,0.000000
5392000,0.000000,0.000000,0.000000
5393000,0.000000,0.000000,0.000000
5394000,0.000000,0.000000,0.000000
5395000,0.000000,0.000000,0.000000
5396000,0.000000,0.000000,0.000000
5397000,0.000000,0.000000,0.000000
5398000,0.000000,0.000000,0.000000
5399000,0.000000,0.000000,0.000000
5400000,0.000000,0.000000,0.000000
5401000,0.000000,0.000000,0.000000
5402000,0.000000,0.000000,0.000000
5403000,0.000000,0.000000,0.000000
5404000,0.000000,0.000000,0.000000
5405000,0.000000,0.000000,0.000000
5406000,0.000000,0.000000,0.000000
5407000,0.000000,0.000000,0.000000
5408000,0.000000,0.000000,0.000000
5409000,0.000000,0.000000,0.000000
5410000,0.000000,0.000000,0.000000
5411000,0.000000,0.000000,0.000000
5412000,0.000000,0.000000,0.000000
5413000,0.000000,0.000000,0.000000
5414000,0.000000,0.000000,0.000000
5415000,0.000000,0.000000,0.000000
5416000,0.000000,0.000000,0.000000
5417000,0.000000,0.000000,0.000000
5418000,0.000000,0.000000,0.000000
5419000,0.000000,0.000000,0.000000
5420000,0.000000,0.000000,0.000000
5421000,0.000000,0.000000,0.000000
5422000,0.000000,0.000000,0.000000
5423000,0.000000,0.000000,0.000000
5424000,0.000000,0.000000,0.000000
5425000,0.000000,0.000000,0.000000
5426000,0.000000,0.000000,0.000000
5427000,0.000000,0.000000,0.000000
5428000,0.000000,0.000000,0.000000
5429000,0.000000,0.000000,0.000000
5430000,0.000000,0.000000,0.000000
5431000,0.000000,0.000000,0.000000
5432000,0.000000,0.000000,0.000000
5433000,0.000000,0.000000,0.000000
5434000,0.000000,0.000000,0.000000
5435000,0.000000,0.000000,0.000000
5436000,0.000000,0.000000,0.000000
5437000,0.000000,0.000000,0.000000
5438000,0.000000,0.000000,0.000000
5439000,0.000000,0.000000,0.000000
5440000,0.000000,0.000000,0.000000
5441000,0.000000,0.000000,0.000000
5442000,0.000000,0.000000,0.000000
5443000,0.000000,0.000000,0.000000
5444000,0.000000,0.000000,0.000000
5445000,0.000000,0.000000,0.000000
5446000,0.000000,0.000000,0.000000
5447000,0.000000,0.000000,0.000000
5448000,0.000000,0.000000,0.000000
5449000,0.000000,0.000000,0.000000
5450000,0.000000,0.000000,0.000000
5451000,0.000000,0.000000,0.000000
5452000,0.000000,0.000000,0.000000
5453000,0.000000,0.000000,0.000000
5454000,0.000000,0.000000,0.000000
5455000,0.000000,0.000000,0.000000
5456000,0.000000,0.000000,0.000000
5457000,0.000000,0.000000,0.000000
5458000,0.000000,0.000000,0.000000
5459000,0.000000,0.000000,0.000000
5460000,0.000000,0.000000,0.000000
5461000,0.000000,0.000000,0.000000
5462000,0.000000,0.000000,0.000000
5463000,0.000000,0.000000,0.000000
5464000,0.000000,0.000000,0.000000
5465000,0.000000,0.000000,0.000000
5466000,0.000000,0.000000,0.000000
5467000,0.000000,0.000000,0.000000
5468000,0.000000,0.000000,0.000000
5469000,0.000000,0.000000,0.000000
5470000,0.000000,0.000000,0.000000
5471000,0.000000,0.000000,0.000000
5472000,0.000000,0.000000,0.000000
5473000,0.000000,0.000000,0.000000
5474000,0.000000,0.000000,0.000000
5475000,0.000000,0.000000,0.000000
5476000,0.000000,0.000000,0.000000
5477000,0.000000,0.000000,0.000000
5478000,0.000000,0.000000,0.000000
5479000,0.000000,0.000000,0.000000
5480000,0.000000,0.000000,0.000000
5481000,0.000000,0.000000,0.000000
5482000,0.000000,0.000000,0.000000
5483000,0.000000,0.000000,0.000000
5484000,0.000000,0.000000,0.000000
5485000,0.000000,0.000000,0.000000
5486000,0.000000,0.000000,0.000000
5487000,0.000000,0.000000,0.000000
5488000,0.000000,0.000000,0.000000
5489000,0.000000,0.000000,0.000000
5490000,0.000000,0.000000,0.000000
5491000,0.000000,0.000000,0.000000
5492000,0.000000,0.000000,0.000000
5493000,0.000000,0.000000,0.000000
5494000,0.000000,0.000000,0.000000
5495000,0.000000,0.000000,0.000000
5496000,0.000000,0.000000,0.000000
5497000,0.000000,0.000000,0.000000
5498000,0.000000,0.000000,0.000000
5499000,0.000000,0.000000,0.000000
5500000,0.000000,0.000000,0.000000
5501000,0.000000,0.000000,0.000000
5502000,0.000000,0.000000,0.000000
5503000,0.000000,0.000000,0.000000
5504000,0.000000,0.000000,0.000000
5505000,0.000000,0.000000,0.000000
5506000,0.000000,0.000000,0.000000
5507000,0.000000,0.000000,0.000000
5508000,0.000000,0.000000,0.000000
5509000,0.000000,0.000000,0.000000
5510000,0.000000,0.000000,0.000000
5511000,0.000000,0.000000,0.000000
5512000,0.000000,0.000000,0.000000
5513000,0.000000,0.000000,0.000000
5514000,0.000000,0.000000,0.000000
5515000,0.000000,0.000000,0.000000
5516000,0.000000,0.000000,0.000000
5517000,0.000000,0.000000,0.000000
5518000,0.000000,0.000000,0.000000
5519000,0.000000,0.000000,0.000000
5520000,0.000000,0.000000,0.000000
5521000,0.000000,0.000000,0.000000
5522000,0.000000,0.000000,0.000000
5523000,0.000000,0.000000,0.000000
5524000,0.000000,0.000000,0.000000
5525000,0.000000,0.000000,0.000000
5526000,0.000000,0.000000,0.000000
5527000,0.000000,0.000000,0.000000
5528000,0.000000,0.000000,0.000000
5529000,0.000000,0.000000,0.000000
5530000,0.000000,0.000000,0.000000
5531000,0.000000,0.000000,0.000000
5532000,0.000000,0.000000,0.000000
5533000,0.000000,0.000000,0.000000
5534000,0.000000,0.000000,0.000000
5535000,0.000000,0.000000,0.000000
5536000,0.000000,0.000000,0.000000
5537000,0.000000,0.000000,0.000000
5538000,0.000000,0.000000,0.000000
5539000,0.000000,0.000000,0.000000
5540000,0.000000,0.000000,0.000000
5541000,0.000000,0.000000,0.000000
5542000,0.000000,0.000000,0.000000
5543000,0.000000,0.000000,0.000000
5544000,0.000000,0.000000,0.000000
5545000,0.000000,0.000000,0.000000
5546000,0.000000,0.000000,0.000000
5547000,0.000000,0.000000,0.000000
5548000,0.000000,0.000000,0.000000
5549000,0.000000,0.000000,0.000000
5550000,0.000000,0.000000,0.000000
5551000,0.000000,0.000000,0.000000
5552000,0.000000,0.000000,0.000000
5553000,0.000000,0.000000,0.000000
5554000,0.000000,0.000000,0.000000
5555000,0.000000,0.000000,0.000000
5556000,0.000000,0.000000,0.000000
5557000,0.000000,0.000000,0.000000
5558000,0.000000,0.000000,0.000000
5559000,0.000000,0.000000,0.000000
5560000,0.000000,0.000000,0.000000
5561000,0.000000,0.000000,0.000000
5562000,0.000000,0.000000,0.000000
5563000,0.000000,0.000000,0.000000
5564000,0.000000,0.000000,0.000000
5565000,0.000000,0.000000,0.000000
5566000,0.000000,0.000000,0.000000
5567000,0.000000,0.000000,0.000000
5568000,0.000000,0.000000,0.000000
5569000,0.000000,0.000000,0.000000
5570000,0.000000,0.000000,0.000000
5571000,0.000000,0.000000,0.000000
5572000,0.000000,0.000000,0.000000
5573000,0.000000,0.000000,0.000000
5574000,0.000000,0.000000,0.000000
5575000,0.000000,0.000000,0.000000
5576000,0.000000,0.000000,0.000000
5577000,0.000000,0.000000,0.000000
5578000,0.000000,0.000000,0.000000
5579000,0.000000,0.000000,0.000000
5580000,0.000000,0.000000,0.000000
5581000,0.000000,0.000000,0.000000
5582000,0.000000,0.000000,0.000000
5583000,0.000000,0.000000,0.000000
5584000,0.000000,0.000000,0.000000
5585000,0.000000,0.000000,0.000000
5586000,0.000000,0.000000,0.000000
5587000,0.000000,0.000000,0.000000
5588000,0.000000,0.000000,0.000000
5589000,0.000000,0.000000,0.000000
5590000,0.000000,0.000000,0.000000
5591000,0.000000,0.000000,0.000000
5592000,0.000000,0.000000,0.000000
5593000,0.000000,0.000000,0.000000
5594000,0.000000,0.000000,0.000000
5595000,0.000000,0.000000,0.000000
5596000,0.000000,0.000000,0.000000
5597000,0.000000,0.000000,0.000000
5598000,0.000000,0.000000,0.000000
5599000,0.000000,0.000000,0.000000
5600000,0.000000,0.000000,0.000000
5601000,0.000000,0.000000,0.000000
5602000,0.000000,0.000000,0.000000
5603000,0.000000,0.000000,0.000000
5604000,0.000000,0.000000,0.000000
5605000,0.000000,0.000000,0.000000
5606000,0.000000,0.000000,0.000000
5607000,0.000000,0.000000,0.000000
5608000,0.000000,0.000000,0.000000
5609000,0.000000,0.000000,0.000000
5610000,0.000000,0.000000,0.000000
5611000,0.000000,0.000000,0.000000
5612000,0.000000,0.000000,0.000000
5613000,0.000000,0.000000,0.000000
5614000,0.000000,0.000000,0.000000
5615000,0.000000,0.000000,0.000000
5616000,0.000000,0.000000,0.000000
5617000,0.000000,0.000000,0.000000
5618000,0.000000,0.000000,0.000000
5619000,0.000000,0.000000,0.000000
5620000,0.000000,0.000000,0.000000
5621000,0.000000,0.000000,0.000000
5622000,0.000000,0.000000,0.000000
5623000,0.000000,0.000000,0.000000
5624000,0.000000,0.000000,0.000000
5625000,0.000000,0.000000,0.000000
5626000,0.000000,0.000000,0.000000
5627000,0.000000,0.000000,0.000000
5628000,0.000000,0.000000,0.000000
5629000,0.000000,0.000000,0.000000
5630000,0.000000,0.000000,0.000000
5631000,0.000000,0.000000,0.000000
5632000,0.000000,0.000000,0.000000
5633000,0.000000,0.000000,0.000000
5634000,0.000000,0.000000,0.000000
5635000,0.000000,0.000000,0.000000
5636000,0.000000,0.000000,0.000000
5637000,0.000000,0.000000,0.000000
5638000,0.000000,0.000000,0.000000
5639000,0.000000,0.000000,0.000000
5640000,0.000000,0.000000,0.000000
5641000,0.000000,0.000000,0.000000
5642000,0.000000,0.000000,0.000000
5643000,0.000000,0.000000,0.000000
5644000,0.000000,0.000000,0.000000
5645000,0.000000,0.000000,0.000000
5646000,0.000000,0.000000,0.000000
5647000,0.000000,0.000000,0.000000
5648000,0.000000,0.000000,0.000000
5649000,0.000000,0.000000,0.000000
5650000,0.000000,0.000000,0.000000
5651000,0.000000,0.000000,0.000000
5652000,0.000000,0.000000,0.000000
5653000,0.000000,0.000000,0.000000
5654000,0.000000,0.000000,0.000000
5655000,0.000000,0.000000,0.000000
5656000,0.000000,0.000000,0.000000
5657000,0.000000,0.000000,0.000000
5658000,0.000000,0.000000,0.000000
5659000,0.000000,0.000000,0.000000
5660000,0.000000,0.000000,0.000000
5661000,0.000000,0.000000,0.000000
5662000,0.000000,0.000000,0.000000
5663000,0.000000,0.000000,0.000000
5664000,0.000000,0.000000,0.000000
5665000,0.000000,0.000000,0.000000
5666000,0.000000,0.000000,0.000000
5667000,0.000000,0.000000,0.000000
5668000,0.000000,0.000000,0.000000
5669000,0.000000,0.000000,0.000000
5670000,0.000000,0.000000,0.000000
5671000,0.000000,0.000000,0.000000
5672000,0.000000,0.000000,0.000000
5673000,0.000000,0.000000,0.000000
5674000,0.000000,0.000000,0.000000
5675000,0.000000,0.000000,0.000000
5676000,0.000000,0.000000,0.000000
5677000,0.000000,0.000000,0.000000
5678000,0.000000,0.000000,0.000000
5679000,0.000000,0.000000,0.000000
5680000,0.000000,0.000000,0.000000
5681000,0.000000,0.000000,0.000000
5682000,0.000000,0.000000,0.000000
5683000,0.000000,0.000000,0.000000
5684000,0.000000,0.000000,0.000000
5685000,0.000000,0.000000,0.000000
5686000,0.000000,0.000000,0.000000
5687000,0.000000,0.000000,0.000000
5688000,0.000000,0.000000,0.000000
5689000,0.000000,0.000000,0.000000
5690000,0.000000,0.000000,0.000000
5691000,0.000000,0.000000,0.000000
5692000,0.000000,0.000000,0.000000
5693000,0.000000,0.000000,0.000000
5694000,0.000000,0.000000,0.000000
5695000,0.000000,0.000000,0.000000
5696000,0.000000,0.000000,0.000000
5697000,0.000000,0.000000,0.000000
5698000,0.000000,0.000000,0.000000
5699000,0.000000,0.000000,0.000000
5700000,0.000000,0.000000,0.000000
5701000,0.000000,0.000000,0.000000
5702000,0.000000,0.000000,0.000000
5703000,0.000000,0.000000,0.000000
5704000,0.000000,0.000000,0.000000
5705000,0.000000,0.000000,0.000000
5706000,0.000000,0.000000,0.000000
5707000,0.000000,0.000000,0.000000
5708000,0.000000,0.000000,0.000000
5709000,0.000000,0.000000,0.000000
5710000,0.000000,0.000000,0.000000
5711000,0.000000,0.000000,0.000000
5712000,0.000000,0.000000,0.000000
5713000,0.000000,0.000000,0.000000
5714000,0.000000,0.000000,0.000000
5715000,0.000000,0.000000,0.000000
5716000,0.000000,0.000000,0.000000
5717000,0.000000,0.000000,0.000000
5718000,0.000000,0.000000,0.000000
5719000,0.000000,0.000000,0.000000
5720000,0.000000,0.000000,0.000000
5721000,0.000000,0.000000,0.000000
5722000,0.000000,0.000000,0.000000
5723000,0.000000,0.000000,0.000000
5724000,0.000000,0.000000,0.000000
5725000,0.000000,0.000000,0.000000
5726000,0.000000,0.000000,0.000000
5727000,0.000000,0.000000,0.000000
5728000,0.000000,0.000000,0.000000
5729000,0.000000,0.000000,0.000000
5730000,0.000000,0.000000,0.000000
5731000,0.000000,0.000000,0.000000
5732000,0.000000,0.000000,0.000000
5733000,0.000000,0.000000,0.000000
5734000,0.000000,0.000000,0.000000
5735000,0.000000,0.000000,0.000000
5736000,0.000000,0.000000,0.000000
5737000,0.000000,0.000000,0.000000
5738000,0.000000,0.000000,0.000000
5739000,0.000000,0.000000,0.000000
5740000,0.000000,0.000000,0.000000
5741000,0.000000,0.000000,0.000000
5742000,0.000000,0.000000,0.000000
5743000,0.000000,0.000000,0.000000
5744000,0.000000,0.000000,0.000000
5745000,0.000000,0.000000,0.000000
5746000,0.000000,0.000000,0.000000
5747000,0.000000,0.000000,0.000000
5748000,0.000000,0.000000,0.000000
5749000,0.000000,0.000000,0.000000
5750000,0.000000,0.000000,0.000000
5751000,0.000000,0.000000,0.000000
5752000,0.000000,0.000000,0.000000
5753000,0.000000,0.000000,0.000000
5754000,0.000000,0.000000,0.000000
5755000,0.000000,0.000000,0.000000
5756000,0.000000,0.000000,0.000000
5757000,0.000000,0.000000,0.000000
5758000,0.000000,0.000000,0.000000
5759000,0.000000,0.000000,0.000000
5760000,0.000000,0.000000,0.000000
5761000,0.000000,0.000000,0.000000
5762000,0.000000,0.000000,0.000000
5763000,0.000000,0.000000,0.000000
5764000,0.000000,0.000000,0.000000
5765000,0.000000,0.000000,0.000000
5766000,0.000000,0.000000,0.000000
5767000,0.000000,0.000000,0.000000
5768000,0.000000,0.000000,0.000000
5769000,0.000000,0.000000,0.000000
5770000,0.000000,0.000000,0.000000
5771000,0.000000,0.000000,0.000000
5772000,0.000000,0.000000,0.000000
5773000,0.000000,0.000000,0.000000
5774000,0.000000,0.000000,0.000000
5775000,0.000000,0.000000,0.000000
5776000,0.000000,0.000000,0.000000
5777000,0.000000,0.000000,0.000000
5778000,0.000000,0.000000,0.000000
5779000,0.000000,0.000000,0.000000
5780000,0.000000,0.000000,0.000000
5781000,0.000000,0.000000,0.000000
5782000,0.000000,0.000000,0.000000
5783000,0.000000,0.000000,0.000000
5784000,0.000000,0.000000,0.000000
5785000,0.000000,0.000000,0.000000
5786000,0.000000,0.000000,0.000000
5787000,0.000000,0.000000,0.000000
5788000,0.000000,0.000000,0.000000
5789000,0.000000,0.000000,0.000000
5790000,0.000000,0.000000,0.000000
5791000,0.000000,0.000000,0.000000
5792000,0.000000,0.000000,0.000000
5793000,0.000000,0.000000,0.000000
5794000,0.000000,0.000000,0.000000
5795000,0.000000,0.000000,0.000000
5796000,0.000000,0.000000,0.000000
5797000,0.000000,0.000000,0.000000
5798000,0.000000,0.000000,0.000000
5799000,0.000000,0.000000,0.000000
5800000,0.000000,0.000000,0.000000
5801000,0.000000,0.000000,0.000000
5802000,0.000000,0.000000,0.000000
5803000,0.000000,0.000000,0.000000
5804000,0.000000,0.000000,0.000000
5805000,0.000000,0.000000,0.000000
5806000,0.000000,0.000000,0.000000
5807000,0.000000,0.000000,0.000000
5808000,0.000000,0.000000,0.000000
5809000,0.000000,0.000000,0.000000
5810000,0.000000,0.000000,0.000000
5811000,0.000000,0.000000,0.000000
5812000,0.000000,0.000000,0.000000
5813000,0.000000,0.000000,0.000000
5814000,0.000000,0.000000,0.000000
5815000,0.000000,0.000000,0.000000
5816000,0.000000,0.000000,0.000000
5817000,0.000000,0.000000,0.000000
5818000,0.000000,0.000000,0.000000
5819000,0.000000,0.000000,0.000000
5820000,0.000000,0.000000,0.000000
5821000,0.000000,0.000000,0.000000
5822000,0.000000,0.000000,0.000000
5823000,0.000000,0.000000,0.000000
5824000,0.000000,0.000000,0.000000
5825000,0.000000,0.000000,0.000000
5826000,0.000000,0.000000,0.000000
5827000,0.000000,0.000000,0.000000
5828000,0.000000,0.000000,0.000000
5829000,0.000000,0.000000,0.000000
5830000,0.000000,0.000000,0.000000
5831000,0.000000,0.000000,0.000000
5832000,0.000000,0.000000,0.000000
5833000,0.000000,0.000000,0.000000
5834000,0.000000,0.000000,0.000000
5835000,0.000000,0.000000,0.000000
5836000,0.000000,0.000000,0.000000
5837000,0.000000,0.000000,0.000000
5838000,0.000000,0.000000,0.000000
5839000,0.000000,0.000000,0.000000
5840000,0.000000,0.000000,0.000000
5841000,0.000000,0.000000,0.000000
5842000,0.000000,0.000000,0.000000
5843000,0.000000,0.000000,0.000000
5844000,0.000000,0.000000,0.000000
5845000,0.000000,0.000000,0.000000
5846000,0.000000,0.000000,0.000000
5847000,0.000000,0.000000,0.000000
5848000,0.000000,0.000000,0.000000
5849000,0.000000,0.000000,0.000000
5850000,0.000000,0.000000,0.000000
5851000,0.000000,0.000000,0.000000
5852000,0.000000,0.000000,0.000000
5853000,0.000000,0.000000,0.000000
5854000,0.000000,0.000000,0.000000
5855000,0.000000,0.000000,0.000000
5856000,0.000000,0.000000,0.000000
5857000,0.000000,0.000000,0.000000
5858000,0.000000,0.000000,0.000000
5859000,0.000000,0.000000,0.000000
5860000,0.000000,0.000000,0.000000
5861000,0.000000,0.000000,0.000000
5862000,0.000000,0.000000,0.000000
5863000,0.000000,0.000000,0.000000
5864000,0.000000,0.000000,0.000000
5865000,0.000000,0.000000,0.000000
5866000,0.000000,0.000000,0.000000
5867000,0.000000,0.000000,0.000000
5868000,0.000000,0.000000,0.000000
5869000,0.000000,0.000000,0.000000
5870000,0.000000,0.000000,0.000000
5871000,0.000000,0.000000,0.000000
5872000,0.000000,0.000000,0.000000
5873000,0.000000,0.000000,0.000000
5874000,0.000000,0.000000,0.000000
5875000,0.000000,0.000000,0.000000
5876000,0.000000,0.000000,0.000000
5877000,0.000000,0.000000,0.000000
5878000,0.000000,0.000000,0.000000
5879000,0.000000,0.000000,0.000000
5880000,0.000000,0.000000,0.000000
5881000,0.000000,0.000000,0.000000
5882000,0.000000,0.000000,0.000000
5883000,0.000000,0.000000,0.000000
5884000,0.000000,0.000000,0.000000
5885000,0.000000,0.000000,0.000000
5886000,0.000000,0.000000,0.000000
5887000,0.000000,0.000000,0.000000
5888000,0.000000,0.000000,0.000000
5889000,0.000000,0.000000,0.000000
5890000,0.000000,0.000000,0.000000
5891000,0.000000,0.000000,0.000000
5892000,0.000000,0.000000,0.000000
5893000,0.000000,0.000000,0.000000
5894000,0.000000,0.000000,0.000000
5895000,0.000000,0.000000,0.000000
5896000,0.000000,0.000000,0.000000
5897000,0.000000,0.000000,0.000000
5898000,0.000000,0.000000,0.000000
5899000,0.000000,0.000000,0.000000
5900000,0.000000,0.000000,0.000000
5901000,0.000000,0.000000,0.000000
5902000,0.000000,0.000000,0.000000
5903000,0.000000,0.000000,0.000000
5904000,0.000000,0.000000,0.000000
5905000,0.000000,0.000000,0.000000
5906000,0.000000,0.000000,0.000000
5907000,0.000000,0.000000,0.000000
5908000,0.000000,0.000000,0.000000
5909000,0.000000,0.000000,0.000000
5910000,0.000000,0.000000,0.000000
5911000,0.000000,0.000000,0.000000
5912000,0.000000,0.000000,0.000000
5913000,0.000000,0.000000,0.000000
5914000,0.000000,0.000000,0.000000
5915000,0.000000,0.000000,0.000000
5916000,0.000000,0.000000,0.000000
5917000,0.000000,0.000000,0.000000
5918000,0.000000,0.000000,0.000000
5919000,0.000000,0.000000,0.000000
5920000,0.000000,0.000000,0.000000
5921000,0.000000,0.000000,0.000000
5922000,0.000000,0.000000,0.000000
5923000,0.000000,0.000000,0.000000
5924000,0.000000,0.000000,0.000000
5925000,0.000000,0.000000,0.000000
5926000,0.000000,0.000000,0.000000
5927000,0.000000,0.000000,0.000000
5928000,0.000000,0.000000,0.000000
5929000,0.000000,0.000000,0.000000
5930000,0.000000,0.000000,0.000000
5931000,0.000000,0.000000,0.000000
5932000,0.000000,0.000000,0.000000
5933000,0.000000,0.000000,0.000000
5934000,0.000000,0.000000,0.000000
5935000,0.000000,0.000000,0.000000
5936000,0.000000,0.000000,0.000000
5937000,0.000000,0.000000,0.000000
5938000,0.000000,0.000000,0.000000
5939000,0.000000,0.000000,0.000000
5940000,0.000000,0.000000,0.000000
5941000,0.000000,0.000000,0.000000
5942000,0.000000,0.000000,0.000000
5943000,0.000000,0.000000,0.000000
5944000,0.000000,0.000000,0.000000
5945000,0.000000,0.000000,0.000000
5946000,0.000000,0.000000,0.000000
5947000,0.000000,0.000000,0.000000
5948000,0.000000,0.000000,0.000000
5949000,0.000000,0.000000,0.000000
5950000,0.000000,0.000000,0.000000
5951000,0.000000,0.000000,0.000000
5952000,0.000000,0.000000,0.000000
5953000,0.000000,0.000000,0.000000
5954000,0.000000,0.000000,0.000000
5955000,0.000000,0.000000,0.000000
5956000,0.000000,0.000000,0.000000
5957000,0.000000,0.000000,0.000000
5958000,0.000000,0.000000,0.000000
5959000,0.000000,0.000000,0.000000
5960000,0.000000,0.000000,0.000000
5961000,0.000000,0.000000,0.000000
5962000,0.000000,0.000000,0.000000
5963000,0.000000,0.000000,0.000000
5964000,0.000000,0.000000,0.000000
5965000,0.000000,0.000000,0.000000
5966000,0.000000,0.000000,0.000000
5967000,0.000000,0.000000,0.000000
5968000,0.000000,0.000000,0.000000
5969000,0.000000,0.000000,0.000000
5970000,0.000000,0.000000,0.000000
5971000,0.000000,0.000000,0.000000
5972000,0.000000,0.000000,0.000000
5973000,0.000000,0.000000,0.000000
5974000,0.000000,0.000000,0.000000
5975000,0.000000,0.000000,0.000000
5976000,0.000000,0.000000,0.000000
5977000,0.000000,0.000000,0.000000
5978000,0.000000,0.000000,0.000000
5979000,0.000000,0.000000,0.000000
5980000,0.000000,0.000000,0.000000
5981000,0.000000,0.000000,0.000000
5982000,0.000000,0.000000,0.000000
5983000,0.000000,0.000000,0.000000
5984000,0.000000,0.000000,0.000000
5985000,0.000000,0.000000,0.000000
5986000,0.000000,0.000000,0.000000
5987000,0.000000,0.000000,0.000000
5988000,0.000000,0.000000,0.000000
5989000,0.000000,0.000000,0.000000
5990000,0.000000,0.000000,0.000000
5991000,0.000000,0.000000,0.000000
5992000,0.000000,0.000000,0.000000
5993000,0.000000,0.000000,0.000000
5994000,0.000000,0.000000,0.000000
5995000,0.000000,0.000000,0.000000
5996000,0.000000,0.000000,0.000000
5997000,0.000000,0.000000,0.000000
5998000,0.000000,0.000000,0.000000
5999000,0.000000,0.000000,0.000000
6000000,0.000000,0.000000,0.000000
6001000,0.000000,0.000000,0.000000
6002000,0.000000,0.000000,0.000000
6003000,0.000000,0.000000,0.000000
6004000,0.000000,0.000000,0.000000
6005000,0.000000,0.000000,0.000000
6006000,0.000000,0.000000,0.000000
6007000,0.000000,0.000000,0.000000
6008000,0.000000,0.000000,0.000000
6009000,0.000000,0.000000,0.000000
6010000,0.000000,0.000000,0.000000
6011000,0.000000,0.000000,0.000000
6012000,0.000000,0.000000,0.000000
6013000,0.000000,0.000000,0.000000
6014000,0.000000,0.000000,0.000000
6015000,0.000000,0.000000,0.000000
6016000,0.000000,0.000000,0.000000
6017000,0.000000,0.000000,0.000000
6018000,0.000000,0.000000,0.000000
6019000,0.000000,0.000000,0.000000
6020000,0.000000,0.000000,0.000000
6021000,0.000000,0.000000,0.000000
6022000,0.000000,0.000000,0.000000
6023000,0.000000,0.000000,0.000000
6024000,0.000000,0.000000,0.000000
6025000,0.000000,0.000000,0.000000
6026000,0.000000,0.000000,0.000000
6027000,0.000000,0.000000,0.000000
6028000,0.000000,0.000000,0.000000
6029000,0.000000,0.000000,0.000000
6030000,0.000000,0.000000,0.000000
6031000,0.000000,0.000000,0.000000
6032000,0.000000,0.000000,0.000000
6033000,0.000000,0.000000,0.000000
6034000,0.000000,0.000000,0.000000
6035000,0.000000,0.000000,0.000000
6036000,0.000000,0.000000,0.000000
6037000,0.000000,0.000000,0.000000
6038000,0.000000,0.000000,0.000000
6039000,0.000000,0.000000,0.000000
6040000,0.000000,0.000000,0.000000
6041000,0.000000,0.000000,0.000000
6042000,0.000000,0.000000,0.000000
6043000,0.000000,0.000000,0.000000
6044000,0.000000,0.000000,0.000000
6045000,0.000000,0.000000,0.000000
6046000,0.000000,0.000000,0.000000
6047000,0.000000,0.000000,0.000000
6048000,0.000000,0.000000,0.000000
6049000,0.000000,0.000000,0.000000
6050000,0.000000,0.000000,0.000000
6051000,0.000000,0.000000,0.000000
6052000,0.000000,0.000000,0.000000
6053000,0.000000,0.000000,0.000000
6054000,0.000000,0.000000,0.000000
6055000,0.000000,0.000000,0.000000
6056000,0.000000,0.000000,0.000000
6057000,0.000000,0.000000,0.000000
6058000,0.000000,0.000000,0.000000
6059000,0.000000,0.000000,0.000000
6060000,0.000000,0.000000,0.000000
6061000,0.000000,0.000000,0.000000
6062000,0.000000,0.000000,0.000000
6063000,0.000000,0.000000,0.000000
6064000,0.000000,0.000000,0.000000
6065000,0.000000,0.000000,0.000000
6066000,0.000000,0.000000,0.000000
6067000,0.000000,0.000000,0.000000
6068000,0.000000,0.000000,0.000000
6069000,0.000000,0.000000,0.000000
6070000,0.000000,0.000000,0.000000
6071000,0.000000,0.000000,0.000000
6072000,0.000000,0.000000,0.000000
6073000,0.000000,0.000000,0.000000
6074000,0.000000,0.000000,0.000000
6075000,0.000000,0.000000,0.000000
6076000,0.000000,0.000000,0.000000
6077000,0.000000,0.000000,0.000000
6078000,0.000000,0.000000,0.000000
6079000,0.000000,0.000000,0.000000
6080000,0.000000,0.000000,0.000000
6081000,0.000000,0.000000,0.000000
6082000,0.000000,0.000000,0.000000
6083000,0.000000,0.000000,0.000000
6084000,0.000000,0.000000,0.000000
6085000,0.000000,0.000000,0.000000
6086000,0.000000,0.000000,0.000000
6087000,0.000000,0.000000,0.000000
6088000,0.000000,0.000000,0.000000
6089000,0.000000,0.000000,0.000000
6090000,0.000000,0.000000,0.000000
6091000,0.000000,0.000000,0.000000
6092000,0.000000,0.000000,0.000000
6093000,0.000000,0.000000,0.000000
6094000,0.000000,0.000000,0.000000
6095000,0.000000,0.000000,0.000000
6096000,0.000000,0.000000,0.000000
6097000,0.000000,0.000000,0.000000
6098000,0.000000,0.000000,0.000000
6099000,0.000000,0.000000,0.000000
6100000,0.000000,0.000000,0.000000
6101000,0.000000,0.000000,0.000000
6102000,0.000000,0.000000,0.000000
6103000,0.000000,0.000000,0.000000
6104000,0.000000,0.000000,0.000000
6105000,0.000000,0.000000,0.000000
6106000,0.000000,0.000000,0.000000
6107000,0.000000,0.000000,0.000000
6108000,0.000000,0.000000,0.000000
6109000,0.000000,0.000000,0.000000
6110000,0.000000,0.000000,0.000000
6111000,0.000000,0.000000,0.000000
6112000,0.000000,0.000000,0.000000
6113000,0.000000,0.000000,0.000000
6114000,0.000000,0.000000,0.000000
6115000,0.000000,0.000000,0.000000
6116000,0.000000,0.000000,0.000000
6117000,0.000000,0.000000,0.000000
6118000,0.000000,0.000000,0.000000
6119000,0.000000,0.000000,0.000000
6120000,0.000000,0.000000,0.000000
6121000,0.000000,0.000000,0.000000
6122000,0.000000,0.000000,0.000000
6123000,0.000000,0.000000,0.000000
6124000,0.000000,0.000000,0.000000
6125000,0.000000,0.000000,0.000000
6126000,0.000000,0.000000,0.000000
6127000,0.000000,0.000000,0.000000
6128000,0.000000,0.000000,0.000000
6129000,0.000000,0.000000,0.000000
6130000,0.000000,0.000000,0.000000
6131000,0.000000,0.000000,0.000000
6132000,0.000000,0.000000,0.000000
6133000,0.000000,0.000000,0.000000
6134000,0.000000,0.000000,0.000000
6135000,0.000000,0.000000,0.000000
6136000,0.000000,0.000000,0.000000
6137000,0.000000,0.000000,0.000000
6138000,0.000000,0.000000,0.000000
6139000,0.000000,0.000000,0.000000
6140000,0.000000,0.000000,0.000000
6141000,0.000000,0.000000,0.000000
6142000,0.000000,0.000000,0.000000
6143000,0.000000,0.000000,0.000000
6144000,0.000000,0.000000,0.000000
6145000,0.000000,0.000000,0.000000
6146000,0.000000,0.000000,0.000000
6147000,0.000000,0.000000,0.000000
6148000,0.000000,0.000000,0.000000
6149000,0.000000,0.000000,0.000000
6150000,0.000000,0.000000,0.000000
6151000,0.000000,0.000000,0.000000
6152000,0.000000,0.000000,0.000000
6153000,0.000000,0.000000,0.000000
6154000,0.000000,0.000000,0.000000
6155000,0.000000,0.000000,0.000000
6156000,0.000000,0.000000,0.000000
6157000,0.000000,0.000000,0.000000
6158000,0.000000,0.000000,0.000000
6159000,0.000000,0.000000,0.000000
6160000,0.000000,0.000000,0.000000
6161000,0.000000,0.000000,0.000000
6162000,0.000000,0.000000,0.000000
6163000,0.000000,0.000000,0.000000
6164000,0.000000,0.000000,0.000000
6165000,0.000000,0.000000,0.000000
6166000,0.000000,0.000000,0.000000
6167000,0.000000,0.000000,0.000000
6168000,0.000000,0.000000,0.000000
6169000,0.000000,0.000000,0.000000
6170000,0.000000,0.000000,0.000000
6171000,0.000000,0.000000,0.000000
6172000,0.000000,0.000000,0.000000
6173000,0.000000,0.000000,0.000000
6174000,0.000000,0.000000,0.000000
6175000,0.000000,0.000000,0.000000
6176000,0.000000,0.000000,0.000000
6177000,0.000000,0.000000,0.000000
6178000,0.000000,0.000000,0.000000
6179000,0.000000,0.000000,0.000000
6180000,0.000000,0.000000,0.000000
6181000,0.000000,0.000000,0.000000
6182000,0.000000,0.000000,0.000000
6183000,0.000000,0.000000,0.000000
6184000,0.000000,0.000000,0.000000
6185000,0.000000,0.000000,0.000000
6186000,0.000000,0.000000,0.000000
6187000,0.000000,0.000000,0.000000
6188000,0.000000,0.000000,0.000000
6189000,0.000000,0.000000,0.000000
6190000,0.000000,0.000000,0.000000
6191000,0.000000,0.000000,0.000000
6192000,0.000000,0.000000,0.000000
6193000,0.000000,0.000000,0.000000
6194000,0.000000,0.000000,0.000000
6195000,0.000000,0.000000,0.000000
6196000,0.000000,0.000000,0.000000
6197000,0.000000,0.000000,0.000000
6198000,0.000000,0.000000,0.000000
6199000,0.000000,0.000000,0.000000
6200000,0.000000,0.000000,0.000000
6201000,0.000000,0.000000,0.000000
6202000,0.000000,0.000000,0.000000
6203000,0.000000,0.000000,0.000000
6204000,0.000000,0.000000,0.000000
6205000,0.000000,0.000000,0.000000
6206000,0.000000,0.000000,0.000000
6207000,0.000000,0.000000,0.000000
6208000,0.000000,0.000000,0.000000
6209000,0.000000,0.000000,0.000000
6210000,0.000000,0.000000,0.000000
6211000,0.000000,0.000000,0.000000
6212000,0.000000,0.000000,0.000000
6213000,0.000000,0.000000,0.000000
6214000,0.000000,0.000000,0.000000
6215000,0.000000,0.000000,0.000000
6216000,0.000000,0.000000,0.000000
6217000,0.000000,0.000000,0.000000
6218000,0.000000,0.000000,0.000000
6219000,0.000000,0.000000,0.000000
6220000,0.000000,0.000000,0.000000
6221000,0.000000,0.000000,0.000000
6222000,0.000000,0.000000,0.000000
6223000,0.000000,0.000000,0.000000
6224000,0.000000,0.000000,0.000000
6225000,0.000000,0.000000,0.000000
6226000,0.000000,0.000000,0.000000
6227000,0.000000,0.000000,0.000000
6228000,0.000000,0.000000,0.000000
6229000,0.000000,0.000000,0.000000
6230000,0.000000,0.000000,0.000000
6231000,0.000000,0.000000,0.000000
6232000,0.000000,0.000000,0.000000
6233000,0.000000,0.000000,0.000000
6234000,0.000000,0.000000,0.000000
6235000,0.000000,0.000000,0.000000
6236000,0.000000,0.000000,0.000000
6237000,0.000000,0.000000,0.000000
6238000,0.000000,0.000000,0.000000
6239000,0.000000,0.000000,0.000000
6240000,0.000000,0.000000,0.000000
6241000,0.000000,0.000000,0.000000
6242000,0.000000,0.000000,0.000000
6243000,0.000000,0.000000,0.000000
6244000,0.000000,0.000000,0.000000
6245000,0.000000,0.000000,0.000000
6246000,0.000000,0.000000,0.000000
6247000,0.000000,0.000000,0.000000
6248000,0.000000,0.000000,0.000000
6249000,0.000000,0.000000,0.000000
6250000,0.000000,0.000000,0.000000
6251000,0.000000,0.000000,0.000000
6252000,0.000000,0.000000,0.000000
6253000,0.000000,0.000000,0.000000
6254000,0.000000,0.000000,0.000000
6255000,0.000000,0.000000,0.000000
6256000,0.000000,0.000000,0.000000
6257000,0.000000,0.000000,0.000000
6258000,0.000000,0.000000,0.000000
6259000,0.000000,0.000000,0.000000
6260000,0.000000,0.000000,0.000000
6261000,0.000000,0.000000,0.000000
6262000,0.000000,0.000000,0.000000
6263000,0.000000,0.000000,0.000000
6264000,0.000000,0.000000,0.000000
6265000,0.000000,0.000000,0.000000
6266000,0.000000,0.000000,0.000000
6267000,0.000000,0.000000,0.000000
6268000,0.000000,0.000000,0.000000
6269000,0.000000,0.000000,0.000000
6270000,0.000000,0.000000,0.000000
6271000,0.000000,0.000000,0.000000
6272000,0.000000,0.000000,0.000000
6273000,0.000000,0.000000,0.000000
6274000,0.000000,0.000000,0.000000
6275000,0.000000,0.000000,0.000000
6276000,0.000000,0.000000,0.000000
6277000,0.000000,0.000000,0.000000
6278000,0.000000,0.000000,0.000000
6279000,0.000000,0.000000,0.000000
6280000,0.000000,0.000000,0.000000
6281000,0.000000,0.000000,0.000000
6282000,0.000000,0.000000,0.000000
6283000,0.000000,0.000000,0.000000
6284000,0.000000,0.000000,0.000000
6285000,0.000000,0.000000,0.000000
6286000,0.000000,0.000000,0.000000
6287000,0.000000,0.000000,0.000000
6288000,0.000000,0.000000,0.000000
6289000,0.000000,0.000000,0.000000
6290000,0.000000,0.000000,0.000000
6291000,0.000000,0.000000,0.000000
6292000,0.000000,0.000000,0.000000
6293000,0.000000,0.000000,0.000000
6294000,0.000000,0.000000,0.000000
6295000,0.000000,0.000000,0.000000
6296000,0.000000,0.000000,0.000000
6297000,0.000000,0.000000,0.000000
6298000,0.000000,0.000000,0.000000
6299000,0.000000,0.000000,0.000000
6300000,0.000000,0.000000,0.000000
6301000,0.000000,0.000000,0.000000
6302000,0.000000,0.000000,0.000000
6303000,0.000000,0.000000,0.000000
6304000,0.000000,0.000000,0.000000
6305000,0.000000,0.000000,0.000000
6306000,0.000000,0.000000,0.000000
6307000,0.000000,0.000000,0.000000
6308000,0.000000,0.000000,0.000000
6309000,0.000000,0.000000,0.000000
6310000,0.000000,0.000000,0.000000
6311000,0.000000,0.000000,0.000000
6312000,0.000000,0.000000,0.000000
6313000,0.000000,0.000000,0.000000
6314000,0.000000,0.000000,0.000000
6315000,0.000000,0.000000,0.000000
6316000,0.000000,0.000000,0.000000
6317000,0.000000,0.000000,0.000000
6318000,0.000000,0.000000,0.000000
6319000,0.000000,0.000000,0.000000
6320000,0.000000,0.000000,0.000000
6321000,0.000000,0.000000,0.000000
6322000,0.000000,0.000000,0.000000
6323000,0.000000,0.000000,0.000000
6324000,0.000000,0.000000,0.000000
6325000,0.000000,0.000000,0.000000
6326000,0.000000,0.000000,0.000000
6327000,0.000000,0.000000,0.000000
6328000,0.000000,0.000000,0.000000
6329000,0.000000,0.000000,0.000000
6330000,0.000000,0.000000,0.000000
6331000,0.000000,0.000000,0.000000
6332000,0.000000,0.000000,0.000000
6333000,0.000000,0.000000,0.000000
6334000,0.000000,0.000000,0.000000
6335000,0.000000,0.000000,0.000000
6336000,0.000000,0.000000,0.000000
6337000,0.000000,0.000000,0.000000
6338000,0.000000,0.000000,0.000000
6339000,0.000000,0.000000,0.000000
6340000,0.000000,0.000000,0.000000
6341000,0.000000,0.000000,0.000000
6342000,0.000000,0.000000,0.000000
6343000,0.000000,0.000000,0.000000
6344000,0.000000,0.000000,0.000000
6345000,0.000000,0.000000,0.000000
6346000,0.000000,0.000000,0.000000
6347000,0.000000,0.000000,0.000000
6348000,0.000000,0.000000,0.000000
6349000,0.000000,0.000000,0.000000
6350000,0.000000,0.000000,0.000000
6351000,0.000000,0.000000,0.000000
6352000,0.000000,0.000000,0.000000
6353000,0.000000,0.000000,0.000000
6354000,0.000000,0.000000,0.000000
6355000,0.000000,0.000000,0.000000
6356000,0.000000,0.000000,0.000000
6357000,0.000000,0.000000,0.000000
6358000,0.000000,0.000000,0.000000
6359000,0.000000,0.000000,0.000000
6360000,0.000000,0.000000,0.000000
6361000,0.000000,0.000000,0.000000
6362000,0.000000,0.000000,0.000000
6363000,0.000000,0.000000,0.000000
6364000,0.000000,0.000000,0.000000
6365000,0.000000,0.000000,0.000000
6366000,0.000000,0.000000,0.000000
6367000,0.000000,0.000000,0.000000
6368000,0.000000,0.000000,0.000000
6369000,0.000000,0.000000,0.000000
6370000,0.000000,0.000000,0.000000
6371000,0.000000,0.000000,0.000000
6372000,0.000000,0.000000,0.000000
6373000,0.000000,0.000000,0.000000
6374000,0.000000,0.000000,0.000000
6375000,0.000000,0.000000,0.000000
6376000,0.000000,0.000000,0.000000
6377000,0.000000,0.000000,0.000000
6378000,0.000000,0.000000,0.000000
6379000,0.000000,0.000000,0.000000
6380000,0.000000,0.000000,0.000000
6381000,0.000000,0.000000,0.000000
6382000,0.000000,0.000000,0.000000
6383000,0.000000,0.000000,0.000000
6384000,0.000000,0.000000,0.000000
6385000,0.000000,0.000000,0.000000
6386000,0.000000,0.000000,0.000000
6387000,0.000000,0.000000,0.000000
6388000,0.000000,0.000000,0.000000
6389000,0.000000,0.000000,0.000000
6390000,0.000000,0.000000,0.000000
6391000,0.000000,0.000000,0.000000
6392000,0.000000,0.000000,0.000000
6393000,0.000000,0.000000,0.000000
6394000,0.000000,0.000000,0.000000
6395000,0.000000,0.000000,0.000000
6396000,0.000000,0.000000,0.000000
6397000,0.000000,0.000000,0.000000
6398000,0.000000,0.000000,0.000000
6399000,0.000000,0.000000,0.000000
6400000,0.000000,0.000000,0.000000
6401000,0.000000,0.000000,0.000000
6402000,0.000000,0.000000,0.000000
6403000,0.000000,0.000000,0.000000
6404000,0.000000,0.000000,0.000000
6405000,0.000000,0.000000,0.000000
6406000,0.000000,0.000000,0.000000
6407000,0.000000,0.000000,0.000000
6408000,0.000000,0.000000,0.000000
6409000,0.000000,0.000000,0.000000
6410000,0.000000,0.000000,0.000000
6411000,0.000000,0.000000,0.000000
6412000,0.000000,0.000000,0.000000
6413000,0.000000,0.000000,0.000000
6414000,0.000000,0.000000,0.000000
6415000,0.000000,0.000000,0.000000
6416000,0.000000,0.000000,0.000000
6417000,0.000000,0.000000,0.000000
6418000,0.000000,0.000000,0.000000
6419000,0.000000,0.000000,0.000000
6420000,0.000000,0.000000,0.000000
6421000,0.000000,0.000000,0.000000
6422000,0.000000,0.000000,0.000000
6423000,0.000000,0.000000,0.000000
6424000,0.000000,0.000000,0.000000
6425000,0.000000,0.000000,0.000000
6426000,0.000000,0.000000,0.000000
6427000,0.000000,0.000000,0.000000
6428000,0.000000,0.000000,0.000000
6429000,0.000000,0.000000,0.000000
6430000,0.000000,0.000000,0.000000
6431000,0.000000,0.000000,0.000000
6432000,0.000000,0.000000,0.000000
6433000,0.000000,0.000000,0.000000
6434000,0.000000,0.000000,0.000000
6435000,0.000000,0.000000,0.000000
6436000,0.000000,0.000000,0.000000
6437000,0.000000,0.000000,0.000000
6438000,0.000000,0.000000,0.000000
6439000,0.000000,0.000000,0.000000
6440000,0.000000,0.000000,0.000000
6441000,0.000000,0.000000,0.000000
6442000,0.000000,0.000000,0.000000
6443000,0.000000,0.000000,0.000000
6444000,0.000000,0.000000,0.000000
6445000,0.000000,0.000000,0.000000
6446000,0.000000,0.000000,0.000000
6447000,0.000000,0.000000,0.000000
6448000,0.000000,0.000000,0.000000
6449000,0.000000,0.000000,0.000000
6450000,0.000000,0.000000,0.000000
6451000,0.000000,0.000000,0.000000
6452000,0.000000,0.000000,0.000000
6453000,0.000000,0.000000,0.000000
6454000,0.000000,0.000000,0.000000
6455000,0.000000,0.000000,0.000000
6456000,0.000000,0.000000,0.000000
6457000,0.000000,0.000000,0.000000
6458000,0.000000,0.000000,0.000000
6459000,0.000000,0.000000,0.000000
6460000,0.000000,0.000000,0.000000
6461000,0.000000,0.000000,0.000000
6462000,0.000000,0.000000,0.000000
6463000,0.000000,0.000000,0.000000
6464000,0.000000,0.000000,0.000000
6465000,0.000000,0.000000,0.000000
6466000,0.000000,0.000000,0.000000
6467000,0.000000,0.000000,0.000000
6468000,0.000000,0.000000,0.000000
6469000,0.000000,0.000000,0.000000
6470000,0.000000,0.000000,0.000000
6471000,0.000000,0.000000,0.000000
6472000,0.000000,0.000000,0.000000
6473000,0.000000,0.000000,0.000000
6474000,0.000000,0.000000,0.000000
6475000,0.000000,0.000000,0.000000
6476000,0.000000,0.000000,0.000000
6477000,0.000000,0.000000,0.000000
6478000,0.000000,0.000000,0.000000
6479000,0.000000,0.000000,0.000000
6480000,0.000000,0.000000,0.000000
6481000,0.000000,0.000000,0.000000
6482000,0.000000,0.000000,0.000000
6483000,0.000000,0.000000,0.000000
6484000,0.000000,0.000000,0.000000
6485000,0.000000,0.000000,0.000000
6486000,0.000000,0.000000,0.000000
6487000,0.000000,0.000000,0.000000
6488000,0.000000,0.000000,0.000000
6489000,0.000000,0.000000,0.000000
6490000,0.000000,0.000000,0.000000
6491000,0.000000,0.000000,0.000000
6492000,0.000000,0.000000,0.000000
6493000,0.000000,0.000000,0.000000
6494000,0.000000,0.000000,0.000000
6495000,0.000000,0.000000,0.000000
6496000,0.000000,0.000000,0.000000
6497000,0.000000,0.000000,0.000000
6498000,0.000000,0.000000,0.000000
6499000,0.000000,0.000000,0.000000
6500000,0.000000,0.000000,0.000000
6501000,0.000000,0.000000,0.000000
6502000,0.000000,0.000000,0.000000
6503000,0.000000,0.000000,0.000000
6504000,0.000000,0.000000,0.000000
6505000,0.000000,0.000000,0.000000
6506000,0.000000,0.000000,0.000000
6507000,0.000000,0.000000,0.000000
6508000,0.000000,0.000000,0.000000
6509000,0.000000,0.000000,0.000000
6510000,0.000000,0.000000,0.000000
6511000,0.000000,0.000000,0.000000
6512000,0.000000,0.000000,0.000000
6513000,0.000000,0.000000,0.000000
6514000,0.000000,0.000000,0.000000
6515000,0.000000,0.000000,0.000000
6516000,0.000000,0.000000,0.000000
6517000,0.000000,0.000000,0.000000
6518000,0.000000,0.000000,0.000000
6519000,0.000000,0.000000,0.000000
6520000,0.000000,0.000000,0.000000
6521000,0.000000,0.000000,0.000000
6522000,0.000000,0.000000,0.000000
6523000,0.000000,0.000000,0.000000
6524000,0.000000,0.000000,0.000000
6525000,0.000000,0.000000,0.000000
6526000,0.000000,0.000000,0.000000
6527000,0.000000,0.000000,0.000000
6528000,0.000000,0.000000,0.000000
6529000,0.000000,0.000000,0.000000
6530000,0.000000,0.000000,0.000000
6531000,0.000000,0.000000,0.000000
6532000,0.000000,0.000000,0.000000
6533000,0.000000,0.000000,0.000000
6534000,0.000000,0.000000,0.000000
6535000,0.000000,0.000000,0.000000
6536000,0.000000,0.000000,0.000000
6537000,0.000000,0.000000,0.000000
6538000,0.000000,0.000000,0.000000
6539000,0.000000,0.000000,0.000000
6540000,0.000000,0.000000,0.000000
6541000,0.000000,0.000000,0.000000
6542000,0.000000,0.000000,0.000000
6543000,0.000000,0.000000,0.000000
6544000,0.000000,0.000000,0.000000
6545000,0.000000,0.000000,0.000000
6546000,0.000000,0.000000,0.000000
6547000,0.000000,0.000000,0.000000
6548000,0.000000,0.000000,0.000000
6549000,0.000000,0.000000,0.000000
6550000,0.000000,0.000000,0.000000
6551000,0.000000,0.000000,0.000000
6552000,0.000000,0.000000,0.000000
6553000,0.000000,0.000000,0.000000
6554000,0.000000,0.000000,0.000000
6555000,0.000000,0.000000,0.000000
6556000,0.000000,0.000000,0.000000
6557000,0.000000,0.000000,0.000000
6558000,0.000000,0.000000,0.000000
6559000,0.000000,0.000000,0.000000
6560000,0.000000,0.000000,0.000000
6561000,0.000000,0.000000,0.000000
6562000,0.000000,0.000000,0.000000
6563000,0.000000,0.000000,0.000000
6564000,0.000000,0.000000,0.000000
6565000,0.000000,0.000000,0.000000
6566000,0.000000,0.000000,0.000000
6567000,0.000000,0.000000,0.000000
6568000,0.000000,0.000000,0.000000
6569000,0.000000,0.000000,0.000000
6570000,0.000000,0.000000,0.000000
6571000,0.000000,0.000000,0.000000
6572000,0.000000,0.000000,0.000000
6573000,0.000000,0.000000,0.000000
6574000,0.000000,0.000000,0.000000
6575000,0.000000,0.000000,0.000000
6576000,0.000000,0.000000,0.000000
6577000,0.000000,0.000000,0.000000
6578000,0.000000,0.000000,0.000000
6579000,0.000000,0.000000,0.000000
6580000,0.000000,0.000000,0.000000
6581000,0.000000,0.000000,0.000000
6582000,0.000000,0.000000,0.000000
6583000,0.000000,0.000000,0.000000
6584000,0.000000,0.000000,0.000000
6585000,0.000000,0.000000,0.000000
6586000,0.000000,0.000000,0.000000
6587000,0.000000,0.000000,0.000000
6588000,0.000000,0.000000,0.000000
6589000,0.000000,0.000000,0.000000
6590000,0.000000,0.000000,0.000000
6591000,0.000000,0.000000,0.000000
6592000,0.000000,0.000000,0.000000
6593000,0.000000,0.000000,0.000000
6594000,0.000000,0.000000,0.000000
6595000,0.000000,0.000000,0.000000
6596000,0.000000,0.000000,0.000000
6597000,0.000000,0.000000,0.000000
6598000,0.000000,0.000000,0.000000
6599000,0.000000,0.000000,0.000000
6600000,0.000000,0.000000,0.000000
6601000,0.000000,0.000000,0.000000
6602000,0.000000,0.000000,0.000000
6603000,0.000000,0.000000,0.000000
6604000,0.000000,0.000000,0.000000
6605000,0.000000,0.000000,0.000000
6606000,0.000000,0.000000,0.000000
6607000,0.000000,0.000000,0.000000
6608000,0.000000,0.000000,0.000000
6609000,0.000000,0.000000,0.000000
6610000,0.000000,0.000000,0.000000
6611000,0.000000,0.000000,0.000000
6612000,0.000000,0.000000,0.000000
6613000,0.000000,0.000000,0.000000
6614000,0.000000,0.000000,0.000000
6615000,0.000000,0.000000,0.000000
6616000,0.000000,0.000000,0.000000
6617000,0.000000,0.000000,0.000000
6618000,0.000000,0.000000,0.000000
6619000,0.000000,0.000000,0.000000
6620000,0.000000,0.000000,0.000000
6621000,0.000000,0.000000,0.000000
6622000,0.000000,0.000000,0.000000
6623000,0.000000,0.000000,0.000000
6624000,0.000000,0.000000,0.000000
6625000,0.000000,0.000000,0.000000
6626000,0.000000,0.000000,0.000000
6627000,0.000000,0.000000,0.000000
6628000,0.000000,0.000000,0.000000
6629000,0.000000,0.000000,0.000000
6630000,0.000000,0.000000,0.000000
6631000,0.000000,0.000000,0.000000
6632000,0.000000,0.000000,0.000000
6633000,0.000000,0.000000,0.000000
6634000,0.000000,0.000000,0.000000
6635000,0.000000,0.000000,0.000000
6636000,0.000000,0.000000,0.000000
6637000,0.000000,0.000000,0.000000
6638000,0.000000,0.000000,0.000000
6639000,0.000000,0.000000,0.000000
6640000,0.000000,0.000000,0.000000
6641000,0.000000,0.000000,0.000000
6642000,0.000000,0.000000,0.000000
6643000,0.000000,0.000000,0.000000
6644000,0.000000,0.000000,0.000000
6645000,0.000000,0.000000,0.000000
6646000,0.000000,0.000000,0.000000
6647000,0.000000,0.000000,0.000000
6648000,0.000000,0.000000,0.000000
6649000,0.000000,0.000000,0.000000
6650000,0.000000,0.000000,0.000000
6651000,0.000000,0.000000,0.000000
6652000,0.000000,0.000000,0.000000
6653000,0.000000,0.000000,0.000000
6654000,0.000000,0.000000,0.000000
6655000,0.000000,0.000000,0.000000
6656000,0.000000,0.000000,0.000000
6657000,0.000000,0.000000,0.000000
6658000,0.000000,0.000000,0.000000
6659000,0.000000,0.000000,0.000000
6660000,0.000000,0.000000,0.000000
6661000,0.000000,0.000000,0.000000
6662000,0.000000,0.000000,0.000000
6663000,0.000000,0.000000,0.000000
6664000,0.000000,0.000000,0.000000
6665000,0.000000,0.000000,0.000000
6666000,0.000000,0.000000,0.000000
6667000,0.000000,0.000000,0.000000
6668000,0.000000,0.000000,0.000000
6669000,0.000000,0.000000,0.000000
6670000,0.000000,0.000000,0.000000
6671000,0.000000,0.000000,0.000000
6672000,0.000000,0.000000,0.000000
6673000,0.000000,0.000000,0.000000
6674000,0.000000,0.000000,0.000000
6675000,0.000000,0.000000,0.000000
6676000,0.000000,0.000000,0.000000
6677000,0.000000,0.000000,0.000000
6678000,0.000000,0.000000,0.000000
6679000,0.000000,0.000000,0.000000
6680000,0.000000,0.000000,0.000000
6681000,0.000000,0.000000,0.000000
6682000,0.000000,0.000000,0.000000
6683000,0.000000,0.000000,0.000000
6684000,0.000000,0.000000,0.000000
6685000,0.000000,0.000000,0.000000
6686000,0.000000,0.000000,0.000000
6687000,0.000000,0.000000,0.000000
6688000,0.000000,0.000000,0.000000
6689000,0.000000,0.000000,0.000000
6690000,0.000000,0.000000,0.000000
6691000,0.000000,0.000000,0.000000
6692000,0.000000,0.000000,0.000000
6693000,0.000000,0.000000,0.000000
6694000,0.000000,0.000000,0.000000
6695000,0.000000,0.000000,0.000000
6696000,0.000000,0.000000,0.000000
6697000,0.000000,0.000000,0.000000
6698000,0.000000,0.000000,0.000000
6699000,0.000000,0.000000,0.000000
6700000,0.000000,0.000000,0.000000
6701000,0.000000,0.000000,0.000000
6702000,0.000000,0.000000,0.000000
6703000,0.000000,0.000000,0.000000
6704000,0.000000,0.000000,0.000000
6705000,0.000000,0.000000,0.000000
6706000,0.000000,0.000000,0.000000
6707000,0.000000,0.000000,0.000000
6708000,0.000000,0.000000,0.000000
6709000,0.000000,0.000000,0.000000
6710000,0.000000,0.000000,0.000000
6711000,0.000000,0.000000,0.000000
6712000,0.000000,0.000000,0.000000
6713000,0.000000,0.000000,0.000000
6714000,0.000000,0.000000,0.000000
6715000,0.000000,0.000000,0.000000
6716000,0.000000,0.000000,0.000000
6717000,0.000000,0.000000,0.000000
6718000,0.000000,0.000000,0.000000
6719000,0.000000,0.000000,0.000000
6720000,0.000000,0.000000,0.000000
6721000,0.000000,0.000000,0.000000
6722000,0.000000,0.000000,0.000000
6723000,0.000000,0.000000,0.000000
6724000,0.000000,0.000000,0.000000
6725000,0.000000,0.000000,0.000000
6726000,0.000000,0.000000,0.000000
6727000,0.000000,0.000000,0.000000
6728000,0.000000,0.000000,0.000000
6729000,0.000000,0.000000,0.000000
6730000,0.000000,0.000000,0.000000
6731000,0.000000,0.000000,0.000000
6732000,0.000000,0.000000,0.000000
6733000,0.000000,0.000000,0.000000
6734000,0.000000,0.000000,0.000000
6735000,0.000000,0.000000,0.000000
6736000,0.000000,0.000000,0.000000
6737000,0.000000,0.000000,0.000000
6738000,0.000000,0.000000,0.000000
6739000,0.000000,0.000000,0.000000
6740000,0.000000,0.000000,0.000000
6741000,0.000000,0.000000,0.000000
6742000,0.000000,0.000000,0.000000
6743000,0.000000,0.000000,0.000000
6744000,0.000000,0.000000,0.000000
6745000,0.000000,0.000000,0.000000
6746000,0.000000,0.000000,0.000000
6747000,0.000000,0.000000,0.000000
6748000,0.000000,0.000000,0.000000
6749000,0.000000,0.000000,0.000000
6750000,0.000000,0.000000,0.000000
6751000,0.000000,0.000000,0.000000
6752000,0.000000,0.000000,0.000000
6753000,0.000000,0.000000,0.000000
6754000,0.000000,0.000000,0.000000
6755000,0.000000,0.000000,0.000000
6756000,0.000000,0.000000,0.000000
6757000,0.000000,0.000000,0.000000
6758000,0.000000,0.000000,0.000000
6759000,0.000000,0.000000,0.000000
6760000,0.000000,0.000000,0.000000
6761000,0.000000,0.000000,0.000000
6762000,0.000000,0.000000,0.000000
6763000,0.000000,0.000000,0.000000
6764000,0.000000,0.000000,0.000000
6765000,0.000000,0.000000,0.000000
6766000,0.000000,0.000000,0.000000
6767000,0.000000,0.000000,0.000000
6768000,0.000000,0.000000,0.000000
6769000,0.000000,0.000000,0.000000
6770000,0.000000,0.000000,0.000000
6771000,0.000000,0.000000,0.000000
6772000,0.000000,0.000000,0.000000
6773000,0.000000,0.000000,0.000000
6774000,0.000000,0.000000,0.000000
6775000,0.000000,0.000000,0.000000
6776000,0.000000,0.000000,0.000000
6777000,0.000000,0.000000,0.000000
6778000,0.000000,0.000000,0.000000
6779000,0.000000,0.000000,0.000000
6780000,0.000000,0.000000,0.000000
6781000,0.000000,0.000000,0.000000
6782000,0.000000,0.000000,0.000000
6783000,0.000000,0.000000,0.000000
6784000,0.000000,0.000000,0.000000
6785000,0.000000,0.000000,0.000000
6786000,0.000000,0.000000,0.000000
6787000,0.000000,0.000000,0.000000
6788000,0.000000,0.000000,0.000000
6789000,0.000000,0.000000,0.000000
6790000,0.000000,0.000000,0.000000
6791000,0.000000,0.000000,0.000000
6792000,0.000000,0.000000,0.000000
6793000,0.000000,0.000000,0.000000
6794000,0.000000,0.000000,0.000000
6795000,0.000000,0.000000,0.000000
6796000,0.000000,0.000000,0.000000
6797000,0.000000,0.000000,0.000000
6798000,0.000000,0.000000,0.000000
6799000,0.000000,0.000000,0.000000
6800000,0.000000,0.000000,0.000000
6801000,0.000000,0.000000,0.000000
6802000,0.000000,0.000000,0.000000
6803000,0.000000,0.000000,0.000000
6804000,0.000000,0.000000,0.000000
6805000,0.000000,0.000000,0.000000
6806000,0.000000,0.000000,0.000000
6807000,0.000000,0.000000,0.000000
6808000,0.000000,0.000000,0.000000
6809000,0.000000,0.000000,0.000000
6810000,0.000000,0.000000,0.000000
6811000,0.000000,0.000000,0.000000
6812000,0.000000,0.000000,0.000000
6813000,0.000000,0.000000,0.000000
6814000,0.000000,0.000000,0.000000
6815000,0.000000,0.000000,0.000000
6816000,0.000000,0.000000,0.000000
6817000,0.000000,0.000000,0.000000
6818000,0.000000,0.000000,0.000000
6819000,0.000000,0.000000,0.000000
6820000,0.000000,0.000000,0.000000
6821000,0.000000,0.000000,0.000000
6822000,0.000000,0.000000,0.000000
6823000,0.000000,0.000000,0.000000
6824000,0.000000,0.000000,0.000000
6825000,0.000000,0.000000,0.000000
6826000,0.000000,0.000000,0.000000
6827000,0.000000,0.000000,0.000000
6828000,0.000000,0.000000,0.000000
6829000,0.000000,0.000000,0.000000
6830000,0.000000,0.000000,0.000000
6831000,0.000000,0.000000,0.000000
6832000,0.000000,0.000000,0.000000
6833000,0.000000,0.000000,0.000000
6834000,0.000000,0.000000,0.000000
6835000,0.000000,0.000000,0.000000
6836000,0.000000,0.000000,0.000000
6837000,0.000000,0.000000,0.000000
6838000,0.000000,0.000000,0.000000
6839000,0.000000,0.000000,0.000000
6840000,0.000000,0.000000,0.000000
6841000,0.000000,0.000000,0.000000
6842000,0.000000,0.000000,0.000000
6843000,0.000000,0.000000,0.000000
6844000,0.000000,0.000000,0.000000
6845000,0.000000,0.000000,0.000000
6846000,0.000000,0.000000,0.000000
6847000,0.000000,0.000000,0.000000
6848000,0.000000,0.000000,0.000000
6849000,0.000000,0.000000,0.000000
6850000,0.000000,0.000000,0.000000
6851000,0.000000,0.000000,0.000000
6852000,0.000000,0.000000,0.000000
6853000,0.000000,0.000000,0.000000
6854000,0.000000,0.000000,0.000000
6855000,0.000000,0.000000,0.000000
6856000,0.000000,0.000000,0.000000
6857000,0.000000,0.000000,0.000000
6858000,0.000000,0.000000,0.000000
6859000,0.000000,0.000000,0.000000
6860000,0.000000,0.000000,0.000000
6861000,0.000000,0.000000,0.000000
6862000,0.000000,0.000000,0.000000
6863000,0.000000,0.000000,0.000000
6864000,0.000000,0.000000,0.000000
6865000,0.000000,0.000000,0.000000
6866000,0.000000,0.000000,0.000000
6867000,0.000000,0.000000,0.000000
6868000,0.000000,0.000000,0.000000
6869000,0.000000,0.000000,0.000000
6870000,0.000000,0.000000,0.000000
6871000,0.000000,0.000000,0.000000
6872000,0.000000,0.000000,0.000000
6873000,0.000000,0.000000,0.000000
6874000,0.000000,0.000000,0.000000
6875000,0.000000,0.000000,0.000000
6876000,0.000000,0.000000,0.000000
6877000,0.000000,0.000000,0.000000
6878000,0.000000,0.000000,0.000000
6879000,0.000000,0.000000,0.000000
6880000,0.000000,0.000000,0.000000
6881000,0.000000,0.000000,0.000000
6882000,0.000000,0.000000,0.000000
6883000,0.000000,0.000000,0.000000
6884000,0.000000,0.000000,0.000000
6885000,0.000000,0.000000,0.000000
6886000,0.000000,0.000000,0.000000
6887000,0.000000,0.000000,0.000000
6888000,0.000000,0.000000,0.000000
6889000,0.000000,0.000000,0.000000
6890000,0.000000,0.000000,0.000000
6891000,0.000000,0.000000,0.000000
6892000,0.000000,0.000000,0.000000
6893000,0.000000,0.000000,0.000000
6894000,0.000000,0.000000,0.000000
6895000,0.000000,0.000000,0.000000
6896000,0.000000,0.000000,0.000000
6897000,0.000000,0.000000,0.000000
6898000,0.000000,0.000000,0.000000
6899000,0.000000,0.000000,0.000000
6900000,0.000000,0.000000,0.000000
6901000,0.000000,0.000000,0.000000
6902000,0.000000,0.000000,0.000000
6903000,0.000000,0.000000,0.000000
6904000,0.000000,0.000000,0.000000
6905000,0.000000,0.000000,0.000000
6906000,0.000000,0.000000,0.000000
6907000,0.000000,0.000000,0.000000
6908000,0.000000,0.000000,0.000000
6909000,0.000000,0.000000,0.000000
6910000,0.000000,0.000000,0.000000
6911000,0.000000,0.000000,0.000000
6912000,0.000000,0.000000,0.000000
6913000,0.000000,0.000000,0.000000
6914000,0.000000,0.000000,0.000000
6915000,0.000000,0.000000,0.000000
6916000,0.000000,0.000000,0.000000
6917000,0.000000,0.000000,0.000000
6918000,0.000000,0.000000,0.000000
6919000,0.000000,0.000000,0.000000
6920000,0.000000,0.000000,0.000000
6921000,0.000000,0.000000,0.000000
6922000,0.000000,0.000000,0.000000
6923000,0.000000,0.000000,0.000000
6924000,0.000000,0.000000,0.000000
6925000,0.000000,0.000000,0.000000
6926000,0.000000,0.000000,0.000000
6927000,0.000000,0.000000,0.000000
6928000,0.000000,0.000000,0.000000
6929000,0.000000,0.000000,0.000000
6930000,0.000000,0.000000,0.000000
6931000,0.000000,0.000000,0.000000
6932000,0.000000,0.000000,0.000000
6933000,0.000000,0.000000,0.000000
6934000,0.000000,0.000000,0.000000
6935000,0.000000,0.000000,0.000000
6936000,0.000000,0.000000,0.000000
6937000,0.000000,0.000000,0.000000
6938000,0.000000,0.000000,0.000000
6939000,0.000000,0.000000,0.000000
6940000,0.000000,0.000000,0.000000
6941000,0.000000,0.000000,0.000000
6942000,0.000000,0.000000,0.000000
6943000,0.000000,0.000000,0.000000
6944000,0.000000,0.000000,0.000000
6945000,0.000000,0.000000,0.000000
6946000,0.000000,0.000000,0.000000
6947000,0.000000,0.000000,0.000000
6948000,0.000000,0.000000,0.000000
6949000,0.000000,0.000000,0.000000
6950000,0.000000,0.000000,0.000000
6951000,0.000000,0.000000,0.000000
6952000,0.000000,0.000000,0.000000
6953000,0.000000,0.000000,0.000000
6954000,0.000000,0.000000,0.000000
6955000,0.000000,0.000000,0.000000
6956000,0.000000,0.000000,0.000000
6957000,0.000000,0.000000,0.000000
6958000,0.000000,0.000000,0.000000
6959000,0.000000,0.000000,0.000000
6960000,0.000000,0.000000,0.000000
6961000,0.000000,0.000000,0.000000
6962000,0.000000,0.000000,0.000000
6963000,0.000000,0.000000,0.000000
6964000,0.000000,0.000000,0.000000
6965000,0.000000,0.000000,0.000000
6966000,0.000000,0.000000,0.000000
6967000,0.000000,0.000000,0.000000
6968000,0.000000,0.000000,0.000000
6969000,0.000000,0.000000,0.000000
6970000,0.000000,0.000000,0.000000
6971000,0.000000,0.000000,0.000000
6972000,0.000000,0.000000,0.000000
6973000,0.000000,0.000000,0.000000
6974000,0.000000,0.000000,0.000000
6975000,0.000000,0.000000,0.000000
6976000,0.000000,0.000000,0.000000
6977000,0.000000,0.000000,0.000000
6978000,0.000000,0.000000,0.000000
6979000,0.000000,0.000000,0.000000
6980000,0.000000,0.000000,0.000000
6981000,0.000000,0.000000,0.000000
6982000,0.000000,0.000000,0.000000
6983000,0.000000,0.000000,0.000000
6984000,0.000000,0.000000,0.000000
6985000,0.000000,0.000000,0.000000
6986000,0.000000,0.000000,0.000000
6987000,0.000000,0.000000,0.000000
6988000,0.000000,0.000000,0.000000
6989000,0.000000,0.000000,0.000000
6990000,0.000000,0.000000,0.000000
6991000,0.000000,0.000000,0.000000
6992000,0.000000,0.000000,0.000000
6993000,0.000000,0.000000,0.000000
6994000,0.000000,0.000000,0.000000
6995000,0.000000,0.000000,0.000000
6996000,0.000000,0.000000,0.000000
6997000,0.000000,0.000000,0.000000
6998000,0.000000,0.000000,0.000000
6999000,0.000000,0.000000,0.000000
7000000,0.000000,0.000000,0.000000
7001000,0.000000,0.000000,0.000000
7002000,0.000000,0.000000,0.000000
7003000,0.000000,0.000000,0.000000
7004000,0.000000,0.000000,0.000000
7005000,0.000000,0.000000,0.000000
7006000,0.000000,0.000000,0.000000
7007000,0.000000,0.000000,0.000000
7008000,0.000000,0.000000,0.000000
7009000,0.000000,0.000000,0.000000
7010000,0.000000,0.000000,0.000000
7011000,0.000000,0.000000,0.000000
7012000,0.000000,0.000000,0.000000
7013000,0.000000,0.000000,0.000000
7014000,0.000000,0.000000,0.000000
7015000,0.000000,0.000000,0.000000
7016000,0.000000,0.000000,0.000000
7017000,0.000000,0.000000,0.000000
7018000,0.000000,0.000000,0.000000
7019000,0.000000,0.000000,0.000000
7020000,0.000000,0.000000,0.000000
7021000,0.000000,0.000000,0.000000
7022000,0.000000,0.000000,0.000000
7023000,0.000000,0.000000,0.000000
7024000,0.000000,0.000000,0.000000
7025000,0.000000,0.000000,0.000000
7026000,0.000000,0.000000,0.000000
7027000,0.000000,0.000000,0.000000
7028000,0.000000,0.000000,0.000000
7029000,0.000000,0.000000,0.000000
7030000,0.000000,0.000000,0.000000
7031000,0.000000,0.000000,0.000000
7032000,0.000000,0.000000,0.000000
7033000,0.000000,0.000000,0.000000
7034000,0.000000,0.000000,0.000000
7035000,0.000000,0.000000,0.000000
7036000,0.000000,0.000000,0.000000
7037000,0.000000,0.000000,0.000000
7038000,0.000000,0.000000,0.000000
7039000,0.000000,0.000000,0.000000
7040000,0.000000,0.000000,0.000000
7041000,0.000000,0.000000,0.000000
7042000,0.000000,0.000000,0.000000
7043000,0.000000,0.000000,0.000000
7044000,0.000000,0.000000,0.000000
7045000,0.000000,0.000000,0.000000
7046000,0.000000,0.000000,0.000000
7047000,0.000000,0.000000,0.000000
7048000,0.000000,0.000000,0.000000
7049000,0.000000,0.000000,0.000000
7050000,0.000000,0.000000,0.000000
7051000,0.000000,0.000000,0.000000
7052000,0.000000,0.000000,0.000000
7053000,0.000000,0.000000,0.000000
7054000,0.000000,0.000000,0.000000
7055000,0.000000,0.000000,0.000000
7056000,0.000000,0.000000,0.000000
7057000,0.000000,0.000000,0.000000
7058000,0.000000,0.000000,0.000000
7059000,0.000000,0.000000,0.000000
7060000,0.000000,0.000000,0.000000
7061000,0.000000,0.000000,0.000000
7062000,0.000000,0.000000,0.000000
7063000,0.000000,0.000000,0.000000
7064000,0.000000,0.000000,0.000000
7065000,0.000000,0.000000,0.000000
7066000,0.000000,0.000000,0.000000
7067000,0.000000,0.000000,0.000000
7068000,0.000000,0.000000,0.000000
7069000,0.000000,0.000000,0.000000
7070000,0.000000,0.000000,0.000000
7071000,0.000000,0.000000,0.000000
7072000,0.000000,0.000000,0.000000
7073000,0.000000,0.000000,0.000000
7074000,0.000000,0.000000,0.000000
7075000,0.000000,0.000000,0.000000
7076000,0.000000,0.000000,0.000000
7077000,0.000000,0.000000,0.000000
7078000,0.000000,0.000000,0.000000
7079000,0.000000,0.000000,0.000000
7080000,0.000000,0.000000,0.000000
7081000,0.000000,0.000000,0.000000
7082000,0.000000,0.000000,0.000000
7083000,0.000000,0.000000,0.000000
7084000,0.000000,0.000000,0.000000
7085000,0.000000,0.000000,0.000000
7086000,0.000000,0.000000,0.000000
7087000,0.000000,0.000000,0.000000
7088000,0.000000,0.000000,0.000000
7089000,0.000000,0.000000,0.000000
7090000,0.000000,0.000000,0.000000
7091000,0.000000,0.000000,0.000000
7092000,0.000000,0.000000,0.000000
7093000,0.000000,0.000000,0.000000
7094000,0.000000,0.000000,0.000000
7095000,0.000000,0.000000,0.000000
7096000,0.000000,0.000000,0.000000
7097000,0.000000,0.000000,0.000000
7098000,0.000000,0.000000,0.000000
7099000,0.000000,0.000000,0.000000
7100000,0.000000,0.000000,0.000000
7101000,0.000000,0.000000,0.000000
7102000,0.000000,0.000000,0.000000
7103000,0.000000,0.000000,0.000000
7104000,0.000000,0.000000,0.000000
7105000,0.000000,0.000000,0.000000
7106000,0.000000,0.000000,0.000000
7107000,0.000000,0.000000,0.000000
7108000,0.000000,0.000000,0.000000
7109000,0.000000,0.000000,0.000000
7110000,0.000000,0.000000,0.000000
7111000,0.000000,0.000000,0.000000
7112000,0.000000,0.000000,0.000000
7113000,0.000000,0.000000,0.000000
7114000,0.000000,0.000000,0.000000
7115000,0.000000,0.000000,0.000000
7116000,0.000000,0.000000,0.000000
7117000,0.000000,0.000000,0.000000
7118000,0.000000,0.000000,0.000000
7119000,0.000000,0.000000,0.000000
7120000,0.000000,0.000000,0.000000
7121000,0.000000,0.000000,0.000000
7122000,0.000000,0.000000,0.000000
7123000,0.000000,0.000000,0.000000
7124000,0.000000,0.000000,0.000000
7125000,0.000000,0.000000,0.000000
7126000,0.000000,0.000000,0.000000
7127000,0.000000,0.000000,0.000000
7128000,0.000000,0.000000,0.000000
7129000,0.000000,0.000000,0.000000
7130000,0.000000,0.000000,0.000000
7131000,0.000000,0.000000,0.000000
7132000,0.000000,0.000000,0.000000
7133000,0.000000,0.000000,0.000000
7134000,0.000000,0.000000,0.000000
7135000,0.000000,0.000000,0.000000
7136000,0.000000,0.000000,0.000000
7137000,0.000000,0.000000,0.000000
7138000,0.000000,0.000000,0.000000
7139000,0.000000,0.000000,0.000000
7140000,0.000000,0.000000,0.000000
7141000,0.000000,0.000000,0.000000
7142000,0.000000,0.000000,0.000000
7143000,0.000000,0.000000,0.000000
7144000,0.000000,0.000000,0.000000
7145000,0.000000,0.000000,0.000000
7146000,0.000000,0.000000,0.000000
7147000,0.000000,0.000000,0.000000
7148000,0.000000,0.000000,0.000000
7149000,0.000000,0.000000,0.000000
7150000,0.000000,0.000000,0.000000
7151000,0.000000,0.000000,0.000000
7152000,0.000000,0.000000,0.000000
7153000,0.000000,0.000000,0.000000
7154000,0.000000,0.000000,0.000000
7155000,0.000000,0.000000,0.000000
7156000,0.000000,0.000000,0.000000
7157000,0.000000,0.000000,0.000000
7158000,0.000000,0.000000,0.000000
7159000,0.000000,0.000000,0.000000
7160000,0.000000,0.000000,0.000000
7161000,0.000000,0.000000,0.000000
7162000,0.000000,0.000000,0.000000
7163000,0.000000,0.000000,0.000000
7164000,0.000000,0.000000,0.000000
7165000,0.000000,0.000000,0.000000
7166000,0.000000,0.000000,0.000000
7167000,0.000000,0.000000,0.000000
7168000,0.000000,0.000000,0.000000
7169000,0.000000,0.000000,0.000000
7170000,0.000000,0.000000,0.000000
7171000,0.000000,0.000000,0.000000
7172000,0.000000,0.000000,0.000000
7173000,0.000000,0.000000,0.000000
7174000,0.000000,0.000000,0.000000
7175000,0.000000,0.000000,0.000000
7176000,0.000000,0.000000,0.000000
7177000,0.000000,0.000000,0.000000
7178000,0.000000,0.000000,0.000000
7179000,0.000000,0.000000,0.000000
7180000,0.000000,0.000000,0.000000
7181000,0.000000,0.000000,0.000000
7182000,0.000000,0.000000,0.000000
7183000,0.000000,0.000000,0.000000
7184000,0.000000,0.000000,0.000000
7185000,0.000000,0.000000,0.000000
7186000,0.000000,0.000000,0.000000
7187000,0.000000,0.000000,0.000000
7188000,0.000000,0.000000,0.000000
7189000,0.000000,0.000000,0.000000
7190000,0.000000,0.000000,0.000000
7191000,0.000000,0.000000,0.000000
7192000,0.000000,0.000000,0.000000
7193000,0.000000,0.000000,0.000000
7194000,0.000000,0.000000,0.000000
7195000,0.000000,0.000000,0.000000
7196000,0.000000,0.000000,0.000000
7197000,0.000000,0.000000,0.000000
7198000,0.000000,0.000000,0.000000
7199000,0.000000,0.000000,0.000000
7200000,0.000000,0.000000,0.000000
7201000,0.000000,0.000000,0.000000
7202000,0.000000,0.000000,0.000000
7203000,0.000000,0.000000,0.000000
7204000,0.000000,0.000000,0.000000
7205000,0.000000,0.000000,0.000000
7206000,0.000000,0.000000,0.000000
7207000,0.000000,0.000000,0.000000
7208000,0.000000,0.000000,0.000000
7209000,0.000000,0.000000,0.000000
7210000,0.000000,0.000000,0.000000
7211000,0.000000,0.000000,0.000000
7212000,0.000000,0.000000,0.000000
7213000,0.000000,0.000000,0.000000
7214000,0.000000,0.000000,0.000000
7215000,0.000000,0.000000,0.000000
7216000,0.000000,0.000000,0.000000
7217000,0.000000,0.000000,0.000000
7218000,0.000000,0.000000,0.000000
7219000,0.000000,0.000000,0.000000
7220000,0.000000,0.000000,0.000000
7221000,0.000000,0.000000,0.000000
7222000,0.000000,0.000000,0.000000
7223000,0.000000,0.000000,0.000000
7224000,0.000000,0.000000,0.000000
7225000,0.000000,0.000000,0.000000
7226000,0.000000,0.000000,0.000000
7227000,0.000000,0.000000,0.000000
7228000,0.000000,0.000000,0.000000
7229000,0.000000,0.000000,0.000000
7230000,0.000000,0.000000,0.000000
7231000,0.000000,0.000000,0.000000
7232000,0.000000,0.000000,0.000000
7233000,0.000000,0.000000,0.000000
7234000,0.000000,0.000000,0.000000
7235000,0.000000,0.000000,0.000000
7236000,0.000000,0.000000,0.000000
7237000,0.000000,0.000000,0.000000
7238000,0.000000,0.000000,0.000000
7239000,0.000000,0.000000,0.000000
7240000,0.000000,0.000000,0.000000
7241000,0.000000,0.000000,0.000000
7242000,0.000000,0.000000,0.000000
7243000,0.000000,0.000000,0.000000
7244000,0.000000,0.000000,0.000000
7245000,0.000000,0.000000,0.000000
7246000,0.000000,0.000000,0.000000
7247000,0.000000,0.000000,0.000000
7248000,0.000000,0.000000,0.000000
7249000,0.000000,0.000000,0.000000
7250000,0.000000,0.000000,0.000000
7251000,0.000000,0.000000,0.000000
7252000,0.000000,0.000000,0.000000
7253000,0.000000,0.000000,0.000000
7254000,0.000000,0.000000,0.000000
7255000,0.000000,0.000000,0.000000
7256000,0.000000,0.000000,0.000000
7257000,0.000000,0.000000,0.000000
7258000,0.000000,0.000000,0.000000
7259000,0.000000,0.000000,0.000000
7260000,0.000000,0.000000,0.000000
7261000,0.000000,0.000000,0.000000
7262000,0.000000,0.000000,0.000000
7263000,0.000000,0.000000,0.000000
7264000,0.000000,0.000000,0.000000
7265000,0.000000,0.000000,0.000000
7266000,0.000000,0.000000,0.000000
7267000,0.000000,0.000000,0.000000
7268000,0.000000,0.000000,0.000000
7269000,0.000000,0.000000,0.000000
7270000,0.000000,0.000000,0.000000
7271000,0.000000,0.000000,0.000000
7272000,0.000000,0.000000,0.000000
7273000,0.000000,0.000000,0.000000
7274000,0.000000,0.000000,0.000000
7275000,0.000000,0.000000,0.000000
7276000,0.000000,0.000000,0.000000
7277000,0.000000,0.000000,0.000000
7278000,0.000000,0.000000,0.000000
7279000,0.000000,0.000000,0.000000
7280000,0.000000,0.000000,0.000000
7281000,0.000000,0.000000,0.000000
7282000,0.000000,0.000000,0.000000
7283000,0.000000,0.000000,0.000000
7284000,0.000000,0.000000,0.000000
7285000,0.000000,0.000000,0.000000
7286000,0.000000,0.000000,0.000000
7287000,0.000000,0.000000,0.000000
7288000,0.000000,0.000000,0.000000
7289000,0.000000,0.000000,0.000000
7290000,0.000000,0.000000,0.000000
7291000,0.000000,0.000000,0.000000
7292000,0.000000,0.000000,0.000000
7293000,0.000000,0.000000,0.000000
7294000,0.000000,0.000000,0.000000
7295000,0.000000,0.000000,0.000000
7296000,0.000000,0.000000,0.000000
7297000,0.000000,0.000000,0.000000
7298000,0.000000,0.000000,0.000000
7299000,0.000000,0.000000,0.000000
7300000,0.000000,0.000000,0.000000
7301000,0.000000,0.000000,0.000000
7302000,0.000000,0.000000,0.000000
7303000,0.000000,0.000000,0.000000
7304000,0.000000,0.000000,0.000000
7305000,0.000000,0.000000,0.000000
7306000,0.000000,0.000000,0.000000
7307000,0.000000,0.000000,0.000000
7308000,0.000000,0.000000,0.000000
7309000,0.000000,0.000000,0.000000
7310000,0.000000,0.000000,0.000000
7311000,0.000000,0.000000,0.000000
7312000,0.000000,0.000000,0.000000
7313000,0.000000,0.000000,0.000000
7314000,0.000000,0.000000,0.000000
7315000,0.000000,0.000000,0.000000
7316000,0.000000,0.000000,0.000000
7317000,0.000000,0.000000,0.000000
7318000,0.000000,0.000000,0.000000
7319000,0.000000,0.000000,0.000000
7320000,0.000000,0.000000,0.000000
7321000,0.000000,0.000000,0.000000
7322000,0.000000,0.000000,0.000000
7323000,0.000000,0.000000,0.000000
7324000,0.000000,0.000000,0.000000
7325000,0.000000,0.000000,0.000000
7326000,0.000000,0.000000,0.000000
7327000,0.000000,0.000000,0.000000
7328000,0.000000,0.000000,0.000000
7329000,0.000000,0.000000,0.000000
7330000,0.000000,0.000000,0.000000
7331000,0.000000,0.000000,0.000000
7332000,0.000000,0.000000,0.000000
7333000,0.000000,0.000000,0.000000
7334000,0.000000,0.000000,0.000000
7335000,0.000000,0.000000,0.000000
7336000,0.000000,0.000000,0.000000
7337000,0.000000,0.000000,0.000000
7338000,0.000000,0.000000,0.000000
7339000,0.000000,0.000000,0.000000
7340000,0.000000,0.000000,0.000000
7341000,0.000000,0.000000,0.000000
7342000,0.000000,0.000000,0.000000
7343000,0.000000,0.000000,0.000000
7344000,0.000000,0.000000,0.000000
7345000,0.000000,0.000000,0.000000
7346000,0.000000,0.000000,0.000000
7347000,0.000000,0.000000,0.000000
7348000,0.000000,0.000000,0.000000
7349000,0.000000,0.000000,0.000000
7350000,0.000000,0.000000,0.000000
7351000,0.000000,0.000000,0.000000
7352000,0.000000,0.000000,0.000000
7353000,0.000000,0.000000,0.000000
7354000,0.000000,0.000000,0.000000
7355000,0.000000,0.000000,0.000000
7356000,0.000000,0.000000,0.000000
7357000,0.000000,0.000000,0.000000
7358000,0.000000,0.000000,0.000000
7359000,0.000000,0.000000,0.000000
7360000,0.000000,0.000000,0.000000
7361000,0.000000,0.000000,0.000000
7362000,0.000000,0.000000,0.000000
7363000,0.000000,0.000000,0.000000
7364000,0.000000,0.000000,0.000000
7365000,0.000000,0.000000,0.000000
7366000,0.000000,0.000000,0.000000
7367000,0.000000,0.000000,0.000000
7368000,0.000000,0.000000,0.000000
7369000,0.000000,0.000000,0.000000
7370000,0.000000,0.000000,0.000000
7371000,0.000000,0.000000,0.000000
7372000,0.000000,0.000000,0.000000
7373000,0.000000,0.000000,0.000000
7374000,0.000000,0.000000,0.000000
7375000,0.000000,0.000000,0.000000
7376000,0.000000,0.000000,0.000000
7377000,0.000000,0.000000,0.000000
7378000,0.000000,0.000000,0.000000
7379000,0.000000,0.000000,0.000000
7380000,0.000000,0.000000,0.000000
7381000,0.000000,0.000000,0.000000
7382000,0.000000,0.000000,0.000000
7383000,0.000000,0.000000,0.000000
7384000,0.000000,0.000000,0.000000
7385000,0.000000,0.000000,0.000000
7386000,0.000000,0.000000,0.000000
7387000,0.000000,0.000000,0.000000
7388000,0.000000,0.000000,0.000000
7389000,0.000000,0.000000,0.000000
7390000,0.000000,0.000000,0.000000
7391000,0.000000,0.000000,0.000000
7392000,0.000000,0.000000,0.000000
7393000,0.000000,0.000000,0.000000
7394000,0.000000,0.000000,0.000000
7395000,0.000000,0.000000,0.000000
7396000,0.000000,0.000000,0.000000
7397000,0.000000,0.000000,0.000000
7398000,0.000000,0.000000,0.000000
7399000,0.000000,0.000000,0.000000
7400000,0.000000,0.000000,0.000000
7401000,0.000000,0.000000,0.000000
7402000,0.000000,0.000000,0.000000
7403000,0.000000,0.000000,0.000000
7404000,0.000000,0.000000,0.000000
7405000,0.000000,0.000000,0.000000
7406000,0.000000,0.000000,0.000000
7407000,0.000000,0.000000,0.000000
7408000,0.000000,0.000000,0.000000
7409000,0.000000,0.000000,0.000000
7410000,0.000000,0.000000,0.000000
7411000,0.000000,0.000000,0.000000
7412000,0.000000,0.000000,0.000000
7413000,0.000000,0.000000,0.000000
7414000,0.000000,0.000000,0.000000
7415000,0.000000,0.000000,0.000000
7416000,0.000000,0.000000,0.000000
7417000,0.000000,0.000000,0.000000
7418000,0.000000,0.000000,0.000000
7419000,0.000000,0.000000,0.000000
7420000,0.000000,0.000000,0.000000
7421000,0.000000,0.000000,0.000000
7422000,0.000000,0.000000,0.000000
7423000,0.000000,0.000000,0.000000
7424000,0.000000,0.000000,0.000000
7425000,0.000000,0.000000,0.000000
7426000,0.000000,0.000000,0.000000
7427000,0.000000,0.000000,0.000000
7428000,0.000000,0.000000,0.000000
7429000,0.000000,0.000000,0.000000
7430000,0.000000,0.000000,0.000000
7431000,0.000000,0.000000,0.000000
7432000,0.000000,0.000000,0.000000
7433000,0.000000,0.000000,0.000000
7434000,0.000000,0.000000,0.000000
7435000,0.000000,0.000000,0.000000
7436000,0.000000,0.000000,0.000000
7437000,0.000000,0.000000,0.000000
7438000,0.000000,0.000000,0.000000
7439000,0.000000,0.000000,0.000000
7440000,0.000000,0.000000,0.000000
7441000,0.000000,0.000000,0.000000
7442000,0.000000,0.000000,0.000000
7443000,0.000000,0.000000,0.000000
7444000,0.000000,0.000000,0.000000
7445000,0.000000,0.000000,0.000000
7446000,0.000000,0.000000,0.000000
7447000,0.000000,0.000000,0.000000
7448000,0.000000,0.000000,0.000000
7449000,0.000000,0.000000,0.000000
7450000,0.000000,0.000000,0.000000
7451000,0.000000,0.000000,0.000000
7452000,0.000000,0.000000,0.000000
7453000,0.000000,0.000000,0.000000
7454000,0.000000,0.000000,0.000000
7455000,0.000000,0.000000,0.000000
7456000,0.000000,0.000000,0.000000
7457000,0.000000,0.000000,0.000000
7458000,0.000000,0.000000,0.000000
7459000,0.000000,0.000000,0.000000
7460000,0.000000,0.000000,0.000000
7461000,0.000000,0.000000,0.000000
7462000,0.000000,0.000000,0.000000
7463000,0.000000,0.000000,0.000000
7464000,0.000000,0.000000,0.000000
7465000,0.000000,0.000000,0.000000
7466000,0.000000,0.000000,0.000000
7467000,0.000000,0.000000,0.000000
7468000,0.000000,0.000000,0.000000
7469000,0.000000,0.000000,0.000000
7470000,0.000000,0.000000,0.000000
7471000,0.000000,0.000000,0.000000
7472000,0.000000,0.000000,0.000000
7473000,0.000000,0.000000,0.000000
7474000,0.000000,0.000000,0.000000
7475000,0.000000,0.000000,0.000000
7476000,0.000000,0.000000,0.000000
7477000,0.000000,0.000000,0.000000
7478000,0.000000,0.000000,0.000000
7479000,0.000000,0.000000,0.000000
7480000,0.000000,0.000000,0.000000
7481000,0.000000,0.000000,0.000000
7482000,0.000000,0.000000,0.000000
7483000,0.000000,0.000000,0.000000
7484000,0.000000,0.000000,0.000000
7485000,0.000000,0.000000,0.000000
7486000,0.000000,0.000000,0.000000
7487000,0.000000,0.000000,0.000000
7488000,0.000000,0.000000,0.000000
7489000,0.000000,0.000000,0.000000
7490000,0.000000,0.000000,0.000000
7491000,0.000000,0.000000,0.000000
7492000,0.000000,0.000000,0.000000
7493000,0.000000,0.000000,0.000000
7494000,0.000000,0.000000,0.000000
7495000,0.000000,0.000000,0.000000
7496000,0.000000,0.000000,0.000000
7497000,0.000000,0.000000,0.000000
7498000,0.000000,0.000000,0.000000
7499000,0.000000,0.000000,0.000000
7500000,0.000000,0.000000,0.000000
7501000,0.000000,0.000000,0.000000
7502000,0.000000,0.000000,0.000000
7503000,0.000000,0.000000,0.000000
7504000,0.000000,0.000000,0.000000
7505000,0.000000,0.000000,0.000000
7506000,0.000000,0.000000,0.000000
7507000,0.000000,0.000000,0.000000
7508000,0.000000,0.000000,0.000000
7509000,0.000000,0.000000,0.000000
7510000,0.000000,0.000000,0.000000
7511000,0.000000,0.000000,0.000000
7512000,0.000000,0.000000,0.000000
7513000,0.000000,0.000000,0.000000
7514000,0.000000,0.000000,0.000000
7515000,0.000000,0.000000,0.000000
7516000,0.000000,0.000000,0.000000
7517000,0.000000,0.000000,0.000000
7518000,0.000000,0.000000,0.000000
7519000,0.000000,0.000000,0.000000
7520000,0.000000,0.000000,0.000000
7521000,0.000000,0.000000,0.000000
7522000,0.000000,0.000000,0.000000
7523000,0.000000,0.000000,0.000000
7524000,0.000000,0.000000,0.000000
7525000,0.000000,0.000000,0.000000
7526000,0.000000,0.000000,0.000000
7527000,0.000000,0.000000,0.000000
7528000,0.000000,0.000000,0.000000
7529000,0.000000,0.000000,0.000000
7530000,0.000000,0.000000,0.000000
7531000,0.000000,0.000000,0.000000
7532000,0.000000,0.000000,0.000000
7533000,0.000000,0.000000,0.000000
7534000,0.000000,0.000000,0.000000
7535000,0.000000,0.000000,0.000000
7536000,0.000000,0.000000,0.000000
7537000,0.000000,0.000000,0.000000
7538000,0.000000,0.000000,0.000000
7539000,0.000000,0.000000,0.000000
7540000,0.000000,0.000000,0.000000
7541000,0.000000,0.000000,0.000000
7542000,0.000000,0.000000,0.000000
7543000,0.000000,0.000000,0.000000
7544000,0.000000,0.000000,0.000000
7545000,0.000000,0.000000,0.000000
7546000,0.000000,0.000000,0.000000
7547000,0.000000,0.000000,0.000000
7548000,0.000000,0.000000,0.000000
7549000,0.000000,0.000000,0.000000
7550000,0.000000,0.000000,0.000000
7551000,0.000000,0.000000,0.000000
7552000,0.000000,0.000000,0.000000
7553000,0.000000,0.000000,0.000000
7554000,0.000000,0.000000,0.000000
7555000,0.000000,0.000000,0.000000
7556000,0.000000,0.000000,0.000000
7557000,0.000000,0.000000,0.000000
7558000,0.000000,0.000000,0.000000
7559000,0.000000,0.000000,0.000000
7560000,0.000000,0.000000,0.000000
7561000,0.000000,0.000000,0.000000
7562000,0.000000,0.000000,0.000000
7563000,0.000000,0.000000,0.000000
7564000,0.000000,0.000000,0.000000
7565000,0.000000,0.000000,0.000000
7566000,0.000000,0.000000,0.000000
7567000,0.000000,0.000000,0.000000
7568000,0.000000,0.000000,0.000000
7569000,0.000000,0.000000,0.000000
7570000,0.000000,0.000000,0.000000
7571000,0.000000,0.000000,0.000000
7572000,0.000000,0.000000,0.000000
7573000,0.000000,0.000000,0.000000
7574000,0.000000,0.000000,0.000000
7575000,0.000000,0.000000,0.000000
7576000,0.000000,0.000000,0.000000
7577000,0.000000,0.000000,0.000000
7578000,0.000000,0.000000,0.000000
7579000,0.000000,0.000000,0.000000
7580000,0.000000,0.000000,0.000000
7581000,0.000000,0.000000,0.000000
7582000,0.000000,0.000000,0.000000
7583000,0.000000,0.000000,0.000000
7584000,0.000000,0.000000,0.000000
7585000,0.000000,0.000000,0.000000
7586000,0.000000,0.000000,0.000000
7587000,0.000000,0.000000,0.000000
7588000,0.000000,0.000000,0.000000
7589000,0.000000,0.000000,0.000000
7590000,0.000000,0.000000,0.000000
7591000,0.000000,0.000000,0.000000
7592000,0.000000,0.000000,0.000000
7593000,0.000000,0.000000,0.000000
7594000,0.000000,0.000000,0.000000
7595000,0.000000,0.000000,0.000000
7596000,0.000000,0.000000,0.000000
7597000,0.000000,0.000000,0.000000
7598000,0.000000,0.000000,0.000000
7599000,0.000000,0.000000,0.000000
7600000,0.000000,0.000000,0.000000
7601000,0.000000,0.000000,0.000000
7602000,0.000000,0.000000,0.000000
7603000,0.000000,0.000000,0.000000
7604000,0.000000,0.000000,0.000000
7605000,0.000000,0.000000,0.000000
7606000,0.000000,0.000000,0.000000
7607000,0.000000,0.000000,0.000000
7608000,0.000000,0.000000,0.000000
7609000,0.000000,0.000000,0.000000
7610000,0.000000,0.000000,0.000000
7611000,0.000000,0.000000,0.000000
7612000,0.000000,0.000000,0.000000
7613000,0.000000,0.000000,0.000000
7614000,0.000000,0.000000,0.000000
7615000,0.000000,0.000000,0.000000
7616000,0.000000,0.000000,0.000000
7617000,0.000000,0.000000,0.000000
7618000,0.000000,0.000000,0.000000
7619000,0.000000,0.000000,0.000000
7620000,0.000000,0.000000,0.000000
7621000,0.000000,0.000000,0.000000
7622000,0.000000,0.000000,0.000000
7623000,0.000000,0.000000,0.000000
7624000,0.000000,0.000000,0.000000
7625000,0.000000,0.000000,0.000000
7626000,0.000000,0.000000,0.000000
7627000,0.000000,0.000000,0.000000
7628000,0.000000,0.000000,0.000000
7629000,0.000000,0.000000,0.000000
7630000,0.000000,0.000000,0.000000
7631000,0.000000,0.000000,0.000000
7632000,0.000000,0.000000,0.000000
7633000,0.000000,0.000000,0.000000
7634000,0.000000,0.000000,0.000000
7635000,0.000000,0.000000,0.000000
7636000,0.000000,0.000000,0.000000
7637000,0.000000,0.000000,0.000000
7638000,0.000000,0.000000,0.000000
7639000,0.000000,0.000000,0.000000
7640000,0.000000,0.000000,0.000000
7641000,0.000000,0.000000,0.000000
7642000,0.000000,0.000000,0.000000
7643000,0.000000,0.000000,0.000000
7644000,0.000000,0.000000,0.000000
7645000,0.000000,0.000000,0.000000
7646000,0.000000,0.000000,0.000000
7647000,0.000000,0.000000,0.000000
7648000,0.000000,0.000000,0.000000
7649000,0.000000,0.000000,0.000000
7650000,0.000000,0.000000,0.000000
7651000,0.000000,0.000000,0.000000
7652000,0.000000,0.000000,0.000000
7653000,0.000000,0.000000,0.000000
7654000,0.000000,0.000000,0.000000
7655000,0.000000,0.000000,0.000000
7656000,0.000000,0.000000,0.000000
7657000,0.000000,0.000000,0.000000
7658000,0.000000,0.000000,0.000000
7659000,0.000000,0.000000,0.000000
7660000,0.000000,0.000000,0.000000
7661000,0.000000,0.000000,0.000000
7662000,0.000000,0.000000,0.000000
7663000,0.000000,0.000000,0.000000
7664000,0.000000,0.000000,0.000000
7665000,0.000000,0.000000,0.000000
7666000,0.000000,0.000000,0.000000
7667000,0.000000,0.000000,0.000000
7668000,0.000000,0.000000,0.000000
7669000,0.000000,0.000000,0.000000
7670000,0.000000,0.000000,0.000000
7671000,0.000000,0.000000,0.000000
7672000,0.000000,0.000000,0.000000
7673000,0.000000,0.000000,0.000000
7674000,0.000000,0.000000,0.000000
7675000,0.000000,0.000000,0.000000
7676000,0.000000,0.000000,0.000000
7677000,0.000000,0.000000,0.000000
7678000,0.000000,0.000000,0.000000
7679000,0.000000,0.000000,0.000000
7680000,0.000000,0.000000,0.000000
7681000,0.000000,0.000000,0.000000
7682000,0.000000,0.000000,0.000000
7683000,0.000000,0.000000,0.000000
7684000,0.000000,0.000000,0.000000
7685000,0.000000,0.000000,0.000000
7686000,0.000000,0.000000,0.000000
7687000,0.000000,0.000000,0.000000
7688000,0.000000,0.000000,0.000000
7689000,0.000000,0.000000,0.000000
7690000,0.000000,0.000000,0.000000
7691000,0.000000,0.000000,0.000000
7692000,0.000000,0.000000,0.000000
7693000,0.000000,0.000000,0.000000
7694000,0.000000,0.000000,0.000000
7695000,0.000000,0.000000,0.000000
7696000,0.000000,0.000000,0.000000
7697000,0.000000,0.000000,0.000000
7698000,0.000000,0.000000,0.000000
7699000,0.000000,0.000000,0.000000
7700000,0.000000,0.000000,0.000000
7701000,0.000000,0.000000,0.000000
7702000,0.000000,0.000000,0.000000
7703000,0.000000,0.000000,0.000000
7704000,0.000000,0.000000,0.000000
7705000,0.000000,0.000000,0.000000
7706000,0.000000,0.000000,0.000000
7707000,0.000000,0.000000,0.000000
7708000,0.000000,0.000000,0.000000
7709000,0.000000,0.000000,0.000000
7710000,0.000000,0.000000,0.000000
7711000,0.000000,0.000000,0.000000
7712000,0.000000,0.000000,0.000000
7713000,0.000000,0.000000,0.000000
7714000,0.000000,0.000000,0.000000
7715000,0.000000,0.000000,0.000000
7716000,0.000000,0.000000,0.000000
7717000,0.000000,0.000000,0.000000
7718000,0.000000,0.000000,0.000000
7719000,0.000000,0.000000,0.000000
7720000,0.000000,0.000000,0.000000
7721000,0.000000,0.000000,0.000000
7722000,0.000000,0.000000,0.000000
7723000,0.000000,0.000000,0.000000
7724000,0.000000,0.000000,0.000000
7725000,0.000000,0.000000,0.000000
7726000,0.000000,0.000000,0.000000
7727000,0.000000,0.000000,0.000000
7728000,0.000000,0.000000,0.000000
7729000,0.000000,0.000000,0.000000
7730000,0.000000,0.000000,0.000000
7731000,0.000000,0.000000,0.000000
7732000,0.000000,0.000000,0.000000
7733000,0.000000,0.000000,0.000000
7734000,0.000000,0.000000,0.000000
7735000,0.000000,0.000000,0.000000
7736000,0.000000,0.000000,0.000000
7737000,0.000000,0.000000,0.000000
7738000,0.000000,0.000000,0.000000
7739000,0.000000,0.000000,0.000000
7740000,0.000000,0.000000,0.000000
7741000,0.000000,0.000000,0.000000
7742000,0.000000,0.000000,0.000000
7743000,0.000000,0.000000,0.000000
7744000,0.000000,0.000000,0.000000
7745000,0.000000,0.000000,0.000000
7746000,0.000000,0.000000,0.000000
7747000,0.000000,0.000000,0.000000
7748000,0.000000,0.000000,0.000000
7749000,0.000000,0.000000,0.000000
7750000,0.000000,0.000000,0.000000
7751000,0.000000,0.000000,0.000000
7752000,0.000000,0.000000,0.000000
7753000,0.000000,0.000000,0.000000
7754000,0.000000,0.000000,0.000000
7755000,0.000000,0.000000,0.000000
7756000,0.000000,0.000000,0.000000
7757000,0.000000,0.000000,0.000000
7758000,0.000000,0.000000,0.000000
7759000,0.000000,0.000000,0.000000
7760000,0.000000,0.000000,0.000000
7761000,0.000000,0.000000,0.000000
7762000,0.000000,0.000000,0.000000
7763000,0.000000,0.000000,0.000000
7764000,0.000000,0.000000,0.000000
7765000,0.000000,0.000000,0.000000
7766000,0.000000,0.000000,0.000000
7767000,0.000000,0.000000,0.000000
7768000,0.000000,0.000000,0.000000
7769000,0.000000,0.000000,0.000000
7770000,0.000000,0.000000,0.000000
7771000,0.000000,0.000000,0.000000
7772000,0.000000,0.000000,0.000000
7773000,0.000000,0.000000,0.000000
7774000,0.000000,0.000000,0.000000
7775000,0.000000,0.000000,0.000000
7776000,0.000000,0.000000,0.000000
7777000,0.000000,0.000000,0.000000
7778000,0.000000,0.000000,0.000000
7779000,0.000000,0.000000,0.000000
7780000,0.000000,0.000000,0.000000
7781000,0.000000,0.000000,0.000000
7782000,0.000000,0.000000,0.000000
7783000,0.000000,0.000000,0.000000
7784000,0.000000,0.000000,0.000000
7785000,0.000000,0.000000,0.000000
7786000,0.000000,0.000000,0.000000
7787000,0.000000,0.000000,0.000000
7788000,0.000000,0.000000,0.000000
7789000,0.000000,0.000000,0.000000
7790000,0.000000,0.000000,0.000000
7791000,0.000000,0.000000,0.000000
7792000,0.000000,0.000000,0.000000
7793000,0.000000,0.000000,0.000000
7794000,0.000000,0.000000,0.000000
7795000,0.000000,0.000000,0.000000
7796000,0.000000,0.000000,0.000000
7797000,0.000000,0.000000,0.000000
7798000,0.000000,0.000000,0.000000
7799000,0.000000,0.000000,0.000000
7800000,0.000000,0.000000,0.000000
7801000,0.000000,0.000000,0.000000
7802000,0.000000,0.000000,0.000000
7803000,0.000000,0.000000,0.000000
7804000,0.000000,0.000000,0.000000
7805000,0.000000,0.000000,0.000000
7806000,0.000000,0.000000,0.000000
7807000,0.000000,0.000000,0.000000
7808000,0.000000,0.000000,0.000000
7809000,0.000000,0.000000,0.000000
7810000,0.000000,0.000000,0.000000
7811000,0.000000,0.000000,0.000000
7812000,0.000000,0.000000,0.000000
7813000,0.000000,0.000000,0.000000
7814000,0.000000,0.000000,0.000000
7815000,0.000000,0.000000,0.000000
7816000,0.000000,0.000000,0.000000
7817000,0.000000,0.000000,0.000000
7818000,0.000000,0.000000,0.000000
7819000,0.000000,0.000000,0.000000
7820000,0.000000,0.000000,0.000000
7821000,0.000000,0.000000,0.000000
7822000,0.000000,0.000000,0.000000
7823000,0.000000,0.000000,0.000000
7824000,0.000000,0.000000,0.000000
7825000,0.000000,0.000000,0.000000
7826000,0.000000,0.000000,0.000000
7827000,0.000000,0.000000,0.000000
7828000,0.000000,0.000000,0.000000
7829000,0.000000,0.000000,0.000000
7830000,0.000000,0.000000,0.000000
7831000,0.000000,0.000000,0.000000
7832000,0.000000,0.000000,0.000000
7833000,0.000000,0.000000,0.000000
7834000,0.000000,0.000000,0.000000
7835000,0.000000,0.000000,0.000000
7836000,0.000000,0.000000,0.000000
7837000,0.000000,0.000000,0.000000
7838000,0.000000,0.000000,0.000000
7839000,0.000000,0.000000,0.000000
7840000,0.000000,0.000000,0.000000
7841000,0.000000,0.000000,0.000000
7842000,0.000000,0.000000,0.000000
7843000,0.000000,0.000000,0.000000
7844000,0.000000,0.000000,0.000000
7845000,0.000000,0.000000,0.000000
7846000,0.000000,0.000000,0.000000
7847000,0.000000,0.000000,0.000000
7848000,0.000000,0.000000,0.000000
7849000,0.000000,0.000000,0.000000
7850000,0.000000,0.000000,0.000000
7851000,0.000000,0.000000,0.000000
7852000,0.000000,0.000000,0.000000
7853000,0.000000,0.000000,0.000000
7854000,0.000000,0.000000,0.000000
7855000,0.000000,0.000000,0.000000
7856000,0.000000,0.000000,0.000000
7857000,0.000000,0.000000,0.000000
7858000,0.000000,0.000000,0.000000
7859000,0.000000,0.000000,0.000000
7860000,0.000000,0.000000,0.000000
7861000,0.000000,0.000000,0.000000
7862000,0.000000,0.000000,0.000000
7863000,0.000000,0.000000,0.000000
7864000,0.000000,0.000000,0.000000
7865000,0.000000,0.000000,0.000000
7866000,0.000000,0.000000,0.000000
7867000,0.000000,0.000000,0.000000
7868000,0.000000,0.000000,0.000000
7869000,0.000000,0.000000,0.000000
7870000,0.000000,0.000000,0.000000
7871000,0.000000,0.000000,0.000000
7872000,0.000000,0.000000,0.000000
7873000,0.000000,0.000000,0.000000
7874000,0.000000,0.000000,0.000000
7875000,0.000000,0.000000,0.000000
7876000,0.000000,0.000000,0.000000
7877000,0.000000,0.000000,0.000000
7878000,0.000000,0.000000,0.000000
7879000,0.000000,0.000000,0.000000
7880000,0.000000,0.000000,0.000000
7881000,0.000000,0.000000,0.000000
7882000,0.000000,0.000000,0.000000
7883000,0.000000,0.000000,0.000000
7884000,0.000000,0.000000,0.000000
7885000,0.000000,0.000000,0.000000
7886000,0.000000,0.000000,0.000000
7887000,0.000000,0.000000,0.000000
7888000,0.000000,0.000000,0.000000
7889000,0.000000,0.000000,0.000000
7890000,0.000000,0.000000,0.000000
7891000,0.000000,0.000000,0.000000
7892000,0.000000,0.000000,0.000000
7893000,0.000000,0.000000,0.000000
7894000,0.000000,0.000000,0.000000
7895000,0.000000,0.000000,0.000000
7896000,0.000000,0.000000,0.000000
7897000,0.000000,0.000000,0.000000
7898000,0.000000,0.000000,0.000000
7899000,0.000000,0.000000,0.000000
7900000,0.000000,0.000000,0.000000
7901000,0.000000,0.000000,0.000000
7902000,0.000000,0.000000,0.000000
7903000,0.000000,0.000000,0.000000
7904000,0.000000,0.000000,0.000000
7905000,0.000000,0.000000,0.000000
7906000,0.000000,0.000000,0.000000
7907000,0.000000,0.000000,0.000000
7908000,0.000000,0.000000,0.000000
7909000,0.000000,0.000000,0.000000
7910000,0.000000,0.000000,0.000000
7911000,0.000000,0.000000,0.000000
7912000,0.000000,0.000000,0.000000
7913000,0.000000,0.000000,0.000000
7914000,0.000000,0.000000,0.000000
7915000,0.000000,0.000000,0.000000
7916000,0.000000,0.000000,0.000000
7917000,0.000000,0.000000,0.000000
7918000,0.000000,0.000000,0.000000
7919000,0.000000,0.000000,0.000000
7920000,0.000000,0.000000,0.000000
7921000,0.000000,0.000000,0.000000
7922000,0.000000,0.000000,0.000000
7923000,0.000000,0.000000,0.000000
7924000,0.000000,0.000000,0.000000
7925000,0.000000,0.000000,0.000000
7926000,0.000000,0.000000,0.000000
7927000,0.000000,0.000000,0.000000
7928000,0.000000,0.000000,0.000000
7929000,0.000000,0.000000,0.000000
7930000,0.000000,0.000000,0.000000
7931000,0.000000,0.000000,0.000000
7932000,0.000000,0.000000,0.000000
7933000,0.000000,0.000000,0.000000
7934000,0.000000,0.000000,0.000000
7935000,0.000000,0.000000,0.000000
7936000,0.000000,0.000000,0.000000
7937000,0.000000,0.000000,0.000000
7938000,0.000000,0.000000,0.000000
7939000,0.000000,0.000000,0.000000
7940000,0.000000,0.000000,0.000000
7941000,0.000000,0.000000,0.000000
7942000,0.000000,0.000000,0.000000
7943000,0.000000,0.000000,0.000000
7944000,0.000000,0.000000,0.000000
7945000,0.000000,0.000000,0.000000
7946000,0.000000,0.000000,0.000000
7947000,0.000000,0.000000,0.000000
7948000,0.000000,0.000000,0.000000
7949000,0.000000,0.000000,0.000000
7950000,0.000000,0.000000,0.000000
7951000,0.000000,0.000000,0.000000
7952000,0.000000,0.000000,0.000000
7953000,0.000000,0.000000,0.000000
7954000,0.000000,0.000000,0.000000
7955000,0.000000,0.000000,0.000000
7956000,0.000000,0.000000,0.000000
7957000,0.000000,0.000000,0.000000
7958000,0.000000,0.000000,0.000000
7959000,0.000000,0.000000,0.000000
7960000,0.000000,0.000000,0.000000
7961000,0.000000,0.000000,0.000000
7962000,0.000000,0.000000,0.000000
7963000,0.000000,0.000000,0.000000
7964000,0.000000,0.000000,0.000000
7965000,0.000000,0.000000,0.000000
7966000,0.000000,0.000000,0.000000
7967000,0.000000,0.000000,0.000000
7968000,0.000000,0.000000,0.000000
7969000,0.000000,0.000000,0.000000
7970000,0.000000,0.000000,0.000000
7971000,0.000000,0.000000,0.000000
7972000,0.000000,0.000000,0.000000
7973000,0.000000,0.000000,0.000000
7974000,0.000000,0.000000,0.000000
7975000,0.000000,0.000000,0.000000
7976000,0.000000,0.000000,0.000000
7977000,0.000000,0.000000,0.000000
7978000,0.000000,0.000000,0.000000
7979000,0.000000,0.000000,0.000000
7980000,0.000000,0.000000,0.000000
7981000,0.000000,0.000000,0.000000
7982000,0.000000,0.000000,0.000000
7983000,0.000000,0.000000,0.000000
7984000,0.000000,0.000000,0.000000
7985000,0.000000,0.000000,0.000000
7986000,0.000000,0.000000,0.000000
7987000,0.000000,0.000000,0.000000
7988000,0.000000,0.000000,0.000000
7989000,0.000000,0.000000,0.000000
7990000,0.000000,0.000000,0.000000
7991000,0.000000,0.000000,0.000000
7992000,0.000000,0.000000,0.000000
7993000,0.000000,0.000000,0.000000
7994000,0.000000,0.000000,0.000000
7995000,0.000000,0.000000,0.000000
7996000,0.000000,0.000000,0.000000
7997000,0.000000,0.000000,0.000000
7998000,0.000000,0.000000,0.000000
7999000,0.000000,0.000000,0.000000
8000000,0.000000,0.000000,0.000000
8001000,0.000000,0.000000,0.000000
8002000,0.000000,0.000000,0.000000
8003000,0.000000,0.000000,0.000000
8004000,0.000000,0.000000,0.000000
8005000,0.000000,0.000000,0.000000
8006000,0.000000,0.000000,0.000000
8007000,0.000000,0.000000,0.000000
8008000,0.000000,0.000000,0.000000
8009000,0.000000,0.000000,0.000000
8010000,0.000000,0.000000,0.000000
8011000,0.000000,0.000000,0.000000
8012000,0.000000,0.000000,0.000000
8013000,0.000000,0.000000,0.000000
8014000,0.000000,0.000000,0.000000
8015000,0.000000,0.000000,0.000000
8016000,0.000000,0.000000,0.000000
8017000,0.000000,0.000000,0.000000
8018000,0.000000,0.000000,0.000000
8019000,0.000000,0.000000,0.000000
8020000,0.000000,0.000000,0.000000
8021000,0.000000,0.000000,0.000000
8022000,0.000000,0.000000,0.000000
8023000,0.000000,0.000000,0.000000
8024000,0.000000,0.000000,0.000000
8025000,0.000000,0.000000,0.000000
8026000,0.000000,0.000000,0.000000
8027000,0.000000,0.000000,0.000000
8028000,0.000000,0.000000,0.000000
8029000,0.000000,0.000000,0.000000
8030000,0.000000,0.000000,0.000000
8031000,0.000000,0.000000,0.000000
8032000,0.000000,0.000000,0.000000
8033000,0.000000,0.000000,0.000000
8034000,0.000000,0.000000,0.000000
8035000,0.000000,0.000000,0.000000
8036000,0.000000,0.000000,0.000000
8037000,0.000000,0.000000,0.000000
8038000,0.000000,0.000000,0.000000
8039000,0.000000,0.000000,0.000000
8040000,0.000000,0.000000,0.000000
8041000,0.000000,0.000000,0.000000
8042000,0.000000,0.000000,0.000000
8043000,0.000000,0.000000,0.000000
8044000,0.000000,0.000000,0.000000
8045000,0.000000,0.000000,0.000000
8046000,0.000000,0.000000,0.000000
8047000,0.000000,0.000000,0.000000
8048000,0.000000,0.000000,0.000000
8049000,0.000000,0.000000,0.000000
8050000,0.000000,0.000000,0.000000
8051000,0.000000,0.000000,0.000000
8052000,0.000000,0.000000,0.000000
8053000,0.000000,0.000000,0.000000
8054000,0.000000,0.000000,0.000000
8055000,0.000000,0.000000,0.000000
8056000,0.000000,0.000000,0.000000
8057000,0.000000,0.000000,0.000000
8058000,0.000000,0.000000,0.000000
8059000,0.000000,0.000000,0.000000
8060000,0.000000,0.000000,0.000000
8061000,0.000000,0.000000,0.000000
8062000,0.000000,0.000000,0.000000
8063000,0.000000,0.000000,0.000000
8064000,0.000000,0.000000,0.000000
8065000,0.000000,0.000000,0.000000
8066000,0.000000,0.000000,0.000000
8067000,0.000000,0.000000,0.000000
8068000,0.000000,0.000000,0.000000
8069000,0.000000,0.000000,0.000000
8070000,0.000000,0.000000,0.000000
8071000,0.000000,0.000000,0.000000
8072000,0.000000,0.000000,0.000000
8073000,0.000000,0.000000,0.000000
8074000,0.000000,0.000000,0.000000
8075000,0.000000,0.000000,0.000000
8076000,0.000000,0.000000,0.000000
8077000,0.000000,0.000000,0.000000
8078000,0.000000,0.000000,0.000000
8079000,0.000000,0.000000,0.000000
8080000,0.000000,0.000000,0.000000
8081000,0.000000,0.000000,0.000000
8082000,0.000000,0.000000,0.000000
8083000,0.000000,0.000000,0.000000
8084000,0.000000,0.000000,0.000000
8085000,0.000000,0.000000,0.000000
8086000,0.000000,0.000000,0.000000
8087000,0.000000,0.000000,0.000000
8088000,0.000000,0.000000,0.000000
8089000,0.000000,0.000000,0.000000
8090000,0.000000,0.000000,0.000000
8091000,0.000000,0.000000,0.000000
8092000,0.000000,0.000000,0.000000
8093000,0.000000,0.000000,0.000000
8094000,0.000000,0.000000,0.000000
8095000,0.000000,0.000000,0.000000
8096000,0.000000,0.000000,0.000000
8097000,0.000000,0.000000,0.000000
8098000,0.000000,0.000000,0.000000
8099000,0.000000,0.000000,0.000000
8100000,0.000000,0.000000,0.000000
8101000,0.000000,0.000000,0.000000
8102000,0.000000,0.000000,0.000000
8103000,0.000000,0.000000,0.000000
8104000,0.000000,0.000000,0.000000
8105000,0.000000,0.000000,0.000000
8106000,0.000000,0.000000,0.000000
8107000,0.000000,0.000000,0.000000
8108000,0.000000,0.000000,0.000000
8109000,0.000000,0.000000,0.000000
8110000,0.000000,0.000000,0.000000
8111000,0.000000,0.000000,0.000000
8112000,0.000000,0.000000,0.000000
8113000,0.000000,0.000000,0.000000
8114000,0.000000,0.000000,0.000000
8115000,0.000000,0.000000,0.000000
8116000,0.000000,0.000000,0.000000
8117000,0.000000,0.000000,0.000000
8118000,0.000000,0.000000,0.000000
8119000,0.000000,0.000000,0.000000
8120000,0.000000,0.000000,0.000000
8121000,0.000000,0.000000,0.000000
8122000,0.000000,0.000000,0.000000
8123000,0.000000,0.000000,0.000000
8124000,0.000000,0.000000,0.000000
8125000,0.000000,0.000000,0.000000
8126000,0.000000,0.000000,0.000000
8127000,0.000000,0.000000,0.000000
8128000,0.000000,0.000000,0.000000
8129000,0.000000,0.000000,0.000000
8130000,0.000000,0.000000,0.000000
8131000,0.000000,0.000000,0.000000
8132000,0.000000,0.000000,0.000000
8133000,0.000000,0.000000,0.000000
8134000,0.000000,0.000000,0.000000
8135000,0.000000,0.000000,0.000000
8136000,0.000000,0.000000,0.000000
8137000,0.000000,0.000000,0.000000
8138000,0.000000,0.000000,0.000000
8139000,0.000000,0.000000,0.000000
8140000,0.000000,0.000000,0.000000
8141000,0.000000,0.000000,0.000000
8142000,0.000000,0.000000,0.000000
8143000,0.000000,0.000000,0.000000
8144000,0.000000,0.000000,0.000000
8145000,0.000000,0.000000,0.000000
8146000,0.000000,0.000000,0.000000
8147000,0.000000,0.000000,0.000000
8148000,0.000000,0.000000,0.000000
8149000,0.000000,0.000000,0.000000
8150000,0.000000,0.000000,0.000000
8151000,0.000000,0.000000,0.000000
8152000,0.000000,0.000000,0.000000
8153000,0.000000,0.000000,0.000000
8154000,0.000000,0.000000,0.000000
8155000,0.000000,0.000000,0.000000
8156000,0.000000,0.000000,0.000000
8157000,0.000000,0.000000,0.000000
8158000,0.000000,0.000000,0.000000
8159000,0.000000,0.000000,0.000000
8160000,0.000000,0.000000,0.000000
8161000,0.000000,0.000000,0.000000
8162000,0.000000,0.000000,0.000000
8163000,0.000000,0.000000,0.000000
8164000,0.000000,0.000000,0.000000
8165000,0.000000,0.000000,0.000000
8166000,0.000000,0.000000,0.000000
8167000,0.000000,0.000000,0.000000
8168000,0.000000,0.000000,0.000000
8169000,0.000000,0.000000,0.000000
8170000,0.000000,0.000000,0.000000
8171000,0.000000,0.000000,0.000000
8172000,0.000000,0.000000,0.000000
8173000,0.000000,0.000000,0.000000
8174000,0.000000,0.000000,0.000000
8175000,0.000000,0.000000,0.000000
8176000,0.000000,0.000000,0.000000
8177000,0.000000,0.000000,0.000000
8178000,0.000000,0.000000,0.000000
8179000,0.000000,0.000000,0.000000
8180000,0.000000,0.000000,0.000000
8181000,0.000000,0.000000,0.000000
8182000,0.000000,0.000000,0.000000
8183000,0.000000,0.000000,0.000000
8184000,0.000000,0.000000,0.000000
8185000,0.000000,0.000000,0.000000
8186000,0.000000,0.000000,0.000000
8187000,0.000000,0.000000,0.000000
8188000,0.000000,0.000000,0.000000
8189000,0.000000,0.000000,0.000000
8190000,0.000000,0.000000,0.000000
8191000,0.000000,0.000000,0.000000
8192000,0.000000,0.000000,0.000000
8193000,0.000000,0.000000,0.000000
8194000,0.000000,0.000000,0.000000
8195000,0.000000,0.000000,0.000000
8196000,0.000000,0.000000,0.000000
8197000,0.000000,0.000000,0.000000
8198000,0.000000,0.000000,0.000000
8199000,0.000000,0.000000,0.000000
8200000,0.000000,0.000000,0.000000
8201000,0.000000,0.000000,0.000000
8202000,0.000000,0.000000,0.000000
8203000,0.000000,0.000000,0.000000
8204000,0.000000,0.000000,0.000000
8205000,0.000000,0.000000,0.000000
8206000,0.000000,0.000000,0.000000
8207000,0.000000,0.000000,0.000000
8208000,0.000000,0.000000,0.000000
8209000,0.000000,0.000000,0.000000
8210000,0.000000,0.000000,0.000000
8211000,0.000000,0.000000,0.000000
8212000,0.000000,0.000000,0.000000
8213000,0.000000,0.000000,0.000000
8214000,0.000000,0.000000,0.000000
8215000,0.000000,0.000000,0.000000
8216000,0.000000,0.000000,0.000000
8217000,0.000000,0.000000,0.000000
8218000,0.000000,0.000000,0.000000
8219000,0.000000,0.000000,0.000000
8220000,0.000000,0.000000,0.000000
8221000,0.000000,0.000000,0.000000
8222000,0.000000,0.000000,0.000000
8223000,0.000000,0.000000,0.000000
8224000,0.000000,0.000000,0.000000
8225000,0.000000,0.000000,0.000000
8226000,0.000000,0.000000,0.000000
8227000,0.000000,0.000000,0.000000
8228000,0.000000,0.000000,0.000000
8229000,0.000000,0.000000,0.000000
8230000,0.000000,0.000000,0.000000
8231000,0.000000,0.000000,0.000000
8232000,0.000000,0.000000,0.000000
8233000,0.000000,0.000000,0.000000
8234000,0.000000,0.000000,0.000000
8235000,0.000000,0.000000,0.000000
8236000,0.000000,0.000000,0.000000
8237000,0.000000,0.000000,0.000000
8238000,0.000000,0.000000,0.000000
8239000,0.000000,0.000000,0.000000
8240000,0.000000,0.000000,0.000000
8241000,0.000000,0.000000,0.000000
8242000,0.000000,0.000000,0.000000
8243000,0.000000,0.000000,0.000000
8244000,0.000000,0.000000,0.000000
8245000,0.000000,0.000000,0.000000
8246000,0.000000,0.000000,0.000000
8247000,0.000000,0.000000,0.000000
8248000,0.000000,0.000000,0.000000
8249000,0.000000,0.000000,0.000000
8250000,0.000000,0.000000,0.000000
8251000,0.000000,0.000000,0.000000
8252000,0.000000,0.000000,0.000000
8253000,0.000000,0.000000,0.000000
8254000,0.000000,0.000000,0.000000
8255000,0.000000,0.000000,0.000000
8256000,0.000000,0.000000,0.000000
8257000,0.000000,0.000000,0.000000
8258000,0.000000,0.000000,0.000000
8259000,0.000000,0.000000,0.000000
8260000,0.000000,0.000000,0.000000
8261000,0.000000,0.000000,0.000000
8262000,0.000000,0.000000,0.000000
8263000,0.000000,0.000000,0.000000
8264000,0.000000,0.000000,0.000000
8265000,0.000000,0.000000,0.000000
8266000,0.000000,0.000000,0.000000
8267000,0.000000,0.000000,0.000000
8268000,0.000000,0.000000,0.000000
8269000,0.000000,0.000000,0.000000
8270000,0.000000,0.000000,0.000000
8271000,0.000000,0.000000,0.000000
8272000,0.000000,0.000000,0.000000
8273000,0.000000,0.000000,0.000000
8274000,0.000000,0.000000,0.000000
8275000,0.000000,0.000000,0.000000
8276000,0.000000,0.000000,0.000000
8277000,0.000000,0.000000,0.000000
8278000,0.000000,0.000000,0.000000
8279000,0.000000,0.000000,0.000000
8280000,0.000000,0.000000,0.000000
8281000,0.000000,0.000000,0.000000
8282000,0.000000,0.000000,0.000000
8283000,0.000000,0.000000,0.000000
8284000,0.000000,0.000000,0.000000
8285000,0.000000,0.000000,0.000000
8286000,0.000000,0.000000,0.000000
8287000,0.000000,0.000000,0.000000
8288000,0.000000,0.000000,0.000000
8289000,0.000000,0.000000,0.000000
8290000,0.000000,0.000000,0.000000
8291000,0.000000,0.000000,0.000000
8292000,0.000000,0.000000,0.000000
8293000,0.000000,0.000000,0.000000
8294000,0.000000,0.000000,0.000000
8295000,0.000000,0.000000,0.000000
8296000,0.000000,0.000000,0.000000
8297000,0.000000,0.000000,0.000000
8298000,0.000000,0.000000,0.000000
8299000,0.000000,0.000000,0.000000
8300000,0.000000,0.000000,0.000000
8301000,0.000000,0.000000,0.000000
8302000,0.000000,0.000000,0.000000
8303000,0.000000,0.000000,0.000000
8304000,0.000000,0.000000,0.000000
8305000,0.000000,0.000000,0.000000
8306000,0.000000,0.000000,0.000000
8307000,0.000000,0.000000,0.000000
8308000,0.000000,0.000000,0.000000
8309000,0.000000,0.000000,0.000000
8310000,0.000000,0.000000,0.000000
8311000,0.000000,0.000000,0.000000
8312000,0.000000,0.000000,0.000000
8313000,0.000000,0.000000,0.000000
8314000,0.000000,0.000000,0.000000
8315000,0.000000,0.000000,0.000000
8316000,0.000000,0.000000,0.000000
8317000,0.000000,0.000000,0.000000
8318000,0.000000,0.000000,0.000000
8319000,0.000000,0.000000,0.000000
8320000,0.000000,0.000000,0.000000
8321000,0.000000,0.000000,0.000000
8322000,0.000000,0.000000,0.000000
8323000,0.000000,0.000000,0.000000
8324000,0.000000,0.000000,0.000000
8325000,0.000000,0.000000,0.000000
8326000,0.000000,0.000000,0.000000
8327000,0.000000,0.000000,0.000000
8328000,0.000000,0.000000,0.000000
8329000,0.000000,0.000000,0.000000
8330000,0.000000,0.000000,0.000000
8331000,0.000000,0.000000,0.000000
8332000,0.000000,0.000000,0.000000
8333000,0.000000,0.000000,0.000000
8334000,0.000000,0.000000,0.000000
8335000,0.000000,0.000000,0.000000
8336000,0.000000,0.000000,0.000000
8337000,0.000000,0.000000,0.000000
8338000,0.000000,0.000000,0.000000
8339000,0.000000,0.000000,0.000000
8340000,0.000000,0.000000,0.000000
8341000,0.000000,0.000000,0.000000
8342000,0.000000,0.000000,0.000000
8343000,0.000000,0.000000,0.000000
8344000,0.000000,0.000000,0.000000
8345000,0.000000,0.000000,0.000000
8346000,0.000000,0.000000,0.000000
8347000,0.000000,0.000000,0.000000
8348000,0.000000,0.000000,0.000000
8349000,0.000000,0.000000,0.000000
8350000,0.000000,0.000000,0.000000
8351000,0.000000,0.000000,0.000000
8352000,0.000000,0.000000,0.000000
8353000,0.000000,0.000000,0.000000
8354000,0.000000,0.000000,0.000000
8355000,0.000000,0.000000,0.000000
8356000,0.000000,0.000000,0.000000
8357000,0.000000,0.000000,0.000000
8358000,0.000000,0.000000,0.000000
8359000,0.000000,0.000000,0.000000
8360000,0.000000,0.000000,0.000000
8361000,0.000000,0.000000,0.000000
8362000,0.000000,0.000000,0.000000
8363000,0.000000,0.000000,0.000000
8364000,0.000000,0.000000,0.000000
8365000,0.000000,0.000000,0.000000
8366000,0.000000,0.000000,0.000000
8367000,0.000000,0.000000,0.000000
8368000,0.000000,0.000000,0.000000
8369000,0.000000,0.000000,0.000000
8370000,0.000000,0.000000,0.000000
8371000,0.000000,0.000000,0.000000
8372000,0.000000,0.000000,0.000000
8373000,0.000000,0.000000,0.000000
8374000,0.000000,0.000000,0.000000
8375000,0.000000,0.000000,0.000000
8376000,0.000000,0.000000,0.000000
8377000,0.000000,0.000000,0.000000
8378000,0.000000,0.000000,0.000000
8379000,0.000000,0.000000,0.000000
8380000,0.000000,0.000000,0.000000
8381000,0.000000,0.000000,0.000000
8382000,0.000000,0.000000,0.000000
8383000,0.000000,0.000000,0.000000
8384000,0.000000,0.000000,0.000000
8385000,0.000000,0.000000,0.000000
8386000,0.000000,0.000000,0.000000
8387000,0.000000,0.000000,0.000000
8388000,0.000000,0.000000,0.000000
8389000,0.000000,0.000000,0.000000
8390000,0.000000,0.000000,0.000000
8391000,0.000000,0.000000,0.000000
8392000,0.000000,0.000000,0.000000
8393000,0.000000,0.000000,0.000000
8394000,0.000000,0.000000,0.000000
8395000,0.000000,0.000000,0.000000
8396000,0.000000,0.000000,0.000000
8397000,0.000000,0.000000,0.000000
8398000,0.000000,0.000000,0.000000
8399000,0.000000,0.000000,0.000000
8400000,0.000000,0.000000,0.000000
8401000,0.000000,0.000000,0.000000
8402000,0.000000,0.000000,0.000000
8403000,0.000000,0.000000,0.000000
8404000,0.000000,0.000000,0.000000
8405000,0.000000,0.000000,0.000000
8406000,0.000000,0.000000,0.000000
8407000,0.000000,0.000000,0.000000
8408000,0.000000,0.000000,0.000000
8409000,0.000000,0.000000,0.000000
8410000,0.000000,0.000000,0.000000
8411000,0.000000,0.000000,0.000000
8412000,0.000000,0.000000,0.000000
8413000,0.000000,0.000000,0.000000
8414000,0.000000,0.000000,0.000000
8415000,0.000000,0.000000,0.000000
8416000,0.000000,0.000000,0.000000
8417000,0.000000,0.000000,0.000000
8418000,0.000000,0.000000,0.000000
8419000,0.000000,0.000000,0.000000
8420000,0.000000,0.000000,0.000000
8421000,0.000000,0.000000,0.000000
8422000,0.000000,0.000000,0.000000
8423000,0.000000,0.000000,0.000000
8424000,0.000000,0.000000,0.000000
8425000,0.000000,0.000000,0.000000
8426000,0.000000,0.000000,0.000000
8427000,0.000000,0.000000,0.000000
8428000,0.000000,0.000000,0.000000
8429000,0.000000,0.000000,0.000000
8430000,0.000000,0.000000,0.000000
8431000,0.000000,0.000000,0.000000
8432000,0.000000,0.000000,0.000000
8433000,0.000000,0.000000,0.000000
8434000,0.000000,0.000000,0.000000
8435000,0.000000,0.000000,0.000000
8436000,0.000000,0.000000,0.000000
8437000,0.000000,0.000000,0.000000
8438000,0.000000,0.000000,0.000000
8439000,0.000000,0.000000,0.000000
8440000,0.000000,0.000000,0.000000
8441000,0.000000,0.000000,0.000000
8442000,0.000000,0.000000,0.000000
8443000,0.000000,0.000000,0.000000
8444000,0.000000,0.000000,0.000000
8445000,0.000000,0.000000,0.000000
8446000,0.000000,0.000000,0.000000
8447000,0.000000,0.000000,0.000000
8448000,0.000000,0.000000,0.000000
8449000,0.000000,0.000000,0.000000
8450000,0.000000,0.000000,0.000000
8451000,0.000000,0.000000,0.000000
8452000,0.000000,0.000000,0.000000
8453000,0.000000,0.000000,0.000000
8454000,0.000000,0.000000,0.000000
8455000,0.000000,0.000000,0.000000
8456000,0.000000,0.000000,0.000000
8457000,0.000000,0.000000,0.000000
8458000,0.000000,0.000000,0.000000
8459000,0.000000,0.000000,0.000000
8460000,0.000000,0.000000,0.000000
8461000,0.000000,0.000000,0.000000
8462000,0.000000,0.000000,0.000000
8463000,0.000000,0.000000,0.000000
8464000,0.000000,0.000000,0.000000
8465000,0.000000,0.000000,0.000000
8466000,0.000000,0.000000,0.000000
8467000,0.000000,0.000000,0.000000
8468000,0.000000,0.000000,0.000000
8469000,0.000000,0.000000,0.000000
8470000,0.000000,0.000000,0.000000
8471000,0.000000,0.000000,0.000000
8472000,0.000000,0.000000,0.000000
8473000,0.000000,0.000000,0.000000
8474000,0.000000,0.000000,0.000000
8475000,0.000000,0.000000,0.000000
8476000,0.000000,0.000000,0.000000
8477000,0.000000,0.000000,0.000000
8478000,0.000000,0.000000,0.000000
8479000,0.000000,0.000000,0.000000
8480000,0.000000,0.000000,0.000000
8481000,0.000000,0.000000,0.000000
8482000,0.000000,0.000000,0.000000
8483000,0.000000,0.000000,0.000000
8484000,0.000000,0.000000,0.000000
8485000,0.000000,0.000000,0.000000
8486000,0.000000,0.000000,0.000000
8487000,0.000000,0.000000,0.000000
8488000,0.000000,0.000000,0.000000
8489000,0.000000,0.000000,0.000000
8490000,0.000000,0.000000,0.000000
8491000,0.000000,0.000000,0.000000
8492000,0.000000,0.000000,0.000000
8493000,0.000000,0.000000,0.000000
8494000,0.000000,0.000000,0.000000
8495000,0.000000,0.000000,0.000000
8496000,0.000000,0.000000,0.000000
8497000,0.000000,0.000000,0.000000
8498000,0.000000,0.000000,0.000000
8499000,0.000000,0.000000,0.000000
8500000,0.000000,0.000000,0.000000
8501000,0.000000,0.000000,0.000000
8502000,0.000000,0.000000,0.000000
8503000,0.000000,0.000000,0.000000
8504000,0.000000,0.000000,0.000000
8505000,0.000000,0.000000,0.000000
8506000,0.000000,0.000000,0.000000
8507000,0.000000,0.000000,0.000000
8508000,0.000000,0.000000,0.000000
8509000,0.000000,0.000000,0.000000
8510000,0.000000,0.000000,0.000000
8511000,0.000000,0.000000,0.000000
8512000,0.000000,0.000000,0.000000
8513000,0.000000,0.000000,0.000000
8514000,0.000000,0.000000,0.000000
8515000,0.000000,0.000000,0.000000
8516000,0.000000,0.000000,0.000000
8517000,0.000000,0.000000,0.000000
8518000,0.000000,0.000000,0.000000
8519000,0.000000,0.000000,0.000000
8520000,0.000000,0.000000,0.000000
8521000,0.000000,0.000000,0.000000
8522000,0.000000,0.000000,0.000000
8523000,0.000000,0.000000,0.000000
8524000,0.000000,0.000000,0.000000
8525000,0.000000,0.000000,0.000000
8526000,0.000000,0.000000,0.000000
8527000,0.000000,0.000000,0.000000
8528000,0.000000,0.000000,0.000000
8529000,0.000000,0.000000,0.000000
8530000,0.000000,0.000000,0.000000
8531000,0.000000,0.000000,0.000000
8532000,0.000000,0.000000,0.000000
8533000,0.000000,0.000000,0.000000
8534000,0.000000,0.000000,0.000000
8535000,0.000000,0.000000,0.000000
8536000,0.000000,0.000000,0.000000
8537000,0.000000,0.000000,0.000000
8538000,0.000000,0.000000,0.000000
8539000,0.000000,0.000000,0.000000
8540000,0.000000,0.000000,0.000000
8541000,0.000000,0.000000,0.000000
8542000,0.000000,0.000000,0.000000
8543000,0.000000,0.000000,0.000000
8544000,0.000000,0.000000,0.000000
8545000,0.000000,0.000000,0.000000
8546000,0.000000,0.000000,0.000000
8547000,0.000000,0.000000,0.000000
8548000,0.000000,0.000000,0.000000
8549000,0.000000,0.000000,0.000000
8550000,0.000000,0.000000,0.000000
8551000,0.000000,0.000000,0.000000
8552000,0.000000,0.000000,0.000000
8553000,0.000000,0.000000,0.000000
8554000,0.000000,0.000000,0.000000
8555000,0.000000,0.000000,0.000000
8556000,0.000000,0.000000,0.000000
8557000,0.000000,0.000000,0.000000
8558000,0.000000,0.000000,0.000000
8559000,0.000000,0.000000,0.000000
8560000,0.000000,0.000000,0.000000
8561000,0.000000,0.000000,0.000000
8562000,0.000000,0.000000,0.000000
8563000,0.000000,0.000000,0.000000
8564000,0.000000,0.000000,0.000000
8565000,0.000000,0.000000,0.000000
8566000,0.000000,0.000000,0.000000
8567000,0.000000,0.000000,0.000000
8568000,0.000000,0.000000,0.000000
8569000,0.000000,0.000000,0.000000
8570000,0.000000,0.000000,0.000000
8571000,0.000000,0.000000,0.000000
8572000,0.000000,0.000000,0.000000
8573000,0.000000,0.000000,0.000000
8574000,0.000000,0.000000,0.000000
8575000,0.000000,0.000000,0.000000
8576000,0.000000,0.000000,0.000000
8577000,0.000000,0.000000,0.000000
8578000,0.000000,0.000000,0.000000
8579000,0.000000,0.000000,0.000000
8580000,0.000000,0.000000,0.000000
8581000,0.000000,0.000000,0.000000
8582000,0.000000,0.000000,0.000000
8583000,0.000000,0.000000,0.000000
8584000,0.000000,0.000000,0.000000
8585000,0.000000,0.000000,0.000000
8586000,0.000000,0.000000,0.000000
8587000,0.000000,0.000000,0.000000
8588000,0.000000,0.000000,0.000000
8589000,0.000000,0.000000,0.000000
8590000,0.000000,0.000000,0.000000
8591000,0.000000,0.000000,0.000000
8592000,0.000000,0.000000,0.000000
8593000,0.000000,0.000000,0.000000
8594000,0.000000,0.000000,0.000000
8595000,0.000000,0.000000,0.000000
8596000,0.000000,0.000000,0.000000
8597000,0.000000,0.000000,0.000000
8598000,0.000000,0.000000,0.000000
8599000,0.000000,0.000000,0.000000
8600000,0.000000,0.000000,0.000000
8601000,0.000000,0.000000,0.000000
8602000,0.000000,0.000000,0.000000
8603000,0.000000,0.000000,0.000000
8604000,0.000000,0.000000,0.000000
8605000,0.000000,0.000000,0.000000
8606000,0.000000,0.000000,0.000000
8607000,0.000000,0.000000,0.000000
8608000,0.000000,0.000000,0.000000
8609000,0.000000,0.000000,0.000000
8610000,0.000000,0.000000,0.000000
8611000,0.000000,0.000000,0.000000
8612000,0.000000,0.000000,0.000000
8613000,0.000000,0.000000,0.000000
8614000,0.000000,0.000000,0.000000
8615000,0.000000,0.000000,0.000000
8616000,0.000000,0.000000,0.000000
8617000,0.000000,0.000000,0.000000
8618000,0.000000,0.000000,0.000000
8619000,0.000000,0.000000,0.000000
8620000,0.000000,0.000000,0.000000
8621000,0.000000,0.000000,0.000000
8622000,0.000000,0.000000,0.000000
8623000,0.000000,0.000000,0.000000
8624000,0.000000,0.000000,0.000000
8625000,0.000000,0.000000,0.000000
8626000,0.000000,0.000000,0.000000
8627000,0.000000,0.000000,0.000000
8628000,0.000000,0.000000,0.000000
8629000,0.000000,0.000000,0.000000
8630000,0.000000,0.000000,0.000000
8631000,0.000000,0.000000,0.000000
8632000,0.000000,0.000000,0.000000
8633000,0.000000,0.000000,0.000000
8634000,0.000000,0.000000,0.000000
8635000,0.000000,0.000000,0.000000
8636000,0.000000,0.000000,0.000000
8637000,0.000000,0.000000,0.000000
8638000,0.000000,0.000000,0.000000
8639000,0.000000,0.000000,0.000000
8640000,0.000000,0.000000,0.000000
8641000,0.000000,0.000000,0.000000
8642000,0.000000,0.000000,0.000000
8643000,0.000000,0.000000,0.000000
8644000,0.000000,0.000000,0.000000
8645000,0.000000,0.000000,0.000000
8646000,0.000000,0.000000,0.000000
8647000,0.000000,0.000000,0.000000
8648000,0.000000,0.000000,0.000000
8649000,0.000000,0.000000,0.000000
8650000,0.000000,0.000000,0.000000
8651000,0.000000,0.000000,0.000000
8652000,0.000000,0.000000,0.000000
8653000,0.000000,0.000000,0.000000
8654000,0.000000,0.000000,0.000000
8655000,0.000000,0.000000,0.000000
8656000,0.000000,0.000000,0.000000
8657000,0.000000,0.000000,0.000000
8658000,0.000000,0.000000,0.000000
8659000,0.000000,0.000000,0.000000
8660000,0.000000,0.000000,0.000000
8661000,0.000000,0.000000,0.000000
8662000,0.000000,0.000000,0.000000
8663000,0.000000,0.000000,0.000000
8664000,0.000000,0.000000,0.000000
8665000,0.000000,0.000000,0.000000
8666000,0.000000,0.000000,0.000000
8667000,0.000000,0.000000,0.000000
8668000,0.000000,0.000000,0.000000
8669000,0.000000,0.000000,0.000000
8670000,0.000000,0.000000,0.000000
8671000,0.000000,0.000000,0.000000
8672000,0.000000,0.000000,0.000000
8673000,0.000000,0.000000,0.000000
8674000,0.000000,0.000000,0.000000
8675000,0.000000,0.000000,0.000000
8676000,0.000000,0.000000,0.000000
8677000,0.000000,0.000000,0.000000
8678000,0.000000,0.000000,0.000000
8679000,0.000000,0.000000,0.000000
8680000,0.000000,0.000000,0.000000
8681000,0.000000,0.000000,0.000000
8682000,0.000000,0.000000,0.000000
8683000,0.000000,0.000000,0.000000
8684000,0.000000,0.000000,0.000000
8685000,0.000000,0.000000,0.000000
8686000,0.000000,0.000000,0.000000
8687000,0.000000,0.000000,0.000000
8688000,0.000000,0.000000,0.000000
8689000,0.000000,0.000000,0.000000
8690000,0.000000,0.000000,0.000000
8691000,0.000000,0.000000,0.000000
8692000,0.000000,0.000000,0.000000
8693000,0.000000,0.000000,0.000000
8694000,0.000000,0.000000,0.000000
8695000,0.000000,0.000000,0.000000
8696000,0.000000,0.000000,0.000000
8697000,0.000000,0.000000,0.000000
8698000,0.000000,0.000000,0.000000
8699000,0.000000,0.000000,0.000000
8700000,0.000000,0.000000,0.000000
8701000,0.000000,0.000000,0.000000
8702000,0.000000,0.000000,0.000000
8703000,0.000000,0.000000,0.000000
8704000,0.000000,0.000000,0.000000
8705000,0.000000,0.000000,0.000000
8706000,0.000000,0.000000,0.000000
8707000,0.000000,0.000000,0.000000
8708000,0.000000,0.000000,0.000000
8709000,0.000000,0.000000,0.000000
8710000,0.000000,0.000000,0.000000
8711000,0.000000,0.000000,0.000000
8712000,0.000000,0.000000,0.000000
8713000,0.000000,0.000000,0.000000
8714000,0.000000,0.000000,0.000000
8715000,0.000000,0.000000,0.000000
8716000,0.000000,0.000000,0.000000
8717000,0.000000,0.000000,0.000000
8718000,0.000000,0.000000,0.000000
8719000,0.000000,0.000000,0.000000
8720000,0.000000,0.000000,0.000000
8721000,0.000000,0.000000,0.000000
8722000,0.000000,0.000000,0.000000
8723000,0.000000,0.000000,0.000000
8724000,0.000000,0.000000,0.000000
8725000,0.000000,0.000000,0.000000
8726000,0.000000,0.000000,0.000000
8727000,0.000000,0.000000,0.000000
8728000,0.000000,0.000000,0.000000
8729000,0.000000,0.000000,0.000000
8730000,0.000000,0.000000,0.000000
8731000,0.000000,0.000000,0.000000
8732000,0.000000,0.000000,0.000000
8733000,0.000000,0.000000,0.000000
8734000,0.000000,0.000000,0.000000
8735000,0.000000,0.000000,0.000000
8736000,0.000000,0.000000,0.000000
8737000,0.000000,0.000000,0.000000
8738000,0.000000,0.000000,0.000000
8739000,0.000000,0.000000,0.000000
8740000,0.000000,0.000000,0.000000
8741000,0.000000,0.000000,0.000000
8742000,0.000000,0.000000,0.000000
8743000,0.000000,0.000000,0.000000
8744000,0.000000,0.000000,0.000000
8745000,0.000000,0.000000,0.000000
8746000,0.000000,0.000000,0.000000
8747000,0.000000,0.000000,0.000000
8748000,0.000000,0.000000,0.000000
8749000,0.000000,0.000000,0.000000
8750000,0.000000,0.000000,0.000000
8751000,0.000000,0.000000,0.000000
8752000,0.000000,0.000000,0.000000
8753000,0.000000,0.000000,0.000000
8754000,0.000000,0.000000,0.000000
8755000,0.000000,0.000000,0.000000
8756000,0.000000,0.000000,0.000000
8757000,0.000000,0.000000,0.000000
8758000,0.000000,0.000000,0.000000
8759000,0.000000,0.000000,0.000000
8760000,0.000000,0.000000,0.000000
8761000,0.000000,0.000000,0.000000
8762000,0.000000,0.000000,0.000000
8763000,0.000000,0.000000,0.000000
8764000,0.000000,0.000000,0.000000
8765000,0.000000,0.000000,0.000000
8766000,0.000000,0.000000,0.000000
8767000,0.000000,0.000000,0.000000
8768000,0.000000,0.000000,0.000000
8769000,0.000000,0.000000,0.000000
8770000,0.000000,0.000000,0.000000
8771000,0.000000,0.000000,0.000000
8772000,0.000000,0.000000,0.000000
8773000,0.000000,0.000000,0.000000
8774000,0.000000,0.000000,0.000000
8775000,0.000000,0.000000,0.000000
8776000,0.000000,0.000000,0.000000
8777000,0.000000,0.000000,0.000000
8778000,0.000000,0.000000,0.000000
8779000,0.000000,0.000000,0.000000
8780000,0.000000,0.000000,0.000000
8781000,0.000000,0.000000,0.000000
8782000,0.000000,0.000000,0.000000
8783000,0.000000,0.000000,0.000000
8784000,0.000000,0.000000,0.000000
8785000,0.000000,0.000000,0.000000
8786000,0.000000,0.000000,0.000000
8787000,0.000000,0.000000,0.000000
8788000,0.000000,0.000000,0.000000
8789000,0.000000,0.000000,0.000000
8790000,0.000000,0.000000,0.000000
8791000,0.000000,0.000000,0.000000
8792000,0.000000,0.000000,0.000000
8793000,0.000000,0.000000,0.000000
8794000,0.000000,0.000000,0.000000
8795000,0.000000,0.000000,0.000000
8796000,0.000000,0.000000,0.000000
8797000,0.000000,0.000000,0.000000
8798000,0.000000,0.000000,0.000000
8799000,0.000000,0.000000,0.000000
8800000,0.000000,0.000000,0.000000
8801000,0.000000,0.000000,0.000000
8802000,0.000000,0.000000,0.000000
8803000,0.000000,0.000000,0.000000
8804000,0.000000,0.000000,0.000000
8805000,0.000000,0.000000,0.000000
8806000,0.000000,0.000000,0.000000
8807000,0.000000,0.000000,0.000000
8808000,0.000000,0.000000,0.000000
8809000,0.000000,0.000000,0.000000
8810000,0.000000,0.000000,0.000000
8811000,0.000000,0.000000,0.000000
8812000,0.000000,0.000000,0.000000
8813000,0.000000,0.000000,0.000000
8814000,0.000000,0.000000,0.000000
8815000,0.000000,0.000000,0.000000
8816000,0.000000,0.000000,0.000000
8817000,0.000000,0.000000,0.000000
8818000,0.000000,0.000000,0.000000
8819000,0.000000,0.000000,0.000000
8820000,0.000000,0.000000,0.000000
8821000,0.000000,0.000000,0.000000
8822000,0.000000,0.000000,0.000000
8823000,0.000000,0.000000,0.000000
8824000,0.000000,0.000000,0.000000
8825000,0.000000,0.000000,0.000000
8826000,0.000000,0.000000,0.000000
8827000,0.000000,0.000000,0.000000
8828000,0.000000,0.000000,0.000000
8829000,0.000000,0.000000,0.000000
8830000,0.000000,0.000000,0.000000
8831000,0.000000,0.000000,0.000000
8832000,0.000000,0.000000,0.000000
8833000,0.000000,0.000000,0.000000
8834000,0.000000,0.000000,0.000000
8835000,0.000000,0.000000,0.000000
8836000,0.000000,0.000000,0.000000
8837000,0.000000,0.000000,0.000000
8838000,0.000000,0.000000,0.000000
8839000,0.000000,0.000000,0.000000
8840000,0.000000,0.000000,0.000000
8841000,0.000000,0.000000,0.000000
8842000,0.000000,0.000000,0.000000
8843000,0.000000,0.000000,0.000000
8844000,0.000000,0.000000,0.000000
8845000,0.000000,0.000000,0.000000
8846000,0.000000,0.000000,0.000000
8847000,0.000000,0.000000,0.000000
8848000,0.000000,0.000000,0.000000
8849000,0.000000,0.000000,0.000000
8850000,0.000000,0.000000,0.000000
8851000,0.000000,0.000000,0.000000
8852000,0.000000,0.000000,0.000000
8853000,0.000000,0.000000,0.000000
8854000,0.000000,0.000000,0.000000
8855000,0.000000,0.000000,0.000000
8856000,0.000000,0.000000,0.000000
8857000,0.000000,0.000000,0.000000
8858000,0.000000,0.000000,0.000000
8859000,0.000000,0.000000,0.000000
8860000,0.000000,0.000000,0.000000
8861000,0.000000,0.000000,0.000000
8862000,0.000000,0.000000,0.000000
8863000,0.000000,0.000000,0.000000
8864000,0.000000,0.000000,0.000000
8865000,0.000000,0.000000,0.000000
8866000,0.000000,0.000000,0.000000
8867000,0.000000,0.000000,0.000000
8868000,0.000000,0.000000,0.000000
8869000,0.000000,0.000000,0.000000
8870000,0.000000,0.000000,0.000000
8871000,0.000000,0.000000,0.000000
8872000,0.000000,0.000000,0.000000
8873000,0.000000,0.000000,0.000000
8874000,0.000000,0.000000,0.000000
8875000,0.000000,0.000000,0.000000
8876000,0.000000,0.000000,0.000000
8877000,0.000000,0.000000,0.000000
8878000,0.000000,0.000000,0.000000
8879000,0.000000,0.000000,0.000000
8880000,0.000000,0.000000,0.000000
8881000,0.000000,0.000000,0.000000
8882000,0.000000,0.000000,0.000000
8883000,0.000000,0.000000,0.000000
8884000,0.000000,0.000000,0.000000
8885000,0.000000,0.000000,0.000000
8886000,0.000000,0.000000,0.000000
8887000,0.000000,0.000000,0.000000
8888000,0.000000,0.000000,0.000000
8889000,0.000000,0.000000,0.000000
8890000,0.000000,0.000000,0.000000
8891000,0.000000,0.000000,0.000000
8892000,0.000000,0.000000,0.000000
8893000,0.000000,0.000000,0.000000
8894000,0.000000,0.000000,0.000000
8895000,0.000000,0.000000,0.000000
8896000,0.000000,0.000000,0.000000
8897000,0.000000,0.000000,0.000000
8898000,0.000000,0.000000,0.000000
8899000,0.000000,0.000000,0.000000
8900000,0.000000,0.000000,0.000000
8901000,0.000000,0.000000,0.000000
8902000,0.000000,0.000000,0.000000
8903000,0.000000,0.000000,0.000000
8904000,0.000000,0.000000,0.000000
8905000,0.000000,0.000000,0.000000
8906000,0.000000,0.000000,0.000000
8907000,0.000000,0.000000,0.000000
8908000,0.000000,0.000000,0.000000
8909000,0.000000,0.000000,0.000000
8910000,0.000000,0.000000,0.000000
8911000,0.000000,0.000000,0.000000
8912000,0.000000,0.000000,0.000000
8913000,0.000000,0.000000,0.000000
8914000,0.000000,0.000000,0.000000
8915000,0.000000,0.000000,0.000000
8916000,0.000000,0.000000,0.000000
8917000,0.000000,0.000000,0.000000
8918000,0.000000,0.000000,0.000000
8919000,0.000000,0.000000,0.000000
8920000,0.000000,0.000000,0.000000
8921000,0.000000,0.000000,0.000000
8922000,0.000000,0.000000,0.000000
8923000,0.000000,0.000000,0.000000
8924000,0.000000,0.000000,0.000000
8925000,0.000000,0.000000,0.000000
8926000,0.000000,0.000000,0.000000
8927000,0.000000,0.000000,0.000000
8928000,0.000000,0.000000,0.000000
8929000,0.000000,0.000000,0.000000
8930000,0.000000,0.000000,0.000000
8931000,0.000000,0.000000,0.000000
8932000,0.000000,0.000000,0.000000
8933000,0.000000,0.000000,0.000000
8934000,0.000000,0.000000,0.000000
8935000,0.000000,0.000000,0.000000
8936000,0.000000,0.000000,0.000000
8937000,0.000000,0.000000,0.000000
8938000,0.000000,0.000000,0.000000
8939000,0.000000,0.000000,0.000000
8940000,0.000000,0.000000,0.000000
8941000,0.000000,0.000000,0.000000
8942000,0.000000,0.000000,0.000000
8943000,0.000000,0.000000,0.000000
8944000,0.000000,0.000000,0.000000
8945000,0.000000,0.000000,0.000000
8946000,0.000000,0.000000,0.000000
8947000,0.000000,0.000000,0.000000
8948000,0.000000,0.000000,0.000000
8949000,0.000000,0.000000,0.000000
8950000,0.000000,0.000000,0.000000
8951000,0.000000,0.000000,0.000000
8952000,0.000000,0.000000,0.000000
8953000,0.000000,0.000000,0.000000
8954000,0.000000,0.000000,0.000000
8955000,0.000000,0.000000,0.000000
8956000,0.000000,0.000000,0.000000
8957000,0.000000,0.000000,0.000000
8958000,0.000000,0.000000,0.000000
8959000,0.000000,0.000000,0.000000
8960000,0.000000,0.000000,0.000000
8961000,0.000000,0.000000,0.000000
8962000,0.000000,0.000000,0.000000
8963000,0.000000,0.000000,0.000000
8964000,0.000000,0.000000,0.000000
8965000,0.000000,0.000000,0.000000
8966000,0.000000,0.000000,0.000000
8967000,0.000000,0.000000,0.000000
8968000,0.000000,0.000000,0.000000
8969000,0.000000,0.000000,0.000000
8970000,0.000000,0.000000,0.000000
8971000,0.000000,0.000000,0.000000
8972000,0.000000,0.000000,0.000000
8973000,0.000000,0.000000,0.000000
8974000,0.000000,0.000000,0.000000
8975000,0.000000,0.000000,0.000000
8976000,0.000000,0.000000,0.000000
8977000,0.000000,0.000000,0.000000
8978000,0.000000,0.000000,0.000000
8979000,0.000000,0.000000,0.000000
8980000,0.000000,0.000000,0.000000
8981000,0.000000,0.000000,0.000000
8982000,0.000000,0.000000,0.000000
8983000,0.000000,0.000000,0.000000
8984000,0.000000,0.000000,0.000000
8985000,0.000000,0.000000,0.000000
8986000,0.000000,0.000000,0.000000
8987000,0.000000,0.000000,0.000000
8988000,0.000000,0.000000,0.000000
8989000,0.000000,0.000000,0.000000
8990000,0.000000,0.000000,0.000000
8991000,0.000000,0.000000,0.000000
8992000,0.000000,0.000000,0.000000
8993000,0.000000,0.000000,0.000000
8994000,0.000000,0.000000,0.000000
8995000,0.000000,0.000000,0.000000
8996000,0.000000,0.000000,0.000000
8997000,0.000000,0.000000,0.000000
8998000,0.000000,0.000000,0.000000
8999000,0.000000,0.000000,0.000000
9000000,0.000000,0.000000,0.000000
9001000,0.000000,0.000000,0.000000
9002000,0.000000,0.000000,0.000000
9003000,0.000000,0.000000,0.000000
9004000,0.000000,0.000000,0.000000
9005000,0.000000,0.000000,0.000000
9006000,0.000000,0.000000,0.000000
9007000,0.000000,0.000000,0.000000
9008000,0.000000,0.000000,0.000000
9009000,0.000000,0.000000,0.000000
9010000,0.000000,0.000000,0.000000
9011000,0.000000,0.000000,0.000000
9012000,0.000000,0.000000,0.000000
9013000,0.000000,0.000000,0.000000
9014000,0.000000,0.000000,0.000000
9015000,0.000000,0.000000,0.000000
9016000,0.000000,0.000000,0.000000
9017000,0.000000,0.000000,0.000000
9018000,0.000000,0.000000,0.000000
9019000,0.000000,0.000000,0.000000
9020000,0.000000,0.000000,0.000000
9021000,0.000000,0.000000,0.000000
9022000,0.000000,0.000000,0.000000
9023000,0.000000,0.000000,0.000000
9024000,0.000000,0.000000,0.000000
9025000,0.000000,0.000000,0.000000
9026000,0.000000,0.000000,0.000000
9027000,0.000000,0.000000,0.000000
9028000,0.000000,0.000000,0.000000
9029000,0.000000,0.000000,0.000000
9030000,0.000000,0.000000,0.000000
9031000,0.000000,0.000000,0.000000
9032000,0.000000,0.000000,0.000000
9033000,0.000000,0.000000,0.000000
9034000,0.000000,0.000000,0.000000
9035000,0.000000,0.000000,0.000000
9036000,0.000000,0.000000,0.000000
9037000,0.000000,0.000000,0.000000
9038000,0.000000,0.000000,0.000000
9039000,0.000000,0.000000,0.000000
9040000,0.000000,0.000000,0.000000
9041000,0.000000,0.000000,0.000000
9042000,0.000000,0.000000,0.000000
9043000,0.000000,0.000000,0.000000
9044000,0.000000,0.000000,0.000000
9045000,0.000000,0.000000,0.000000
9046000,0.000000,0.000000,0.000000
9047000,0.000000,0.000000,0.000000
9048000,0.000000,0.000000,0.000000
9049000,0.000000,0.000000,0.000000
9050000,0.000000,0.000000,0.000000
9051000,0.000000,0.000000,0.000000
9052000,0.000000,0.000000,0.000000
9053000,0.000000,0.000000,0.000000
9054000,0.000000,0.000000,0.000000
9055000,0.000000,0.000000,0.000000
9056000,0.000000,0.000000,0.000000
9057000,0.000000,0.000000,0.000000
9058000,0.000000,0.000000,0.000000
9059000,0.000000,0.000000,0.000000
9060000,0.000000,0.000000,0.000000
9061000,0.000000,0.000000,0.000000
9062000,0.000000,0.000000,0.000000
9063000,0.000000,0.000000,0.000000
9064000,0.000000,0.000000,0.000000
9065000,0.000000,0.000000,0.000000
9066000,0.000000,0.000000,0.000000
9067000,0.000000,0.000000,0.000000
9068000,0.000000,0.000000,0.000000
9069000,0.000000,0.000000,0.000000
9070000,0.000000,0.000000,0.000000
9071000,0.000000,0.000000,0.000000
9072000,0.000000,0.000000,0.000000
9073000,0.000000,0.000000,0.000000
9074000,0.000000,0.000000,0.000000
9075000,0.000000,0.000000,0.000000
9076000,0.000000,0.000000,0.000000
9077000,0.000000,0.000000,0.000000
9078000,0.000000,0.000000,0.000000
9079000,0.000000,0.000000,0.000000
9080000,0.000000,0.000000,0.000000
9081000,0.000000,0.000000,0.000000
9082000,0.000000,0.000000,0.000000
9083000,0.000000,0.000000,0.000000
9084000,0.000000,0.000000,0.000000
9085000,0.000000,0.000000,0.000000
9086000,0.000000,0.000000,0.000000
9087000,0.000000,0.000000,0.000000
9088000,0.000000,0.000000,0.000000
9089000,0.000000,0.000000,0.000000
9090000,0.000000,0.000000,0.000000
9091000,0.000000,0.000000,0.000000
9092000,0.000000,0.000000,0.000000
9093000,0.000000,0.000000,0.000000
9094000,0.000000,0.000000,0.000000
9095000,0.000000,0.000000,0.000000
9096000,0.000000,0.000000,0.000000
9097000,0.000000,0.000000,0.000000
9098000,0.000000,0.000000,0.000000
9099000,0.000000,0.000000,0.000000
9100000,0.000000,0.000000,0.000000
9101000,0.000000,0.000000,0.000000
9102000,0.000000,0.000000,0.000000
9103000,0.000000,0.000000,0.000000
9104000,0.000000,0.000000,0.000000
9105000,0.000000,0.000000,0.000000
9106000,0.000000,0.000000,0.000000
9107000,0.000000,0.000000,0.000000
9108000,0.000000,0.000000,0.000000
9109000,0.000000,0.000000,0.000000
9110000,0.000000,0.000000,0.000000
9111000,0.000000,0.000000,0.000000
9112000,0.000000,0.000000,0.000000
9113000,0.000000,0.000000,0.000000
9114000,0.000000,0.000000,0.000000
9115000,0.000000,0.000000,0.000000
9116000,0.000000,0.000000,0.000000
9117000,0.000000,0.000000,0.000000
9118000,0.000000,0.000000,0.000000
9119000,0.000000,0.000000,0.000000
9120000,0.000000,0.000000,0.000000
9121000,0.000000,0.000000,0.000000
9122000,0.000000,0.000000,0.000000
9123000,0.000000,0.000000,0.000000
9124000,0.000000,0.000000,0.000000
9125000,0.000000,0.000000,0.000000
9126000,0.000000,0.000000,0.000000
9127000,0.000000,0.000000,0.000000
9128000,0.000000,0.000000,0.000000
9129000,0.000000,0.000000,0.000000
9130000,0.000000,0.000000,0.000000
9131000,0.000000,0.000000,0.000000
9132000,0.000000,0.000000,0.000000
9133000,0.000000,0.000000,0.000000
9134000,0.000000,0.000000,0.000000
9135000,0.000000,0.000000,0.000000
9136000,0.000000,0.000000,0.000000
9137000,0.000000,0.000000,0.000000
9138000,0.000000,0.000000,0.000000
9139000,0.000000,0.000000,0.000000
9140000,0.000000,0.000000,0.000000
9141000,0.000000,0.000000,0.000000
9142000,0.000000,0.000000,0.000000
9143000,0.000000,0.000000,0.000000
9144000,0.000000,0.000000,0.000000
9145000,0.000000,0.000000,0.000000
9146000,0.000000,0.000000,0.000000
9147000,0.000000,0.000000,0.000000
9148000,0.000000,0.000000,0.000000
9149000,0.000000,0.000000,0.000000
9150000,0.000000,0.000000,0.000000
9151000,0.000000,0.000000,0.000000
9152000,0.000000,0.000000,0.000000
9153000,0.000000,0.000000,0.000000
9154000,0.000000,0.000000,0.000000
9155000,0.000000,0.000000,0.000000
9156000,0.000000,0.000000,0.000000
9157000,0.000000,0.000000,0.000000
9158000,0.000000,0.000000,0.000000
9159000,0.000000,0.000000,0.000000
9160000,0.000000,0.000000,0.000000
9161000,0.000000,0.000000,0.000000
9162000,0.000000,0.000000,0.000000
9163000,0.000000,0.000000,0.000000
9164000,0.000000,0.000000,0.000000
9165000,0.000000,0.000000,0.000000
9166000,0.000000,0.000000,0.000000
9167000,0.000000,0.000000,0.000000
9168000,0.000000,0.000000,0.000000
9169000,0.000000,0.000000,0.000000
9170000,0.000000,0.000000,0.000000
9171000,0.000000,0.000000,0.000000
9172000,0.000000,0.000000,0.000000
9173000,0.000000,0.000000,0.000000
9174000,0.000000,0.000000,0.000000
9175000,0.000000,0.000000,0.000000
9176000,0.000000,0.000000,0.000000
9177000,0.000000,0.000000,0.000000
9178000,0.000000,0.000000,0.000000
9179000,0.000000,0.000000,0.000000
9180000,0.000000,0.000000,0.000000
9181000,0.000000,0.000000,0.000000
9182000,0.000000,0.000000,0.000000
9183000,0.000000,0.000000,0.000000
9184000,0.000000,0.000000,0.000000
9185000,0.000000,0.000000,0.000000
9186000,0.000000,0.000000,0.000000
9187000,0.000000,0.000000,0.000000
9188000,0.000000,0.000000,0.000000
9189000,0.000000,0.000000,0.000000
9190000,0.000000,0.000000,0.000000
9191000,0.000000,0.000000,0.000000
9192000,0.000000,0.000000,0.000000
9193000,0.000000,0.000000,0.000000
9194000,0.000000,0.000000,0.000000
9195000,0.000000,0.000000,0.000000
9196000,0.000000,0.000000,0.000000
9197000,0.000000,0.000000,0.000000
9198000,0.000000,0.000000,0.000000
9199000,0.000000,0.000000,0.000000
9200000,0.000000,0.000000,0.000000
9201000,0.000000,0.000000,0.000000
9202000,0.000000,0.000000,0.000000
9203000,0.000000,0.000000,0.000000
9204000,0.000000,0.000000,0.000000
9205000,0.000000,0.000000,0.000000
9206000,0.000000,0.000000,0.000000
9207000,0.000000,0.000000,0.000000
9208000,0.000000,0.000000,0.000000
9209000,0.000000,0.000000,0.000000
9210000,0.000000,0.000000,0.000000
9211000,0.000000,0.000000,0.000000
9212000,0.000000,0.000000,0.000000
9213000,0.000000,0.000000,0.000000
9214000,0.000000,0.000000,0.000000
9215000,0.000000,0.000000,0.000000
9216000,0.000000,0.000000,0.000000
9217000,0.000000,0.000000,0.000000
9218000,0.000000,0.000000,0.000000
9219000,0.000000,0.000000,0.000000
9220000,0.000000,0.000000,0.000000
9221000,0.000000,0.000000,0.000000
9222000,0.000000,0.000000,0.000000
9223000,0.000000,0.000000,0.000000
9224000,0.000000,0.000000,0.000000
9225000,0.000000,0.000000,0.000000
9226000,0.000000,0.000000,0.000000
9227000,0.000000,0.000000,0.000000
9228000,0.000000,0.000000,0.000000
9229000,0.000000,0.000000,0.000000
9230000,0.000000,0.000000,0.000000
9231000,0.000000,0.000000,0.000000
9232000,0.000000,0.000000,0.000000
9233000,0.000000,0.000000,0.000000
9234000,0.000000,0.000000,0.000000
9235000,0.000000,0.000000,0.000000
9236000,0.000000,0.000000,0.000000
9237000,0.000000,0.000000,0.000000
9238000,0.000000,0.000000,0.000000
9239000,0.000000,0.000000,0.000000
9240000,0.000000,0.000000,0.000000
9241000,0.000000,0.000000,0.000000
9242000,0.000000,0.000000,0.000000
9243000,0.000000,0.000000,0.000000
9244000,0.000000,0.000000,0.000000
9245000,0.000000,0.000000,0.000000
9246000,0.000000,0.000000,0.000000
9247000,0.000000,0.000000,0.000000
9248000,0.000000,0.000000,0.000000
9249000,0.000000,0.000000,0.000000
9250000,0.000000,0.000000,0.000000
9251000,0.000000,0.000000,0.000000
9252000,0.000000,0.000000,0.000000
9253000,0.000000,0.000000,0.000000
9254000,0.000000,0.000000,0.000000
9255000,0.000000,0.000000,0.000000
9256000,0.000000,0.000000,0.000000
9257000,0.000000,0.000000,0.000000
9258000,0.000000,0.000000,0.000000
9259000,0.000000,0.000000,0.000000
9260000,0.000000,0.000000,0.000000
9261000,0.000000,0.000000,0.000000
9262000,0.000000,0.000000,0.000000
9263000,0.000000,0.000000,0.000000
9264000,0.000000,0.000000,0.000000
9265000,0.000000,0.000000,0.000000
9266000,0.000000,0.000000,0.000000
9267000,0.000000,0.000000,0.000000
9268000,0.000000,0.000000,0.000000
9269000,0.000000,0.000000,0.000000
9270000,0.000000,0.000000,0.000000
9271000,0.000000,0.000000,0.000000
9272000,0.000000,0.000000,0.000000
9273000,0.000000,0.000000,0.000000
9274000,0.000000,0.000000,0.000000
9275000,0.000000,0.000000,0.000000
9276000,0.000000,0.000000,0.000000
9277000,0.000000,0.000000,0.000000
9278000,0.000000,0.000000,0.000000
9279000,0.000000,0.000000,0.000000
9280000,0.000000,0.000000,0.000000
9281000,0.000000,0.000000,0.000000
9282000,0.000000,0.000000,0.000000
9283000,0.000000,0.000000,0.000000
9284000,0.000000,0.000000,0.000000
9285000,0.000000,0.000000,0.000000
9286000,0.000000,0.000000,0.000000
9287000,0.000000,0.000000,0.000000
9288000,0.000000,0.000000,0.000000
9289000,0.000000,0.000000,0.000000
9290000,0.000000,0.000000,0.000000
9291000,0.000000,0.000000,0.000000
9292000,0.000000,0.000000,0.000000
9293000,0.000000,0.000000,0.000000
9294000,0.000000,0.000000,0.000000
9295000,0.000000,0.000000,0.000000
9296000,0.000000,0.000000,0.000000
9297000,0.000000,0.000000,0.000000
9298000,0.000000,0.000000,0.000000
9299000,0.000000,0.000000,0.000000
9300000,0.000000,0.000000,0.000000
9301000,0.000000,0.000000,0.000000
9302000,0.000000,0.000000,0.000000
9303000,0.000000,0.000000,0.000000
9304000,0.000000,0.000000,0.000000
9305000,0.000000,0.000000,0.000000
9306000,0.000000,0.000000,0.000000
9307000,0.000000,0.000000,0.000000
9308000,0.000000,0.000000,0.000000
9309000,0.000000,0.000000,0.000000
9310000,0.000000,0.000000,0.000000
9311000,0.000000,0.000000,0.000000
9312000,0.000000,0.000000,0.000000
9313000,0.000000,0.000000,0.000000
9314000,0.000000,0.000000,0.000000
9315000,0.000000,0.000000,0.000000
9316000,0.000000,0.000000,0.000000
9317000,0.000000,0.000000,0.000000
9318000,0.000000,0.000000,0.000000
9319000,0.000000,0.000000,0.000000
9320000,0.000000,0.000000,0.000000
9321000,0.000000,0.000000,0.000000
9322000,0.000000,0.000000,0.000000
9323000,0.000000,0.000000,0.000000
9324000,0.000000,0.000000,0.000000
9325000,0.000000,0.000000,0.000000
9326000,0.000000,0.000000,0.000000
9327000,0.000000,0.000000,0.000000
9328000,0.000000,0.000000,0.000000
9329000,0.000000,0.000000,0.000000
9330000,0.000000,0.000000,0.000000
9331000,0.000000,0.000000,0.000000
9332000,0.000000,0.000000,0.000000
9333000,0.000000,0.000000,0.000000
9334000,0.000000,0.000000,0.000000
9335000,0.000000,0.000000,0.000000
9336000,0.000000,0.000000,0.000000
9337000,0.000000,0.000000,0.000000
9338000,0.000000,0.000000,0.000000
9339000,0.000000,0.000000,0.000000
9340000,0.000000,0.000000,0.000000
9341000,0.000000,0.000000,0.000000
9342000,0.000000,0.000000,0.000000
9343000,0.000000,0.000000,0.000000
9344000,0.000000,0.000000,0.000000
9345000,0.000000,0.000000,0.000000
9346000,0.000000,0.000000,0.000000
9347000,0.000000,0.000000,0.000000
9348000,0.000000,0.000000,0.000000
9349000,0.000000,0.000000,0.000000
9350000,0.000000,0.000000,0.000000
9351000,0.000000,0.000000,0.000000
9352000,0.000000,0.000000,0.000000
9353000,0.000000,0.000000,0.000000
9354000,0.000000,0.000000,0.000000
9355000,0.000000,0.000000,0.000000
9356000,0.000000,0.000000,0.000000
9357000,0.000000,0.000000,0.000000
9358000,0.000000,0.000000,0.000000
9359000,0.000000,0.000000,0.000000
9360000,0.000000,0.000000,0.000000
9361000,0.000000,0.000000,0.000000
9362000,0.000000,0.000000,0.000000
9363000,0.000000,0.000000,0.000000
9364000,0.000000,0.000000,0.000000
9365000,0.000000,0.000000,0.000000
9366000,0.000000,0.000000,0.000000
9367000,0.000000,0.000000,0.000000
9368000,0.000000,0.000000,0.000000
9369000,0.000000,0.000000,0.000000
9370000,0.000000,0.000000,0.000000
9371000,0.000000,0.000000,0.000000
9372000,0.000000,0.000000,0.000000
9373000,0.000000,0.000000,0.000000
9374000,0.000000,0.000000,0.000000
9375000,0.000000,0.000000,0.000000
9376000,0.000000,0.000000,0.000000
9377000,0.000000,0.000000,0.000000
9378000,0.000000,0.000000,0.000000
9379000,0.000000,0.000000,0.000000
9380000,0.000000,0.000000,0.000000
9381000,0.000000,0.000000,0.000000
9382000,0.000000,0.000000,0.000000
9383000,0.000000,0.000000,0.000000
9384000,0.000000,0.000000,0.000000
9385000,0.000000,0.000000,0.000000
9386000,0.000000,0.000000,0.000000
9387000,0.000000,0.000000,0.000000
9388000,0.000000,0.000000,0.000000
9389000,0.000000,0.000000,0.000000
9390000,0.000000,0.000000,0.000000
9391000,0.000000,0.000000,0.000000
9392000,0.000000,0.000000,0.000000
9393000,0.000000,0.000000,0.000000
9394000,0.000000,0.000000,0.000000
9395000,0.000000,0.000000,0.000000
9396000,0.000000,0.000000,0.000000
9397000,0.000000,0.000000,0.000000
9398000,0.000000,0.000000,0.000000
9399000,0.000000,0.000000,0.000000
9400000,0.000000,0.000000,0.000000
9401000,0.000000,0.000000,0.000000
9402000,0.000000,0.000000,0.000000
9403000,0.000000,0.000000,0.000000
9404000,0.000000,0.000000,0.000000
9405000,0.000000,0.000000,0.000000
9406000,0.000000,0.000000,0.000000
9407000,0.000000,0.000000,0.000000
9408000,0.000000,0.000000,0.000000
9409000,0.000000,0.000000,0.000000
9410000,0.000000,0.000000,0.000000
9411000,0.000000,0.000000,0.000000
9412000,0.000000,0.000000,0.000000
9413000,0.000000,0.000000,0.000000
9414000,0.000000,0.000000,0.000000
9415000,0.000000,0.000000,0.000000
9416000,0.000000,0.000000,0.000000
9417000,0.000000,0.000000,0.000000
9418000,0.000000,0.000000,0.000000
9419000,0.000000,0.000000,0.000000
9420000,0.000000,0.000000,0.000000
9421000,0.000000,0.000000,0.000000
9422000,0.000000,0.000000,0.000000
9423000,0.000000,0.000000,0.000000
9424000,0.000000,0.000000,0.000000
9425000,0.000000,0.000000,0.000000
9426000,0.000000,0.000000,0.000000
9427000,0.000000,0.000000,0.000000
9428000,0.000000,0.000000,0.000000
9429000,0.000000,0.000000,0.000000
9430000,0.000000,0.000000,0.000000
9431000,0.000000,0.000000,0.000000
9432000,0.000000,0.000000,0.000000
9433000,0.000000,0.000000,0.000000
9434000,0.000000,0.000000,0.000000
9435000,0.000000,0.000000,0.000000
9436000,0.000000,0.000000,0.000000
9437000,0.000000,0.000000,0.000000
9438000,0.000000,0.000000,0.000000
9439000,0.000000,0.000000,0.000000
9440000,0.000000,0.000000,0.000000
9441000,0.000000,0.000000,0.000000
9442000,0.000000,0.000000,0.000000
9443000,0.000000,0.000000,0.000000
9444000,0.000000,0.000000,0.000000
9445000,0.000000,0.000000,0.000000
9446000,0.000000,0.000000,0.000000
9447000,0.000000,0.000000,0.000000
9448000,0.000000,0.000000,0.000000
9449000,0.000000,0.000000,0.000000
9450000,0.000000,0.000000,0.000000
9451000,0.000000,0.000000,0.000000
9452000,0.000000,0.000000,0.000000
9453000,0.000000,0.000000,0.000000
9454000,0.000000,0.000000,0.000000
9455000,0.000000,0.000000,0.000000
9456000,0.000000,0.000000,0.000000
9457000,0.000000,0.000000,0.000000
9458000,0.000000,0.000000,0.000000
9459000,0.000000,0.000000,0.000000
9460000,0.000000,0.000000,0.000000
9461000,0.000000,0.000000,0.000000
9462000,0.000000,0.000000,0.000000
9463000,0.000000,0.000000,0.000000
9464000,0.000000,0.000000,0.000000
9465000,0.000000,0.000000,0.000000
9466000,0.000000,0.000000,0.000000
9467000,0.000000,0.000000,0.000000
9468000,0.000000,0.000000,0.000000
9469000,0.000000,0.000000,0.000000
9470000,0.000000,0.000000,0.000000
9471000,0.000000,0.000000,0.000000
9472000,0.000000,0.000000,0.000000
9473000,0.000000,0.000000,0.000000
9474000,0.000000,0.000000,0.000000
9475000,0.000000,0.000000,0.000000
9476000,0.000000,0.000000,0.000000
9477000,0.000000,0.000000,0.000000
9478000,0.000000,0.000000,0.000000
9479000,0.000000,0.000000,0.000000
9480000,0.000000,0.000000,0.000000
9481000,0.000000,0.000000,0.000000
9482000,0.000000,0.000000,0.000000
9483000,0.000000,0.000000,0.000000
9484000,0.000000,0.000000,0.000000
9485000,0.000000,0.000000,0.000000
9486000,0.000000,0.000000,0.000000
9487000,0.000000,0.000000,0.000000
9488000,0.000000,0.000000,0.000000
9489000,0.000000,0.000000,0.000000
9490000,0.000000,0.000000,0.000000
9491000,0.000000,0.000000,0.000000
9492000,0.000000,0.000000,0.000000
9493000,0.000000,0.000000,0.000000
9494000,0.000000,0.000000,0.000000
9495000,0.000000,0.000000,0.000000
9496000,0.000000,0.000000,0.000000
9497000,0.000000,0.000000,0.000000
9498000,0.000000,0.000000,0.000000
9499000,0.000000,0.000000,0.000000
9500000,0.000000,0.000000,0.000000
9501000,0.000000,0.000000,0.000000
9502000,0.000000,0.000000,0.000000
9503000,0.000000,0.000000,0.000000
9504000,0.000000,0.000000,0.000000
9505000,0.000000,0.000000,0.000000
9506000,0.000000,0.000000,0.000000
9507000,0.000000,0.000000,0.000000
9508000,0.000000,0.000000,0.000000
9509000,0.000000,0.000000,0.000000
9510000,0.000000,0.000000,0.000000
9511000,0.000000,0.000000,0.000000
9512000,0.000000,0.000000,0.000000
9513000,0.000000,0.000000,0.000000
9514000,0.000000,0.000000,0.000000
9515000,0.000000,0.000000,0.000000
9516000,0.000000,0.000000,0.000000
9517000,0.000000,0.000000,0.000000
9518000,0.000000,0.000000,0.000000
9519000,0.000000,0.000000,0.000000
9520000,0.000000,0.000000,0.000000
9521000,0.000000,0.000000,0.000000
9522000,0.000000,0.000000,0.000000
9523000,0.000000,0.000000,0.000000
9524000,0.000000,0.000000,0.000000
9525000,0.000000,0.000000,0.000000
9526000,0.000000,0.000000,0.000000
9527000,0.000000,0.000000,0.000000
9528000,0.000000,0.000000,0.000000
9529000,0.000000,0.000000,0.000000
9530000,0.000000,0.000000,0.000000
9531000,0.000000,0.000000,0.000000
9532000,0.000000,0.000000,0.000000
9533000,0.000000,0.000000,0.000000
9534000,0.000000,0.000000,0.000000
9535000,0.000000,0.000000,0.000000
9536000,0.000000,0.000000,0.000000
9537000,0.000000,0.000000,0.000000
9538000,0.000000,0.000000,0.000000
9539000,0.000000,0.000000,0.000000
9540000,0.000000,0.000000,0.000000
9541000,0.000000,0.000000,0.000000
9542000,0.000000,0.000000,0.000000
9543000,0.000000,0.000000,0.000000
9544000,0.000000,0.000000,0.000000
9545000,0.000000,0.000000,0.000000
9546000,0.000000,0.000000,0.000000
9547000,0.000000,0.000000,0.000000
9548000,0.000000,0.000000,0.000000
9549000,0.000000,0.000000,0.000000
9550000,0.000000,0.000000,0.000000
9551000,0.000000,0.000000,0.000000
9552000,0.000000,0.000000,0.000000
9553000,0.000000,0.000000,0.000000
9554000,0.000000,0.000000,0.000000
9555000,0.000000,0.000000,0.000000
9556000,0.000000,0.000000,0.000000
9557000,0.000000,0.000000,0.000000
9558000,0.000000,0.000000,0.000000
9559000,0.000000,0.000000,0.000000
9560000,0.000000,0.000000,0.000000
9561000,0.000000,0.000000,0.000000
9562000,0.000000,0.000000,0.000000
9563000,0.000000,0.000000,0.000000
9564000,0.000000,0.000000,0.000000
9565000,0.000000,0.000000,0.000000
9566000,0.000000,0.000000,0.000000
9567000,0.000000,0.000000,0.000000
9568000,0.000000,0.000000,0.000000
9569000,0.000000,0.000000,0.000000
9570000,0.000000,0.000000,0.000000
9571000,0.000000,0.000000,0.000000
9572000,0.000000,0.000000,0.000000
9573000,0.000000,0.000000,0.000000
9574000,0.000000,0.000000,0.000000
9575000,0.000000,0.000000,0.000000
9576000,0.000000,0.000000,0.000000
9577000,0.000000,0.000000,0.000000
9578000,0.000000,0.000000,0.000000
9579000,0.000000,0.000000,0.000000
9580000,0.000000,0.000000,0.000000
9581000,0.000000,0.000000,0.000000
9582000,0.000000,0.000000,0.000000
9583000,0.000000,0.000000,0.000000
9584000,0.000000,0.000000,0.000000
9585000,0.000000,0.000000,0.000000
9586000,0.000000,0.000000,0.000000
9587000,0.000000,0.000000,0.000000
9588000,0.000000,0.000000,0.000000
9589000,0.000000,0.000000,0.000000
9590000,0.000000,0.000000,0.000000
9591000,0.000000,0.000000,0.000000
9592000,0.000000,0.000000,0.000000
9593000,0.000000,0.000000,0.000000
9594000,0.000000,0.000000,0.000000
9595000,0.000000,0.000000,0.000000
9596000,0.000000,0.000000,0.000000
9597000,0.000000,0.000000,0.000000
9598000,0.000000,0.000000,0.000000
9599000,0.000000,0.000000,0.000000
9600000,0.000000,0.000000,0.000000
9601000,0.000000,0.000000,0.000000
9602000,0.000000,0.000000,0.000000
9603000,0.000000,0.000000,0.000000
9604000,0.000000,0.000000,0.000000
9605000,0.000000,0.000000,0.000000
9606000,0.000000,0.000000,0.000000
9607000,0.000000,0.000000,0.000000
9608000,0.000000,0.000000,0.000000
9609000,0.000000,0.000000,0.000000
9610000,0.000000,0.000000,0.000000
9611000,0.000000,0.000000,0.000000
9612000,0.000000,0.000000,0.000000
9613000,0.000000,0.000000,0.000000
9614000,0.000000,0.000000,0.000000
9615000,0.000000,0.000000,0.000000
9616000,0.000000,0.000000,0.000000
9617000,0.000000,0.000000,0.000000
9618000,0.000000,0.000000,0.000000
9619000,0.000000,0.000000,0.000000
9620000,0.000000,0.000000,0.000000
9621000,0.000000,0.000000,0.000000
9622000,0.000000,0.000000,0.000000
9623000,0.000000,0.000000,0.000000
9624000,0.000000,0.000000,0.000000
9625000,0.000000,0.000000,0.000000
9626000,0.000000,0.000000,0.000000
9627000,0.000000,0.000000,0.000000
9628000,0.000000,0.000000,0.000000
9629000,0.000000,0.000000,0.000000
9630000,0.000000,0.000000,0.000000
9631000,0.000000,0.000000,0.000000
9632000,0.000000,0.000000,0.000000
9633000,0.000000,0.000000,0.000000
9634000,0.000000,0.000000,0.000000
9635000,0.000000,0.000000,0.000000
9636000,0.000000,0.000000,0.000000
9637000,0.000000,0.000000,0.000000
9638000,0.000000,0.000000,0.000000
9639000,0.000000,0.000000,0.000000
9640000,0.000000,0.000000,0.000000
9641000,0.000000,0.000000,0.000000
9642000,0.000000,0.000000,0.000000
9643000,0.000000,0.000000,0.000000
9644000,0.000000,0.000000,0.000000
9645000,0.000000,0.000000,0.000000
9646000,0.000000,0.000000,0.000000
9647000,0.000000,0.000000,0.000000
9648000,0.000000,0.000000,0.000000
9649000,0.000000,0.000000,0.000000
9650000,0.000000,0.000000,0.000000
9651000,0.000000,0.000000,0.000000
9652000,0.000000,0.000000,0.000000
9653000,0.000000,0.000000,0.000000
9654000,0.000000,0.000000,0.000000
9655000,0.000000,0.000000,0.000000
9656000,0.000000,0.000000,0.000000
9657000,0.000000,0.000000,0.000000
9658000,0.000000,0.000000,0.000000
9659000,0.000000,0.000000,0.000000
9660000,0.000000,0.000000,0.000000
9661000,0.000000,0.000000,0.000000
9662000,0.000000,0.000000,0.000000
9663000,0.000000,0.000000,0.000000
9664000,0.000000,0.000000,0.000000
9665000,0.000000,0.000000,0.000000
9666000,0.000000,0.000000,0.000000
9667000,0.000000,0.000000,0.000000
9668000,0.000000,0.000000,0.000000
9669000,0.000000,0.000000,0.000000
9670000,0.000000,0.000000,0.000000
9671000,0.000000,0.000000,0.000000
9672000,0.000000,0.000000,0.000000
9673000,0.000000,0.000000,0.000000
9674000,0.000000,0.000000,0.000000
9675000,0.000000,0.000000,0.000000
9676000,0.000000,0.000000,0.000000
9677000,0.000000,0.000000,0.000000
9678000,0.000000,0.000000,0.000000
9679000,0.000000,0.000000,0.000000
9680000,0.000000,0.000000,0.000000
9681000,0.000000,0.000000,0.000000
9682000,0.000000,0.000000,0.000000
9683000,0.000000,0.000000,0.000000
9684000,0.000000,0.000000,0.000000
9685000,0.000000,0.000000,0.000000
9686000,0.000000,0.000000,0.000000
9687000,0.000000,0.000000,0.000000
9688000,0.000000,0.000000,0.000000
9689000,0.000000,0.000000,0.000000
9690000,0.000000,0.000000,0.000000
9691000,0.000000,0.000000,0.000000
9692000,0.000000,0.000000,0.000000
9693000,0.000000,0.000000,0.000000
9694000,0.000000,0.000000,0.000000
9695000,0.000000,0.000000,0.000000
9696000,0.000000,0.000000,0.000000
9697000,0.000000,0.000000,0.000000
9698000,0.000000,0.000000,0.000000
9699000,0.000000,0.000000,0.000000
9700000,0.000000,0.000000,0.000000
9701000,0.000000,0.000000,0.000000
9702000,0.000000,0.000000,0.000000
9703000,0.000000,0.000000,0.000000
9704000,0.000000,0.000000,0.000000
9705000,0.000000,0.000000,0.000000
9706000,0.000000,0.000000,0.000000
9707000,0.000000,0.000000,0.000000
9708000,0.000000,0.000000,0.000000
9709000,0.000000,0.000000,0.000000
9710000,0.000000,0.000000,0.000000
9711000,0.000000,0.000000,0.000000
9712000,0.000000,0.000000,0.000000
9713000,0.000000,0.000000,0.000000
9714000,0.000000,0.000000,0.000000
9715000,0.000000,0.000000,0.000000
9716000,0.000000,0.000000,0.000000
9717000,0.000000,0.000000,0.000000
9718000,0.000000,0.000000,0.000000
9719000,0.000000,0.000000,0.000000
9720000,0.000000,0.000000,0.000000
9721000,0.000000,0.000000,0.000000
9722000,0.000000,0.000000,0.000000
9723000,0.000000,0.000000,0.000000
9724000,0.000000,0.000000,0.000000
9725000,0.000000,0.000000,0.000000
9726000,0.000000,0.000000,0.000000
9727000,0.000000,0.000000,0.000000
9728000,0.000000,0.000000,0.000000
9729000,0.000000,0.000000,0.000000
9730000,0.000000,0.000000,0.000000
9731000,0.000000,0.000000,0.000000
9732000,0.000000,0.000000,0.000000
9733000,0.000000,0.000000,0.000000
9734000,0.000000,0.000000,0.000000
9735000,0.000000,0.000000,0.000000
9736000,0.000000,0.000000,0.000000
9737000,0.000000,0.000000,0.000000
9738000,0.000000,0.000000,0.000000
9739000,0.000000,0.000000,0.000000
9740000,0.000000,0.000000,0.000000
9741000,0.000000,0.000000,0.000000
9742000,0.000000,0.000000,0.000000
9743000,0.000000,0.000000,0.000000
9744000,0.000000,0.000000,0.000000
9745000,0.000000,0.000000,0.000000
9746000,0.000000,0.000000,0.000000
9747000,0.000000,0.000000,0.000000
9748000,0.000000,0.000000,0.000000
9749000,0.000000,0.000000,0.000000
9750000,0.000000,0.000000,0.000000
9751000,0.000000,0.000000,0.000000
9752000,0.000000,0.000000,0.000000
9753000,0.000000,0.000000,0.000000
9754000,0.000000,0.000000,0.000000
9755000,0.000000,0.000000,0.000000
9756000,0.000000,0.000000,0.000000
9757000,0.000000,0.000000,0.000000
9758000,0.000000,0.000000,0.000000
9759000,0.000000,0.000000,0.000000
9760000,0.000000,0.000000,0.000000
9761000,0.000000,0.000000,0.000000
9762000,0.000000,0.000000,0.000000
9763000,0.000000,0.000000,0.000000
9764000,0.000000,0.000000,0.000000
9765000,0.000000,0.000000,0.000000
9766000,0.000000,0.000000,0.000000
9767000,0.000000,0.000000,0.000000
9768000,0.000000,0.000000,0.000000
9769000,0.000000,0.000000,0.000000
9770000,0.000000,0.000000,0.000000
9771000,0.000000,0.000000,0.000000
9772000,0.000000,0.000000,0.000000
9773000,0.000000,0.000000,0.000000
9774000,0.000000,0.000000,0.000000
9775000,0.000000,0.000000,0.000000
9776000,0.000000,0.000000,0.000000
9777000,0.000000,0.000000,0.000000
9778000,0.000000,0.000000,0.000000
9779000,0.000000,0.000000,0.000000
9780000,0.000000,0.000000,0.000000
9781000,0.000000,0.000000,0.000000
9782000,0.000000,0.000000,0.000000
9783000,0.000000,0.000000,0.000000
9784000,0.000000,0.000000,0.000000
9785000,0.000000,0.000000,0.000000
9786000,0.000000,0.000000,0.000000
9787000,0.000000,0.000000,0.000000
9788000,0.000000,0.000000,0.000000
9789000,0.000000,0.000000,0.000000
9790000,0.000000,0.000000,0.000000
9791000,0.000000,0.000000,0.000000
9792000,0.000000,0.000000,0.000000
9793000,0.000000,0.000000,0.000000
9794000,0.000000,0.000000,0.000000
9795000,0.000000,0.000000,0.000000
9796000,0.000000,0.000000,0.000000
9797000,0.000000,0.000000,0.000000
9798000,0.000000,0.000000,0.000000
9799000,0.000000,0.000000,0.000000
9800000,0.000000,0.000000,0.000000
9801000,0.000000,0.000000,0.000000
9802000,0.000000,0.000000,0.000000
9803000,0.000000,0.000000,0.000000
9804000,0.000000,0.000000,0.000000
9805000,0.000000,0.000000,0.000000
9806000,0.000000,0.000000,0.000000
9807000,0.000000,0.000000,0.000000
9808000,0.000000,0.000000,0.000000
9809000,0.000000,0.000000,0.000000
9810000,0.000000,0.000000,0.000000
9811000,0.000000,0.000000,0.000000
9812000,0.000000,0.000000,0.000000
9813000,0.000000,0.000000,0.000000
9814000,0.000000,0.000000,0.000000
9815000,0.000000,0.000000,0.000000
9816000,0.000000,0.000000,0.000000
9817000,0.000000,0.000000,0.000000
9818000,0.000000,0.000000,0.000000
9819000,0.000000,0.000000,0.000000
9820000,0.000000,0.000000,0.000000
9821000,0.000000,0.000000,0.000000
9822000,0.000000,0.000000,0.000000
9823000,0.000000,0.000000,0.000000
9824000,0.000000,0.000000,0.000000
9825000,0.000000,0.000000,0.000000
9826000,0.000000,0.000000,0.000000
9827000,0.000000,0.000000,0.000000
9828000,0.000000,0.000000,0.000000
9829000,0.000000,0.000000,0.000000
9830000,0.000000,0.000000,0.000000
9831000,0.000000,0.000000,0.000000
9832000,0.000000,0.000000,0.000000
9833000,0.000000,0.000000,0.000000
9834000,0.000000,0.000000,0.000000
9835000,0.000000,0.000000,0.000000
9836000,0.000000,0.000000,0.000000
9837000,0.000000,0.000000,0.000000
9838000,0.000000,0.000000,0.000000
9839000,0.000000,0.000000,0.000000
9840000,0.000000,0.000000,0.000000
9841000,0.000000,0.000000,0.000000
9842000,0.000000,0.000000,0.000000
9843000,0.000000,0.000000,0.000000
9844000,0.000000,0.000000,0.000000
9845000,0.000000,0.000000,0.000000
9846000,0.000000,0.000000,0.000000
9847000,0.000000,0.000000,0.000000
9848000,0.000000,0.000000,0.000000
9849000,0.000000,0.000000,0.000000
9850000,0.000000,0.000000,0.000000
9851000,0.000000,0.000000,0.000000
9852000,0.000000,0.000000,0.000000
9853000,0.000000,0.000000,0.000000
9854000,0.000000,0.000000,0.000000
9855000,0.000000,0.000000,0.000000
9856000,0.000000,0.000000,0.000000
9857000,0.000000,0.000000,0.000000
9858000,0.000000,0.000000,0.000000
9859000,0.000000,0.000000,0.000000
9860000,0.000000,0.000000,0.000000
9861000,0.000000,0.000000,0.000000
9862000,0.000000,0.000000,0.000000
9863000,0.000000,0.000000,0.000000
9864000,0.000000,0.000000,0.000000
9865000,0.000000,0.000000,0.000000
9866000,0.000000,0.000000,0.000000
9867000,0.000000,0.000000,0.000000
9868000,0.000000,0.000000,0.000000
9869000,0.000000,0.000000,0.000000
9870000,0.000000,0.000000,0.000000
9871000,0.000000,0.000000,0.000000
9872000,0.000000,0.000000,0.000000
9873000,0.000000,0.000000,0.000000
9874000,0.000000,0.000000,0.000000
9875000,0.000000,0.000000,0.000000
9876000,0.000000,0.000000,0.000000
9877000,0.000000,0.000000,0.000000
9878000,0.000000,0.000000,0.000000
9879000,0.000000,0.000000,0.000000
9880000,0.000000,0.000000,0.000000
9881000,0.000000,0.000000,0.000000
9882000,0.000000,0.000000,0.000000
9883000,0.000000,0.000000,0.000000
9884000,0.000000,0.000000,0.000000
9885000,0.000000,0.000000,0.000000
9886000,0.000000,0.000000,0.000000
9887000,0.000000,0.000000,0.000000
9888000,0.000000,0.000000,0.000000
9889000,0.000000,0.000000,0.000000
9890000,0.000000,0.000000,0.000000
9891000,0.000000,0.000000,0.000000
9892000,0.000000,0.000000,0.000000
9893000,0.000000,0.000000,0.000000
9894000,0.000000,0.000000,0.000000
9895000,0.000000,0.000000,0.000000
9896000,0.000000,0.000000,0.000000
9897000,0.000000,0.000000,0.000000
9898000,0.000000,0.000000,0.000000
9899000,0.000000,0.000000,0.000000
9900000,0.000000,0.000000,0.000000
9901000,0.000000,0.000000,0.000000
9902000,0.000000,0.000000,0.000000
9903000,0.000000,0.000000,0.000000
9904000,0.000000,0.000000,0.000000
9905000,0.000000,0.000000,0.000000
9906000,0.000000,0.000000,0.000000
9907000,0.000000,0.000000,0.000000
9908000,0.000000,0.000000,0.000000
9909000,0.000000,0.000000,0.000000
9910000,0.000000,0.000000,0.000000
9911000,0.000000,0.000000,0.000000
9912000,0.000000,0.000000,0.000000
9913000,0.000000,0.000000,0.000000
9914000,0.000000,0.000000,0.000000
9915000,0.000000,0.000000,0.000000
9916000,0.000000,0.000000,0.000000
9917000,0.000000,0.000000,0.000000
9918000,0.000000,0.000000,0.000000
9919000,0.000000,0.000000,0.000000
9920000,0.000000,0.000000,0.000000
9921000,0.000000,0.000000,0.000000
9922000,0.000000,0.000000,0.000000
9923000,0.000000,0.000000,0.000000
9924000,0.000000,0.000000,0.000000
9925000,0.000000,0.000000,0.000000
9926000,0.000000,0.000000,0.000000
9927000,0.000000,0.000000,0.000000
9928000,0.000000,0.000000,0.000000
9929000,0.000000,0.000000,0.000000
9930000,0.000000,0.000000,0.000000
9931000,0.000000,0.000000,0.000000
9932000,0.000000,0.000000,0.000000
9933000,0.000000,0.000000,0.000000
9934000,0.000000,0.000000,0.000000
9935000,0.000000,0.000000,0.000000
9936000,0.000000,0.000000,0.000000
9937000,0.000000,0.000000,0.000000
9938000,0.000000,0.000000,0.000000
9939000,0.000000,0.000000,0.000000
9940000,0.000000,0.000000,0.000000
9941000,0.000000,0.000000,0.000000
9942000,0.000000,0.000000,0.000000
9943000,0.000000,0.000000,0.000000
9944000,0.000000,0.000000,0.000000
9945000,0.000000,0.000000,0.000000
9946000,0.000000,0.000000,0.000000
9947000,0.000000,0.000000,0.000000
9948000,0.000000,0.000000,0.000000
9949000,0.000000,0.000000,0.000000
9950000,0.000000,0.000000,0.000000
9951000,0.000000,0.000000,0.000000
9952000,0.000000,0.000000,0.000000
9953000,0.000000,0.000000,0.000000
9954000,0.000000,0.000000,0.000000
9955000,0.000000,0.000000,0.000000
9956000,0.000000,0.000000,0.000000
9957000,0.000000,0.000000,0.000000
9958000,0.000000,0.000000,0.000000
9959000,0.000000,0.000000,0.000000
9960000,0.000000,0.000000,0.000000
9961000,0.000000,0.000000,0.000000
9962000,0.000000,0.000000,0.000000
9963000,0.000000,0.000000,0.000000
9964000,0.000000,0.000000,0.000000
9965000,0.000000,0.000000,0.000000
9966000,0.000000,0.000000,0.000000
9967000,0.000000,0.000000,0.000000
9968000,0.000000,0.000000,0.000000
9969000,0.000000,0.000000,0.000000
9970000,0.000000,0.000000,0.000000
9971000,0.000000,0.000000,0.000000
9972000,0.000000,0.000000,0.000000
9973000,0.000000,0.000000,0.000000
9974000,0.000000,0.000000,0.000000
9975000,0.000000,0.000000,0.000000
9976000,0.000000,0.000000,0.000000
9977000,0.000000,0.000000,0.000000
9978000,0.000000,0.000000,0.000000
9979000,0.000000,0.000000,0.000000
9980000,0.000000,0.000000,0.000000
9981000,0.000000,0.000000,0.000000
9982000,0.000000,0.000000,0.000000
9983000,0.000000,0.000000,0.000000
9984000,0.000000,0.000000,0.000000
9985000,0.000000,0.000000,0.000000
9986000,0.000000,0.000000,0.000000
9987000,0.000000,0.000000,0.000000
9988000,0.000000,0.000000,0.000000
9989000,0.000000,0.000000,0.000000
9990000,0.000000,0.000000,0.000000
9991000,0.000000,0.000000,0.000000
9992000,0.000000,0.000000,0.000000
9993000,0.000000,0.000000,0.000000
9994000,0.000000,0.000000,0.000000
9995000,0.000000,0.000000,0.000000
9996000,0.000000,0.000000,0.000000
9997000,0.000000,0.000000,0.000000
9998000,0.000000,0.000000,0.000000
9999000,0.000000,0.000000,0.000000
10000000,0.000000,0.000000,0.000000
10001000,0.000000,0.000000,0.000000
10002000,0.000000,0.000000,0.000000
10003000,0.000000,0.000000,0.000000
10004000,0.000000,0.000000,0.000000
10005000,0.000000,0.000000,0.000000
10006000,0.000000,0.000000,0.000000
10007000,0.000000,0.000000,0.000000
10008000,0.000000,0.000000,0.000000
10009000,0.000000,0.000000,0.000000
10010000,0.000000,0.000000,0.000000
10011000,0.000000,0.000000,0.000000
10012000,0.000000,0.000000,0.000000
10013000,0.000000,0.000000,0.000000
10014000,0.000000,0.000000,0.000000
10015000,0.000000,0.000000,0.000000
10016000,0.000000,0.000000,0.000000
10017000,0.000000,0.000000,0.000000
10018000,0.000000,0.000000,0.000000
10019000,0.000000,0.000000,0.000000
10020000,0.000000,0.000000,0.000000
10021000,0.000000,0.000000,0.000000
10022000,0.000000,0.000000,0.000000
10023000,0.000000,0.000000,0.000000
10024000,0.000000,0.000000,0.000000
10025000,0.000000,0.000000,0.000000
10026000,0.000000,0.000000,0.000000
10027000,0.000000,0.000000,0.000000
10028000,0.000000,0.000000,0.000000
10029000,0.000000,0.000000,0.000000
10030000,0.000000,0.000000,0.000000
10031000,0.000000,0.000000,0.000000
10032000,0.000000,0.000000,0.000000
10033000,0.000000,0.000000,0.000000
10034000,0.000000,0.000000,0.000000
10035000,0.000000,0.000000,0.000000
10036000,0.000000,0.000000,0.000000
10037000,0.000000,0.000000,0.000000
10038000,0.000000,0.000000,0.000000
10039000,0.000000,0.000000,0.000000
10040000,0.000000,0.000000,0.000000
10041000,0.000000,0.000000,0.000000
10042000,0.000000,0.000000,0.000000
10043000,0.000000,0.000000,0.000000
10044000,0.000000,0.000000,0.000000
10045000,0.000000,0.000000,0.000000
10046000,0.000000,0.000000,0.000000
10047000,0.000000,0.000000,0.000000
10048000,0.000000,0.000000,0.000000
10049000,0.000000,0.000000,0.000000
10050000,0.000000,0.000000,0.000000
10051000,0.000000,0.000000,0.000000
10052000,0.000000,0.000000,0.000000
10053000,0.000000,0.000000,0.000000
10054000,0.000000,0.000000,0.000000
10055000,0.000000,0.000000,0.000000
10056000,0.000000,0.000000,0.000000
10057000,0.000000,0.000000,0.000000
10058000,0.000000,0.000000,0.000000
10059000,0.000000,0.000000,0.000000
10060000,0.000000,0.000000,0.000000
10061000,0.000000,0.000000,0.000000
10062000,0.000000,0.000000,0.000000
10063000,0.000000,0.000000,0.000000
10064000,0.000000,0.000000,0.000000
10065000,0.000000,0.000000,0.000000
10066000,0.000000,0.000000,0.000000
10067000,0.000000,0.000000,0.000000
10068000,0.000000,0.000000,0.000000
10069000,0.000000,0.000000,0.000000
10070000,0.000000,0.000000,0.000000
10071000,0.000000,0.000000,0.000000
10072000,0.000000,0.000000,0.000000
10073000,0.000000,0.000000,0.000000
10074000,0.000000,0.000000,0.000000
10075000,0.000000,0.000000,0.000000
10076000,0.000000,0.000000,0.000000
10077000,0.000000,0.000000,0.000000
10078000,0.000000,0.000000,0.000000
10079000,0.000000,0.000000,0.000000
10080000,0.000000,0.000000,0.000000
10081000,0.000000,0.000000,0.000000
10082000,0.000000,0.000000,0.000000
10083000,0.000000,0.000000,0.000000
10084000,0.000000,0.000000,0.000000
10085000,0.000000,0.000000,0.000000
10086000,0.000000,0.000000,0.000000
10087000,0.000000,0.000000,0.000000
10088000,0.000000,0.000000,0.000000
10089000,0.000000,0.000000,0.000000
10090000,0.000000,0.000000,0.000000
10091000,0.000000,0.000000,0.000000
10092000,0.000000,0.000000,0.000000
10093000,0.000000,0.000000,0.000000
10094000,0.000000,0.000000,0.000000
10095000,0.000000,0.000000,0.000000
10096000,0.000000,0.000000,0.000000
10097000,0.000000,0.000000,0.000000
10098000,0.000000,0.000000,0.000000
10099000,0.000000,0.000000,0.000000
10100000,0.000000,0.000000,0.000000
10101000,0.000000,0.000000,0.000000
10102000,0.000000,0.000000,0.000000
10103000,0.000000,0.000000,0.000000
10104000,0.000000,0.000000,0.000000
10105000,0.000000,0.000000,0.000000
10106000,0.000000,0.000000,0.000000
10107000,0.000000,0.000000,0.000000
10108000,0.000000,0.000000,0.000000
10109000,0.000000,0.000000,0.000000
10110000,0.000000,0.000000,0.000000
10111000,0.000000,0.000000,0.000000
10112000,0.000000,0.000000,0.000000
10113000,0.000000,0.000000,0.000000
10114000,0.000000,0.000000,0.000000
10115000,0.000000,0.000000,0.000000
10116000,0.000000,0.000000,0.000000
10117000,0.000000,0.000000,0.000000
10118000,0.000000,0.000000,0.000000
10119000,0.000000,0.000000,0.000000
10120000,0.000000,0.000000,0.000000
10121000,0.000000,0.000000,0.000000
10122000,0.000000,0.000000,0.000000
10123000,0.000000,0.000000,0.000000
10124000,0.000000,0.000000,0.000000
10125000,0.000000,0.000000,0.000000
10126000,0.000000,0.000000,0.000000
10127000,0.000000,0.000000,0.000000
10128000,0.000000,0.000000,0.000000
10129000,0.000000,0.000000,0.000000
10130000,0.000000,0.000000,0.000000
10131000,0.000000,0.000000,0.000000
10132000,0.000000,0.000000,0.000000
10133000,0.000000,0.000000,0.000000
10134000,0.000000,0.000000,0.000000
10135000,0.000000,0.000000,0.000000
10136000,0.000000,0.000000,0.000000
10137000,0.000000,0.000000,0.000000
10138000,0.000000,0.000000,0.000000
10139000,0.000000,0.000000,0.000000
10140000,0.000000,0.000000,0.000000
10141000,0.000000,0.000000,0.000000
10142000,0.000000,0.000000,0.000000
10143000,0.000000,0.000000,0.000000
10144000,0.000000,0.000000,0.000000
10145000,0.000000,0.000000,0.000000
10146000,0.000000,0.000000,0.000000
10147000,0.000000,0.000000,0.000000
10148000,0.000000,0.000000,0.000000
10149000,0.000000,0.000000,0.000000
10150000,0.000000,0.000000,0.000000
10151000,0.000000,0.000000,0.000000
10152000,0.000000,0.000000,0.000000
10153000,0.000000,0.000000,0.000000
10154000,0.000000,0.000000,0.000000
10155000,0.000000,0.000000,0.000000
10156000,0.000000,0.000000,0.000000
10157000,0.000000,0.000000,0.000000
10158000,0.000000,0.000000,0.000000
10159000,0.000000,0.000000,0.000000
10160000,0.000000,0.000000,0.000000
10161000,0.000000,0.000000,0.000000
10162000,0.000000,0.000000,0.000000
10163000,0.000000,0.000000,0.000000
10164000,0.000000,0.000000,0.000000
10165000,0.000000,0.000000,0.000000
10166000,0.000000,0.000000,0.000000
10167000,0.000000,0.000000,0.000000
10168000,0.000000,0.000000,0.000000
10169000,0.000000,0.000000,0.000000
10170000,0.000000,0.000000,0.000000
10171000,0.000000,0.000000,0.000000
10172000,0.000000,0.000000,0.000000
10173000,0.000000,0.000000,0.000000
10174000,0.000000,0.000000,0.000000
10175000,0.000000,0.000000,0.000000
10176000,0.000000,0.000000,0.000000
10177000,0.000000,0.000000,0.000000
10178000,0.000000,0.000000,0.000000
10179000,0.000000,0.000000,0.000000
10180000,0.000000,0.000000,0.000000
10181000,0.000000,0.000000,0.000000
10182000,0.000000,0.000000,0.000000
10183000,0.000000,0.000000,0.000000
10184000,0.000000,0.000000,0.000000
10185000,0.000000,0.000000,0.000000
10186000,0.000000,0.000000,0.000000
10187000,0.000000,0.000000,0.000000
10188000,0.000000,0.000000,0.000000
10189000,0.000000,0.000000,0.000000
10190000,0.000000,0.000000,0.000000
10191000,0.000000,0.000000,0.000000
10192000,0.000000,0.000000,0.000000
10193000,0.000000,0.000000,0.000000
10194000,0.000000,0.000000,0.000000
10195000,0.000000,0.000000,0.000000
10196000,0.000000,0.000000,0.000000
10197000,0.000000,0.000000,0.000000
10198000,0.000000,0.000000,0.000000
10199000,0.000000,0.000000,0.000000
10200000,0.000000,0.000000,0.000000
10201000,0.000000,0.000000,0.000000
10202000,0.000000,0.000000,0.000000
10203000,0.000000,0.000000,0.000000
10204000,0.000000,0.000000,0.000000
10205000,0.000000,0.000000,0.000000
10206000,0.000000,0.000000,0.000000
10207000,0.000000,0.000000,0.000000
10208000,0.000000,0.000000,0.000000
10209000,0.000000,0.000000,0.000000
10210000,0.000000,0.000000,0.000000
10211000,0.000000,0.000000,0.000000
10212000,0.000000,0.000000,0.000000
10213000,0.000000,0.000000,0.000000
10214000,0.000000,0.000000,0.000000
10215000,0.000000,0.000000,0.000000
10216000,0.000000,0.000000,0.000000
10217000,0.000000,0.000000,0.000000
10218000,0.000000,0.000000,0.000000
10219000,0.000000,0.000000,0.000000
10220000,0.000000,0.000000,0.000000
10221000,0.000000,0.000000,0.000000
10222000,0.000000,0.000000,0.000000
10223000,0.000000,0.000000,0.000000
10224000,0.000000,0.000000,0.000000
10225000,0.000000,0.000000,0.000000
10226000,0.000000,0.000000,0.000000
10227000,0.000000,0.000000,0.000000
10228000,0.000000,0.000000,0.000000
10229000,0.000000,0.000000,0.000000
10230000,0.000000,0.000000,0.000000
10231000,0.000000,0.000000,0.000000
10232000,0.000000,0.000000,0.000000
10233000,0.000000,0.000000,0.000000
10234000,0.000000,0.000000,0.000000
10235000,0.000000,0.000000,0.000000
10236000,0.000000,0.000000,0.000000
10237000,0.000000,0.000000,0.000000
10238000,0.000000,0.000000,0.000000
10239000,0.000000,0.000000,0.000000
10240000,0.000000,0.000000,0.000000
10241000,0.000000,0.000000,0.000000
10242000,0.000000,0.000000,0.000000
10243000,0.000000,0.000000,0.000000
10244000,0.000000,0.000000,0.000000
10245000,0.000000,0.000000,0.000000
10246000,0.000000,0.000000,0.000000
10247000,0.000000,0.000000,0.000000
10248000,0.000000,0.000000,0.000000
10249000,0.000000,0.000000,0.000000
10250000,0.000000,0.000000,0.000000
10251000,0.000000,0.000000,0.000000
10252000,0.000000,0.000000,0.000000
10253000,0.000000,0.000000,0.000000
10254000,0.000000,0.000000,0.000000
10255000,0.000000,0.000000,0.000000
10256000,0.000000,0.000000,0.000000
10257000,0.000000,0.000000,0.000000
10258000,0.000000,0.000000,0.000000
10259000,0.000000,0.000000,0.000000
10260000,0.000000,0.000000,0.000000
10261000,0.000000,0.000000,0.000000
10262000,0.000000,0.000000,0.000000
10263000,0.000000,0.000000,0.000000
10264000,0.000000,0.000000,0.000000
10265000,0.000000,0.000000,0.000000
10266000,0.000000,0.000000,0.000000
10267000,0.000000,0.000000,0.000000
10268000,0.000000,0.000000,0.000000
10269000,0.000000,0.000000,0.000000
10270000,0.000000,0.000000,0.000000
10271000,0.000000,0.000000,0.000000
10272000,0.000000,0.000000,0.000000
10273000,0.000000,0.000000,0.000000
10274000,0.000000,0.000000,0.000000
10275000,0.000000,0.000000,0.000000
10276000,0.000000,0.000000,0.000000
10277000,0.000000,0.000000,0.000000
10278000,0.000000,0.000000,0.000000
10279000,0.000000,0.000000,0.000000
10280000,0.000000,0.000000,0.000000
10281000,0.000000,0.000000,0.000000
10282000,0.000000,0.000000,0.000000
10283000,0.000000,0.000000,0.000000
10284000,0.000000,0.000000,0.000000
10285000,0.000000,0.000000,0.000000
10286000,0.000000,0.000000,0.000000
10287000,0.000000,0.000000,0.000000
10288000,0.000000,0.000000,0.000000
10289000,0.000000,0.000000,0.000000
10290000,0.000000,0.000000,0.000000
10291000,0.000000,0.000000,0.000000
10292000,0.000000,0.000000,0.000000
10293000,0.000000,0.000000,0.000000
10294000,0.000000,0.000000,0.000000
10295000,0.000000,0.000000,0.000000
10296000,0.000000,0.000000,0.000000
10297000,0.000000,0.000000,0.000000
10298000,0.000000,0.000000,0.000000
10299000,0.000000,0.000000,0.000000
10300000,0.000000,0.000000,0.000000
10301000,0.000000,0.000000,0.000000
10302000,0.000000,0.000000,0.000000
10303000,0.000000,0.000000,0.000000
10304000,0.000000,0.000000,0.000000
10305000,0.000000,0.000000,0.000000
10306000,0.000000,0.000000,0.000000
10307000,0.000000,0.000000,0.000000
10308000,0.000000,0.000000,0.000000
10309000,0.000000,0.000000,0.000000
10310000,0.000000,0.000000,0.000000
10311000,0.000000,0.000000,0.000000
10312000,0.000000,0.000000,0.000000
10313000,0.000000,0.000000,0.000000
10314000,0.000000,0.000000,0.000000
10315000,0.000000,0.000000,0.000000
10316000,0.000000,0.000000,0.000000
10317000,0.000000,0.000000,0.000000
10318000,0.000000,0.000000,0.000000
10319000,0.000000,0.000000,0.000000
10320000,0.000000,0.000000,0.000000
10321000,0.000000,0.000000,0.000000
10322000,0.000000,0.000000,0.000000
10323000,0.000000,0.000000,0.000000
10324000,0.000000,0.000000,0.000000
10325000,0.000000,0.000000,0.000000
10326000,0.000000,0.000000,0.000000
10327000,0.000000,0.000000,0.000000
10328000,0.000000,0.000000,0.000000
10329000,0.000000,0.000000,0.000000
10330000,0.000000,0.000000,0.000000
10331000,0.000000,0.000000,0.000000
10332000,0.000000,0.000000,0.000000
10333000,0.000000,0.000000,0.000000
10334000,0.000000,0.000000,0.000000
10335000,0.000000,0.000000,0.000000
10336000,0.000000,0.000000,0.000000
10337000,0.000000,0.000000,0.000000
10338000,0.000000,0.000000,0.000000
10339000,0.000000,0.000000,0.000000
10340000,0.000000,0.000000,0.000000
10341000,0.000000,0.000000,0.000000
10342000,0.000000,0.000000,0.000000
10343000,0.000000,0.000000,0.000000
10344000,0.000000,0.000000,0.000000
10345000,0.000000,0.000000,0.000000
10346000,0.000000,0.000000,0.000000
10347000,0.000000,0.000000,0.000000
10348000,0.000000,0.000000,0.000000
10349000,0.000000,0.000000,0.000000
10350000,0.000000,0.000000,0.000000
10351000,0.000000,0.000000,0.000000
10352000,0.000000,0.000000,0.000000
10353000,0.000000,0.000000,0.000000
10354000,0.000000,0.000000,0.000000
10355000,0.000000,0.000000,0.000000
10356000,0.000000,0.000000,0.000000
10357000,0.000000,0.000000,0.000000
10358000,0.000000,0.000000,0.000000
10359000,0.000000,0.000000,0.000000
10360000,0.000000,0.000000,0.000000
10361000,0.000000,0.000000,0.000000
10362000,0.000000,0.000000,0.000000
10363000,0.000000,0.000000,0.000000
10364000,0.000000,0.000000,0.000000
10365000,0.000000,0.000000,0.000000
10366000,0.000000,0.000000,0.000000
10367000,0.000000,0.000000,0.000000
10368000,0.000000,0.000000,0.000000
10369000,0.000000,0.000000,0.000000
10370000,0.000000,0.000000,0.000000
10371000,0.000000,0.000000,0.000000
10372000,0.000000,0.000000,0.000000
10373000,0.000000,0.000000,0.000000
10374000,0.000000,0.000000,0.000000
10375000,0.000000,0.000000,0.000000
10376000,0.000000,0.000000,0.000000
10377000,0.000000,0.000000,0.000000
10378000,0.000000,0.000000,0.000000
10379000,0.000000,0.000000,0.000000
10380000,0.000000,0.000000,0.000000
10381000,0.000000,0.000000,0.000000
10382000,0.000000,0.000000,0.000000
10383000,0.000000,0.000000,0.000000
10384000,0.000000,0.000000,0.000000
10385000,0.000000,0.000000,0.000000
10386000,0.000000,0.000000,0.000000
10387000,0.000000,0.000000,0.000000
10388000,0.000000,0.000000,0.000000
10389000,0.000000,0.000000,0.000000
10390000,0.000000,0.000000,0.000000
10391000,0.000000,0.000000,0.000000
10392000,0.000000,0.000000,0.000000
10393000,0.000000,0.000000,0.000000
10394000,0.000000,0.000000,0.000000
10395000,0.000000,0.000000,0.000000
10396000,0.000000,0.000000,0.000000
10397000,0.000000,0.000000,0.000000
10398000,0.000000,0.000000,0.000000
10399000,0.000000,0.000000,0.000000
10400000,0.000000,0.000000,0.000000
10401000,0.000000,0.000000,0.000000
10402000,0.000000,0.000000,0.000000
10403000,0.000000,0.000000,0.000000
10404000,0.000000,0.000000,0.000000
10405000,0.000000,0.000000,0.000000
10406000,0.000000,0.000000,0.000000
10407000,0.000000,0.000000,0.000000
10408000,0.000000,0.000000,0.000000
10409000,0.000000,0.000000,0.000000
10410000,0.000000,0.000000,0.000000
10411000,0.000000,0.000000,0.000000
10412000,0.000000,0.000000,0.000000
10413000,0.000000,0.000000,0.000000
10414000,0.000000,0.000000,0.000000
10415000,0.000000,0.000000,0.000000
10416000,0.000000,0.000000,0.000000
10417000,0.000000,0.000000,0.000000
10418000,0.000000,0.000000,0.000000
10419000,0.000000,0.000000,0.000000
10420000,0.000000,0.000000,0.000000
10421000,0.000000,0.000000,0.000000
10422000,0.000000,0.000000,0.000000
10423000,0.000000,0.000000,0.000000
10424000,0.000000,0.000000,0.000000
10425000,0.000000,0.000000,0.000000
10426000,0.000000,0.000000,0.000000
10427000,0.000000,0.000000,0.000000
10428000,0.000000,0.000000,0.000000
10429000,0.000000,0.000000,0.000000
10430000,0.000000,0.000000,0.000000
10431000,0.000000,0.000000,0.000000
10432000,0.000000,0.000000,0.000000
10433000,0.000000,0.000000,0.000000
10434000,0.000000,0.000000,0.000000
10435000,0.000000,0.000000,0.000000
10436000,0.000000,0.000000,0.000000
10437000,0.000000,0.000000,0.000000
10438000,0.000000,0.000000,0.000000
10439000,0.000000,0.000000,0.000000
10440000,0.000000,0.000000,0.000000
10441000,0.000000,0.000000,0.000000
10442000,0.000000,0.000000,0.000000
10443000,0.000000,0.000000,0.000000
10444000,0.000000,0.000000,0.000000
10445000,0.000000,0.000000,0.000000
10446000,0.000000,0.000000,0.000000
10447000,0.000000,0.000000,0.000000
10448000,0.000000,0.000000,0.000000
10449000,0.000000,0.000000,0.000000
10450000,0.000000,0.000000,0.000000
10451000,0.000000,0.000000,0.000000
10452000,0.000000,0.000000,0.000000
10453000,0.000000,0.000000,0.000000
10454000,0.000000,0.000000,0.000000
10455000,0.000000,0.000000,0.000000
10456000,0.000000,0.000000,0.000000
10457000,0.000000,0.000000,0.000000
10458000,0.000000,0.000000,0.000000
10459000,0.000000,0.000000,0.000000
10460000,0.000000,0.000000,0.000000
10461000,0.000000,0.000000,0.000000
10462000,0.000000,0.000000,0.000000
10463000,0.000000,0.000000,0.000000
10464000,0.000000,0.000000,0.000000
10465000,0.000000,0.000000,0.000000
10466000,0.000000,0.000000,0.000000
10467000,0.000000,0.000000,0.000000
10468000,0.000000,0.000000,0.000000
10469000,0.000000,0.000000,0.000000
10470000,0.000000,0.000000,0.000000
10471000,0.000000,0.000000,0.000000
10472000,0.000000,0.000000,0.000000
10473000,0.000000,0.000000,0.000000
10474000,0.000000,0.000000,0.000000
10475000,0.000000,0.000000,0.000000
10476000,0.000000,0.000000,0.000000
10477000,0.000000,0.000000,0.000000
10478000,0.000000,0.000000,0.000000
10479000,0.000000,0.000000,0.000000
10480000,0.000000,0.000000,0.000000
10481000,0.000000,0.000000,0.000000
10482000,0.000000,0.000000,0.000000
10483000,0.000000,0.000000,0.000000
10484000,0.000000,0.000000,0.000000
10485000,0.000000,0.000000,0.000000
10486000,0.000000,0.000000,0.000000
10487000,0.000000,0.000000,0.000000
10488000,0.000000,0.000000,0.000000
10489000,0.000000,0.000000,0.000000
10490000,0.000000,0.000000,0.000000
10491000,0.000000,0.000000,0.000000
10492000,0.000000,0.000000,0.000000
10493000,0.000000,0.000000,0.000000
10494000,0.000000,0.000000,0.000000
10495000,0.000000,0.000000,0.000000
10496000,0.000000,0.000000,0.000000
10497000,0.000000,0.000000,0.000000
10498000,0.000000,0.000000,0.000000
10499000,0.000000,0.000000,0.000000
10500000,0.000000,0.000000,0.000000
10501000,0.000000,0.000000,0.000000
10502000,0.000000,0.000000,0.000000
10503000,0.000000,0.000000,0.000000
10504000,0.000000,0.000000,0.000000
10505000,0.000000,0.000000,0.000000
10506000,0.000000,0.000000,0.000000
10507000,0.000000,0.000000,0.000000
10508000,0.000000,0.000000,0.000000
10509000,0.000000,0.000000,0.000000
10510000,0.000000,0.000000,0.000000
10511000,0.000000,0.000000,0.000000
10512000,0.000000,0.000000,0.000000
10513000,0.000000,0.000000,0.000000
10514000,0.000000,0.000000,0.000000
10515000,0.000000,0.000000,0.000000
10516000,0.000000,0.000000,0.000000
10517000,0.000000,0.000000,0.000000
10518000,0.000000,0.000000,0.000000
10519000,0.000000,0.000000,0.000000
10520000,0.000000,0.000000,0.000000
10521000,0.000000,0.000000,0.000000
10522000,0.000000,0.000000,0.000000
10523000,0.000000,0.000000,0.000000
10524000,0.000000,0.000000,0.000000
10525000,0.000000,0.000000,0.000000
10526000,0.000000,0.000000,0.000000
10527000,0.000000,0.000000,0.000000
10528000,0.000000,0.000000,0.000000
10529000,0.000000,0.000000,0.000000
10530000,0.000000,0.000000,0.000000
10531000,0.000000,0.000000,0.000000
10532000,0.000000,0.000000,0.000000
10533000,0.000000,0.000000,0.000000
10534000,0.000000,0.000000,0.000000
10535000,0.000000,0.000000,0.000000
10536000,0.000000,0.000000,0.000000
10537000,0.000000,0.000000,0.000000
10538000,0.000000,0.000000,0.000000
10539000,0.000000,0.000000,0.000000
10540000,0.000000,0.000000,0.000000
10541000,0.000000,0.000000,0.000000
10542000,0.000000,0.000000,0.000000
10543000,0.000000,0.000000,0.000000
10544000,0.000000,0.000000,0.000000
10545000,0.000000,0.000000,0.000000
10546000,0.000000,0.000000,0.000000
10547000,0.000000,0.000000,0.000000
10548000,0.000000,0.000000,0.000000
10549000,0.000000,0.000000,0.000000
10550000,0.000000,0.000000,0.000000
10551000,0.000000,0.000000,0.000000
10552000,0.000000,0.000000,0.000000
10553000,0.000000,0.000000,0.000000
10554000,0.000000,0.000000,0.000000
10555000,0.000000,0.000000,0.000000
10556000,0.000000,0.000000,0.000000
10557000,0.000000,0.000000,0.000000
10558000,0.000000,0.000000,0.000000
10559000,0.000000,0.000000,0.000000
10560000,0.000000,0.000000,0.000000
10561000,0.000000,0.000000,0.000000
10562000,0.000000,0.000000,0.000000
10563000,0.000000,0.000000,0.000000
10564000,0.000000,0.000000,0.000000
10565000,0.000000,0.000000,0.000000
10566000,0.000000,0.000000,0.000000
10567000,0.000000,0.000000,0.000000
10568000,0.000000,0.000000,0.000000
10569000,0.000000,0.000000,0.000000
10570000,0.000000,0.000000,0.000000
10571000,0.000000,0.000000,0.000000
10572000,0.000000,0.000000,0.000000
10573000,0.000000,0.000000,0.000000
10574000,0.000000,0.000000,0.000000
10575000,0.000000,0.000000,0.000000
10576000,0.000000,0.000000,0.000000
10577000,0.000000,0.000000,0.000000
10578000,0.000000,0.000000,0.000000
10579000,0.000000,0.000000,0.000000
10580000,0.000000,0.000000,0.000000
10581000,0.000000,0.000000,0.000000
10582000,0.000000,0.000000,0.000000
10583000,0.000000,0.000000,0.000000
10584000,0.000000,0.000000,0.000000
10585000,0.000000,0.000000,0.000000
10586000,0.000000,0.000000,0.000000
10587000,0.000000,0.000000,0.000000
10588000,0.000000,0.000000,0.000000
10589000,0.000000,0.000000,0.000000
10590000,0.000000,0.000000,0.000000
10591000,0.000000,0.000000,0.000000
10592000,0.000000,0.000000,0.000000
10593000,0.000000,0.000000,0.000000
10594000,0.000000,0.000000,0.000000
10595000,0.000000,0.000000,0.000000
10596000,0.000000,0.000000,0.000000
10597000,0.000000,0.000000,0.000000
10598000,0.000000,0.000000,0.000000
10599000,0.000000,0.000000,0.000000
10600000,0.000000,0.000000,0.000000
10601000,0.000000,0.000000,0.000000
10602000,0.000000,0.000000,0.000000
10603000,0.000000,0.000000,0.000000
10604000,0.000000,0.000000,0.000000
10605000,0.000000,0.000000,0.000000
10606000,0.000000,0.000000,0.000000
10607000,0.000000,0.000000,0.000000
10608000,0.000000,0.000000,0.000000
10609000,0.000000,0.000000,0.000000
10610000,0.000000,0.000000,0.000000
10611000,0.000000,0.000000,0.000000
10612000,0.000000,0.000000,0.000000
10613000,0.000000,0.000000,0.000000
10614000,0.000000,0.000000,0.000000
10615000,0.000000,0.000000,0.000000
10616000,0.000000,0.000000,0.000000
10617000,0.000000,0.000000,0.000000
10618000,0.000000,0.000000,0.000000
10619000,0.000000,0.000000,0.000000
10620000,0.000000,0.000000,0.000000
10621000,0.000000,0.000000,0.000000
10622000,0.000000,0.000000,0.000000
10623000,0.000000,0.000000,0.000000
10624000,0.000000,0.000000,0.000000
10625000,0.000000,0.000000,0.000000
10626000,0.000000,0.000000,0.000000
10627000,0.000000,0.000000,0.000000
10628000,0.000000,0.000000,0.000000
10629000,0.000000,0.000000,0.000000
10630000,0.000000,0.000000,0.000000
10631000,0.000000,0.000000,0.000000
10632000,0.000000,0.000000,0.000000
10633000,0.000000,0.000000,0.000000
10634000,0.000000,0.000000,0.000000
10635000,0.000000,0.000000,0.000000
10636000,0.000000,0.000000,0.000000
10637000,0.000000,0.000000,0.000000
10638000,0.000000,0.000000,0.000000
10639000,0.000000,0.000000,0.000000
10640000,0.000000,0.000000,0.000000
10641000,0.000000,0.000000,0.000000
10642000,0.000000,0.000000,0.000000
10643000,0.000000,0.000000,0.000000
10644000,0.000000,0.000000,0.000000
10645000,0.000000,0.000000,0.000000
10646000,0.000000,0.000000,0.000000
10647000,0.000000,0.000000,0.000000
10648000,0.000000,0.000000,0.000000
10649000,0.000000,0.000000,0.000000
10650000,0.000000,0.000000,0.000000
10651000,0.000000,0.000000,0.000000
10652000,0.000000,0.000000,0.000000
10653000,0.000000,0.000000,0.000000
10654000,0.000000,0.000000,0.000000
10655000,0.000000,0.000000,0.000000
10656000,0.000000,0.000000,0.000000
10657000,0.000000,0.000000,0.000000
10658000,0.000000,0.000000,0.000000
10659000,0.000000,0.000000,0.000000
10660000,0.000000,0.000000,0.000000
10661000,0.000000,0.000000,0.000000
10662000,0.000000,0.000000,0.000000
10663000,0.000000,0.000000,0.000000
10664000,0.000000,0.000000,0.000000
10665000,0.000000,0.000000,0.000000
10666000,0.000000,0.000000,0.000000
10667000,0.000000,0.000000,0.000000
10668000,0.000000,0.000000,0.000000
10669000,0.000000,0.000000,0.000000
10670000,0.000000,0.000000,0.000000
10671000,0.000000,0.000000,0.000000
10672000,0.000000,0.000000,0.000000
10673000,0.000000,0.000000,0.000000
10674000,0.000000,0.000000,0.000000
10675000,0.000000,0.000000,0.000000
10676000,0.000000,0.000000,0.000000
10677000,0.000000,0.000000,0.000000
10678000,0.000000,0.000000,0.000000
10679000,0.000000,0.000000,0.000000
10680000,0.000000,0.000000,0.000000
10681000,0.000000,0.000000,0.000000
10682000,0.000000,0.000000,0.000000
10683000,0.000000,0.000000,0.000000
10684000,0.000000,0.000000,0.000000
10685000,0.000000,0.000000,0.000000
10686000,0.000000,0.000000,0.000000
10687000,0.000000,0.000000,0.000000
10688000,0.000000,0.000000,0.000000
10689000,0.000000,0.000000,0.000000
10690000,0.000000,0.000000,0.000000
10691000,0.000000,0.000000,0.000000
10692000,0.000000,0.000000,0.000000
10693000,0.000000,0.000000,0.000000
10694000,0.000000,0.000000,0.000000
10695000,0.000000,0.000000,0.000000
10696000,0.000000,0.000000,0.000000
10697000,0.000000,0.000000,0.000000
10698000,0.000000,0.000000,0.000000
10699000,0.000000,0.000000,0.000000
10700000,0.000000,0.000000,0.000000
10701000,0.000000,0.000000,0.000000
10702000,0.000000,0.000000,0.000000
10703000,0.000000,0.000000,0.000000
10704000,0.000000,0.000000,0.000000
10705000,0.000000,0.000000,0.000000
10706000,0.000000,0.000000,0.000000
10707000,0.000000,0.000000,0.000000
10708000,0.000000,0.000000,0.000000
10709000,0.000000,0.000000,0.000000
10710000,0.000000,0.000000,0.000000
10711000,0.000000,0.000000,0.000000
10712000,0.000000,0.000000,0.000000
10713000,0.000000,0.000000,0.000000
10714000,0.000000,0.000000,0.000000
10715000,0.000000,0.000000,0.000000
10716000,0.000000,0.000000,0.000000
10717000,0.000000,0.000000,0.000000
10718000,0.000000,0.000000,0.000000
10719000,0.000000,0.000000,0.000000
10720000,0.000000,0.000000,0.000000
10721000,0.000000,0.000000,0.000000
10722000,0.000000,0.000000,0.000000
10723000,0.000000,0.000000,0.000000
10724000,0.000000,0.000000,0.000000
10725000,0.000000,0.000000,0.000000
10726000,0.000000,0.000000,0.000000
10727000,0.000000,0.000000,0.000000
10728000,0.000000,0.000000,0.000000
10729000,0.000000,0.000000,0.000000
10730000,0.000000,0.000000,0.000000
10731000,0.000000,0.000000,0.000000
10732000,0.000000,0.000000,0.000000
10733000,0.000000,0.000000,0.000000
10734000,0.000000,0.000000,0.000000
10735000,0.000000,0.000000,0.000000
10736000,0.000000,0.000000,0.000000
10737000,0.000000,0.000000,0.000000
10738000,0.000000,0.000000,0.000000
10739000,0.000000,0.000000,0.000000
10740000,0.000000,0.000000,0.000000
10741000,0.000000,0.000000,0.000000
10742000,0.000000,0.000000,0.000000
10743000,0.000000,0.000000,0.000000
10744000,0.000000,0.000000,0.000000
10745000,0.000000,0.000000,0.000000
10746000,0.000000,0.000000,0.000000
10747000,0.000000,0.000000,0.000000
10748000,0.000000,0.000000,0.000000
10749000,0.000000,0.000000,0.000000
10750000,0.000000,0.000000,0.000000
10751000,0.000000,0.000000,0.000000
10752000,0.000000,0.000000,0.000000
10753000,0.000000,0.000000,0.000000
10754000,0.000000,0.000000,0.000000
10755000,0.000000,0.000000,0.000000
10756000,0.000000,0.000000,0.000000
10757000,0.000000,0.000000,0.000000
10758000,0.000000,0.000000,0.000000
10759000,0.000000,0.000000,0.000000
10760000,0.000000,0.000000,0.000000
10761000,0.000000,0.000000,0.000000
10762000,0.000000,0.000000,0.000000
10763000,0.000000,0.000000,0.000000
10764000,0.000000,0.000000,0.000000
10765000,0.000000,0.000000,0.000000
10766000,0.000000,0.000000,0.000000
10767000,0.000000,0.000000,0.000000
10768000,0.000000,0.000000,0.000000
10769000,0.000000,0.000000,0.000000
10770000,0.000000,0.000000,0.000000
10771000,0.000000,0.000000,0.000000
10772000,0.000000,0.000000,0.000000
10773000,0.000000,0.000000,0.000000
10774000,0.000000,0.000000,0.000000
10775000,0.000000,0.000000,0.000000
10776000,0.000000,0.000000,0.000000
10777000,0.000000,0.000000,0.000000
10778000,0.000000,0.000000,0.000000
10779000,0.000000,0.000000,0.000000
10780000,0.000000,0.000000,0.000000
10781000,0.000000,0.000000,0.000000
10782000,0.000000,0.000000,0.000000
10783000,0.000000,0.000000,0.000000
10784000,0.000000,0.000000,0.000000
10785000,0.000000,0.000000,0.000000
10786000,0.000000,0.000000,0.000000
10787000,0.000000,0.000000,0.000000
10788000,0.000000,0.000000,0.000000
10789000,0.000000,0.000000,0.000000
10790000,0.000000,0.000000,0.000000
10791000,0.000000,0.000000,0.000000
10792000,0.000000,0.000000,0.000000
10793000,0.000000,0.000000,0.000000
10794000,0.000000,0.000000,0.000000
10795000,0.000000,0.000000,0.000000
10796000,0.000000,0.000000,0.000000
10797000,0.000000,0.000000,0.000000
10798000,0.000000,0.000000,0.000000
10799000,0.000000,0.000000,0.000000
10800000,0.000000,0.000000,0.000000
10801000,0.000000,0.000000,0.000000
10802000,0.000000,0.000000,0.000000
10803000,0.000000,0.000000,0.000000
10804000,0.000000,0.000000,0.000000
10805000,0.000000,0.000000,0.000000
10806000,0.000000,0.000000,0.000000
10807000,0.000000,0.000000,0.000000
10808000,0.000000,0.000000,0.000000
10809000,0.000000,0.000000,0.000000
10810000,0.000000,0.000000,0.000000
10811000,0.000000,0.000000,0.000000
10812000,0.000000,0.000000,0.000000
10813000,0.000000,0.000000,0.000000
10814000,0.000000,0.000000,0.000000
10815000,0.000000,0.000000,0.000000
10816000,0.000000,0.000000,0.000000
10817000,0.000000,0.000000,0.000000
10818000,0.000000,0.000000,0.000000
10819000,0.000000,0.000000,0.000000
10820000,0.000000,0.000000,0.000000
10821000,0.000000,0.000000,0.000000
10822000,0.000000,0.000000,0.000000
10823000,0.000000,0.000000,0.000000
10824000,0.000000,0.000000,0.000000
10825000,0.000000,0.000000,0.000000
10826000,0.000000,0.000000,0.000000
10827000,0.000000,0.000000,0.000000
10828000,0.000000,0.000000,0.000000
10829000,0.000000,0.000000,0.000000
10830000,0.000000,0.000000,0.000000
10831000,0.000000,0.000000,0.000000
10832000,0.000000,0.000000,0.000000
10833000,0.000000,0.000000,0.000000
10834000,0.000000,0.000000,0.000000
10835000,0.000000,0.000000,0.000000
10836000,0.000000,0.000000,0.000000
10837000,0.000000,0.000000,0.000000
10838000,0.000000,0.000000,0.000000
10839000,0.000000,0.000000,0.000000
10840000,0.000000,0.000000,0.000000
10841000,0.000000,0.000000,0.000000
10842000,0.000000,0.000000,0.000000
10843000,0.000000,0.000000,0.000000
10844000,0.000000,0.000000,0.000000
10845000,0.000000,0.000000,0.000000
10846000,0.000000,0.000000,0.000000
10847000,0.000000,0.000000,0.000000
10848000,0.000000,0.000000,0.000000
10849000,0.000000,0.000000,0.000000
10850000,0.000000,0.000000,0.000000
10851000,0.000000,0.000000,0.000000
10852000,0.000000,0.000000,0.000000
10853000,0.000000,0.000000,0.000000
10854000,0.000000,0.000000,0.000000
10855000,0.000000,0.000000,0.000000
10856000,0.000000,0.000000,0.000000
10857000,0.000000,0.000000,0.000000
10858000,0.000000,0.000000,0.000000
10859000,0.000000,0.000000,0.000000
10860000,0.000000,0.000000,0.000000
10861000,0.000000,0.000000,0.000000
10862000,0.000000,0.000000,0.000000
10863000,0.000000,0.000000,0.000000
10864000,0.000000,0.000000,0.000000
10865000,0.000000,0.000000,0.000000
10866000,0.000000,0.000000,0.000000
10867000,0.000000,0.000000,0.000000
10868000,0.000000,0.000000,0.000000
10869000,0.000000,0.000000,0.000000
10870000,0.000000,0.000000,0.000000
10871000,0.000000,0.000000,0.000000
10872000,0.000000,0.000000,0.000000
10873000,0.000000,0.000000,0.000000
10874000,0.000000,0.000000,0.000000
10875000,0.000000,0.000000,0.000000
10876000,0.000000,0.000000,0.000000
10877000,0.000000,0.000000,0.000000
10878000,0.000000,0.000000,0.000000
10879000,0.000000,0.000000,0.000000
10880000,0.000000,0.000000,0.000000
10881000,0.000000,0.000000,0.000000
10882000,0.000000,0.000000,0.000000
10883000,0.000000,0.000000,0.000000
10884000,0.000000,0.000000,0.000000
10885000,0.000000,0.000000,0.000000
10886000,0.000000,0.000000,0.000000
10887000,0.000000,0.000000,0.000000
10888000,0.000000,0.000000,0.000000
10889000,0.000000,0.000000,0.000000
10890000,0.000000,0.000000,0.000000
10891000,0.000000,0.000000,0.000000
10892000,0.000000,0.000000,0.000000
10893000,0.000000,0.000000,0.000000
10894000,0.000000,0.000000,0.000000
10895000,0.000000,0.000000,0.000000
10896000,0.000000,0.000000,0.000000
10897000,0.000000,0.000000,0.000000
10898000,0.000000,0.000000,0.000000
10899000,0.000000,0.000000,0.000000
10900000,0.000000,0.000000,0.000000
10901000,0.000000,0.000000,0.000000
10902000,0.000000,0.000000,0.000000
10903000,0.000000,0.000000,0.000000
10904000,0.000000,0.000000,0.000000
10905000,0.000000,0.000000,0.000000
10906000,0.000000,0.000000,0.000000
10907000,0.000000,0.000000,0.000000
10908000,0.000000,0.000000,0.000000
10909000,0.000000,0.000000,0.000000
10910000,0.000000,0.000000,0.000000
10911000,0.000000,0.000000,0.000000
10912000,0.000000,0.000000,0.000000
10913000,0.000000,0.000000,0.000000
10914000,0.000000,0.000000,0.000000
10915000,0.000000,0.000000,0.000000
10916000,0.000000,0.000000,0.000000
10917000,0.000000,0.000000,0.000000
10918000,0.000000,0.000000,0.000000
10919000,0.000000,0.000000,0.000000
10920000,0.000000,0.000000,0.000000
10921000,0.000000,0.000000,0.000000
10922000,0.000000,0.000000,0.000000
10923000,0.000000,0.000000,0.000000
10924000,0.000000,0.000000,0.000000
10925000,0.000000,0.000000,0.000000
10926000,0.000000,0.000000,0.000000
10927000,0.000000,0.000000,0.000000
10928000,0.000000,0.000000,0.000000
10929000,0.000000,0.000000,0.000000
10930000,0.000000,0.000000,0.000000
10931000,0.000000,0.000000,0.000000
10932000,0.000000,0.000000,0.000000
10933000,0.000000,0.000000,0.000000
10934000,0.000000,0.000000,0.000000
10935000,0.000000,0.000000,0.000000
10936000,0.000000,0.000000,0.000000
10937000,0.000000,0.000000,0.000000
10938000,0.000000,0.000000,0.000000
10939000,0.000000,0.000000,0.000000
10940000,0.000000,0.000000,0.000000
10941000,0.000000,0.000000,0.000000
10942000,0.000000,0.000000,0.000000
10943000,0.000000,0.000000,0.000000
10944000,0.000000,0.000000,0.000000
10945000,0.000000,0.000000,0.000000
10946000,0.000000,0.000000,0.000000
10947000,0.000000,0.000000,0.000000
10948000,0.000000,0.000000,0.000000
10949000,0.000000,0.000000,0.000000
10950000,0.000000,0.000000,0.000000
10951000,0.000000,0.000000,0.000000
10952000,0.000000,0.000000,0.000000
10953000,0.000000,0.000000,0.000000
10954000,0.000000,0.000000,0.000000
10955000,0.000000,0.000000,0.000000
10956000,0.000000,0.000000,0.000000
10957000,0.000000,0.000000,0.000000
10958000,0.000000,0.000000,0.000000
10959000,0.000000,0.000000,0.000000
10960000,0.000000,0.000000,0.000000
10961000,0.000000,0.000000,0.000000
10962000,0.000000,0.000000,0.000000
10963000,0.000000,0.000000,0.000000
10964000,0.000000,0.000000,0.000000
10965000,0.000000,0.000000,0.000000
10966000,0.000000,0.000000,0.000000
10967000,0.000000,0.000000,0.000000
10968000,0.000000,0.000000,0.000000
10969000,0.000000,0.000000,0.000000
10970000,0.000000,0.000000,0.000000
10971000,0.000000,0.000000,0.000000
10972000,0.000000,0.000000,0.000000
10973000,0.000000,0.000000,0.000000
10974000,0.000000,0.000000,0.000000
10975000,0.000000,0.000000,0.000000
10976000,0.000000,0.000000,0.000000
10977000,0.000000,0.000000,0.000000
10978000,0.000000,0.000000,0.000000
10979000,0.000000,0.000000,0.000000
10980000,0.000000,0.000000,0.000000
10981000,0.000000,0.000000,0.000000
10982000,0.000000,0.000000,0.000000
10983000,0.000000,0.000000,0.000000
10984000,0.000000,0.000000,0.000000
10985000,0.000000,0.000000,0.000000
10986000,0.000000,0.000000,0.000000
10987000,0.000000,0.000000,0.000000
10988000,0.000000,0.000000,0.000000
10989000,0.000000,0.000000,0.000000
10990000,0.000000,0.000000,0.000000
10991000,0.000000,0.000000,0.000000
10992000,0.000000,0.000000,0.000000
10993000,0.000000,0.000000,0.000000
10994000,0.000000,0.000000,0.000000
10995000,0.000000,0.000000,0.000000
10996000,0.000000,0.000000,0.000000
10997000,0.000000,0.000000,0.000000
10998000,0.000000,0.000000,0.000000
10999000,0.000000,0.000000,0.000000
11000000,0.000000,0.000000,0.000000
11001000,0.000000,0.000000,0.000000
11002000,0.000000,0.000000,0.000000
11003000,0.000000,0.000000,0.000000
11004000,0.000000,0.000000,0.000000
11005000,0.000000,0.000000,0.000000
11006000,0.000000,0.000000,0.000000
11007000,0.000000,0.000000,0.000000
11008000,0.000000,0.000000,0.000000
11009000,0.000000,0.000000,0.000000
11010000,0.000000,0.000000,0.000000
11011000,0.000000,0.000000,0.000000
11012000,0.000000,0.000000,0.000000
11013000,0.000000,0.000000,0.000000
11014000,0.000000,0.000000,0.000000
11015000,0.000000,0.000000,0.000000
11016000,0.000000,0.000000,0.000000
11017000,0.000000,0.000000,0.000000
11018000,0.000000,0.000000,0.000000
11019000,0.000000,0.000000,0.000000
11020000,0.000000,0.000000,0.000000
11021000,0.000000,0.000000,0.000000
11022000,0.000000,0.000000,0.000000
11023000,0.000000,0.000000,0.000000
11024000,0.000000,0.000000,0.000000
11025000,0.000000,0.000000,0.000000
11026000,0.000000,0.000000,0.000000
11027000,0.000000,0.000000,0.000000
11028000,0.000000,0.000000,0.000000
11029000,0.000000,0.000000,0.000000
11030000,0.000000,0.000000,0.000000
11031000,0.000000,0.000000,0.000000
11032000,0.000000,0.000000,0.000000
11033000,0.000000,0.000000,0.000000
11034000,0.000000,0.000000,0.000000
11035000,0.000000,0.000000,0.000000
11036000,0.000000,0.000000,0.000000
11037000,0.000000,0.000000,0.000000
11038000,0.000000,0.000000,0.000000
11039000,0.000000,0.000000,0.000000
11040000,0.000000,0.000000,0.000000
11041000,0.000000,0.000000,0.000000
11042000,0.000000,0.000000,0.000000
11043000,0.000000,0.000000,0.000000
11044000,0.000000,0.000000,0.000000
11045000,0.000000,0.000000,0.000000
11046000,0.000000,0.000000,0.000000
11047000,0.000000,0.000000,0.000000
11048000,0.000000,0.000000,0.000000
11049000,0.000000,0.000000,0.000000
11050000,0.000000,0.000000,0.000000
11051000,0.000000,0.000000,0.000000
11052000,0.000000,0.000000,0.000000
11053000,0.000000,0.000000,0.000000
11054000,0.000000,0.000000,0.000000
11055000,0.000000,0.000000,0.000000
11056000,0.000000,0.000000,0.000000
11057000,0.000000,0.000000,0.000000
11058000,0.000000,0.000000,0.000000
11059000,0.000000,0.000000,0.000000
11060000,0.000000,0.000000,0.000000
11061000,0.000000,0.000000,0.000000
11062000,0.000000,0.000000,0.000000
11063000,0.000000,0.000000,0.000000
11064000,0.000000,0.000000,0.000000
11065000,0.000000,0.000000,0.000000
11066000,0.000000,0.000000,0.000000
11067000,0.000000,0.000000,0.000000
11068000,0.000000,0.000000,0.000000
11069000,0.000000,0.000000,0.000000
11070000,0.000000,0.000000,0.000000
11071000,0.000000,0.000000,0.000000
11072000,0.000000,0.000000,0.000000
11073000,0.000000,0.000000,0.000000
11074000,0.000000,0.000000,0.000000
11075000,0.000000,0.000000,0.000000
11076000,0.000000,0.000000,0.000000
11077000,0.000000,0.000000,0.000000
11078000,0.000000,0.000000,0.000000
11079000,0.000000,0.000000,0.000000
11080000,0.000000,0.000000,0.000000
11081000,0.000000,0.000000,0.000000
11082000,0.000000,0.000000,0.000000
11083000,0.000000,0.000000,0.000000
11084000,0.000000,0.000000,0.000000
11085000,0.000000,0.000000,0.000000
11086000,0.000000,0.000000,0.000000
11087000,0.000000,0.000000,0.000000
11088000,0.000000,0.000000,0.000000
11089000,0.000000,0.000000,0.000000
11090000,0.000000,0.000000,0.000000
11091000,0.000000,0.000000,0.000000
11092000,0.000000,0.000000,0.000000
11093000,0.000000,0.000000,0.000000
11094000,0.000000,0.000000,0.000000
11095000,0.000000,0.000000,0.000000
11096000,0.000000,0.000000,0.000000
11097000,0.000000,0.000000,0.000000
11098000,0.000000,0.000000,0.000000
11099000,0.000000,0.000000,0.000000
11100000,0.000000,0.000000,0.000000
11101000,0.000000,0.000000,0.000000
11102000,0.000000,0.000000,0.000000
11103000,0.000000,0.000000,0.000000
11104000,0.000000,0.000000,0.000000
11105000,0.000000,0.000000,0.000000
11106000,0.000000,0.000000,0.000000
11107000,0.000000,0.000000,0.000000
11108000,0.000000,0.000000,0.000000
11109000,0.000000,0.000000,0.000000
11110000,0.000000,0.000000,0.000000
11111000,0.000000,0.000000,0.000000
11112000,0.000000,0.000000,0.000000
11113000,0.000000,0.000000,0.000000
11114000,0.000000,0.000000,0.000000
11115000,0.000000,0.000000,0.000000
11116000,0.000000,0.000000,0.000000
11117000,0.000000,0.000000,0.000000
11118000,0.000000,0.000000,0.000000
11119000,0.000000,0.000000,0.000000
11120000,0.000000,0.000000,0.000000
11121000,0.000000,0.000000,0.000000
11122000,0.000000,0.000000,0.000000
11123000,0.000000,0.000000,0.000000
11124000,0.000000,0.000000,0.000000
11125000,0.000000,0.000000,0.000000
11126000,0.000000,0.000000,0.000000
11127000,0.000000,0.000000,0.000000
11128000,0.000000,0.000000,0.000000
11129000,0.000000,0.000000,0.000000
11130000,0.000000,0.000000,0.000000
11131000,0.000000,0.000000,0.000000
11132000,0.000000,0.000000,0.000000
11133000,0.000000,0.000000,0.000000
11134000,0.000000,0.000000,0.000000
11135000,0.000000,0.000000,0.000000
11136000,0.000000,0.000000,0.000000
11137000,0.000000,0.000000,0.000000
11138000,0.000000,0.000000,0.000000
11139000,0.000000,0.000000,0.000000
11140000,0.000000,0.000000,0.000000
11141000,0.000000,0.000000,0.000000
11142000,0.000000,0.000000,0.000000
11143000,0.000000,0.000000,0.000000
11144000,0.000000,0.000000,0.000000
11145000,0.000000,0.000000,0.000000
11146000,0.000000,0.000000,0.000000
11147000,0.000000,0.000000,0.000000
11148000,0.000000,0.000000,0.000000
11149000,0.000000,0.000000,0.000000
11150000,0.000000,0.000000,0.000000
11151000,0.000000,0.000000,0.000000
11152000,0.000000,0.000000,0.000000
11153000,0.000000,0.000000,0.000000
11154000,0.000000,0.000000,0.000000
11155000,0.000000,0.000000,0.000000
11156000,0.000000,0.000000,0.000000
11157000,0.000000,0.000000,0.000000
11158000,0.000000,0.000000,0.000000
11159000,0.000000,0.000000,0.000000
11160000,0.000000,0.000000,0.000000
11161000,0.000000,0.000000,0.000000
11162000,0.000000,0.000000,0.000000
11163000,0.000000,0.000000,0.000000
11164000,0.000000,0.000000,0.000000
11165000,0.000000,0.000000,0.000000
11166000,0.000000,0.000000,0.000000
11167000,0.000000,0.000000,0.000000
11168000,0.000000,0.000000,0.000000
11169000,0.000000,0.000000,0.000000
11170000,0.000000,0.000000,0.000000
11171000,0.000000,0.000000,0.000000
11172000,0.000000,0.000000,0.000000
11173000,0.000000,0.000000,0.000000
11174000,0.000000,0.000000,0.000000
11175000,0.000000,0.000000,0.000000
11176000,0.000000,0.000000,0.000000
11177000,0.000000,0.000000,0.000000
11178000,0.000000,0.000000,0.000000
11179000,0.000000,0.000000,0.000000
11180000,0.000000,0.000000,0.000000
11181000,0.000000,0.000000,0.000000
11182000,0.000000,0.000000,0.000000
11183000,0.000000,0.000000,0.000000
11184000,0.000000,0.000000,0.000000
11185000,0.000000,0.000000,0.000000
11186000,0.000000,0.000000,0.000000
11187000,0.000000,0.000000,0.000000
11188000,0.000000,0.000000,0.000000
11189000,0.000000,0.000000,0.000000
11190000,0.000000,0.000000,0.000000
11191000,0.000000,0.000000,0.000000
11192000,0.000000,0.000000,0.000000
11193000,0.000000,0.000000,0.000000
11194000,0.000000,0.000000,0.000000
11195000,0.000000,0.000000,0.000000
11196000,0.000000,0.000000,0.000000
11197000,0.000000,0.000000,0.000000
11198000,0.000000,0.000000,0.000000
11199000,0.000000,0.000000,0.000000
11200000,0.000000,0.000000,0.000000
11201000,0.000000,0.000000,0.000000
11202000,0.000000,0.000000,0.000000
11203000,0.000000,0.000000,0.000000
11204000,0.000000,0.000000,0.000000
11205000,0.000000,0.000000,0.000000
11206000,0.000000,0.000000,0.000000
11207000,0.000000,0.000000,0.000000
11208000,0.000000,0.000000,0.000000
11209000,0.000000,0.000000,0.000000
11210000,0.000000,0.000000,0.000000
11211000,0.000000,0.000000,0.000000
11212000,0.000000,0.000000,0.000000
11213000,0.000000,0.000000,0.000000
11214000,0.000000,0.000000,0.000000
11215000,0.000000,0.000000,0.000000
11216000,0.000000,0.000000,0.000000
11217000,0.000000,0.000000,0.000000
11218000,0.000000,0.000000,0.000000
11219000,0.000000,0.000000,0.000000
11220000,0.000000,0.000000,0.000000
11221000,0.000000,0.000000,0.000000
11222000,0.000000,0.000000,0.000000
11223000,0.000000,0.000000,0.000000
11224000,0.000000,0.000000,0.000000
11225000,0.000000,0.000000,0.000000
11226000,0.000000,0.000000,0.000000
11227000,0.000000,0.000000,0.000000
11228000,0.000000,0.000000,0.000000
11229000,0.000000,0.000000,0.000000
11230000,0.000000,0.000000,0.000000
11231000,0.000000,0.000000,0.000000
11232000,0.000000,0.000000,0.000000
11233000,0.000000,0.000000,0.000000
11234000,0.000000,0.000000,0.000000
11235000,0.000000,0.000000,0.000000
11236000,0.000000,0.000000,0.000000
11237000,0.000000,0.000000,0.000000
11238000,0.000000,0.000000,0.000000
11239000,0.000000,0.000000,0.000000
11240000,0.000000,0.000000,0.000000
11241000,0.000000,0.000000,0.000000
11242000,0.000000,0.000000,0.000000
11243000,0.000000,0.000000,0.000000
11244000,0.000000,0.000000,0.000000
11245000,0.000000,0.000000,0.000000
11246000,0.000000,0.000000,0.000000
11247000,0.000000,0.000000,0.000000
11248000,0.000000,0.000000,0.000000
11249000,0.000000,0.000000,0.000000
11250000,0.000000,0.000000,0.000000
11251000,0.000000,0.000000,0.000000
11252000,0.000000,0.000000,0.000000
11253000,0.000000,0.000000,0.000000
11254000,0.000000,0.000000,0.000000
11255000,0.000000,0.000000,0.000000
11256000,0.000000,0.000000,0.000000
11257000,0.000000,0.000000,0.000000
11258000,0.000000,0.000000,0.000000
11259000,0.000000,0.000000,0.000000
11260000,0.000000,0.000000,0.000000
11261000,0.000000,0.000000,0.000000
11262000,0.000000,0.000000,0.000000
11263000,0.000000,0.000000,0.000000
11264000,0.000000,0.000000,0.000000
11265000,0.000000,0.000000,0.000000
11266000,0.000000,0.000000,0.000000
11267000,0.000000,0.000000,0.000000
11268000,0.000000,0.000000,0.000000
11269000,0.000000,0.000000,0.000000
11270000,0.000000,0.000000,0.000000
11271000,0.000000,0.000000,0.000000
11272000,0.000000,0.000000,0.000000
11273000,0.000000,0.000000,0.000000
11274000,0.000000,0.000000,0.000000
11275000,0.000000,0.000000,0.000000
11276000,0.000000,0.000000,0.000000
11277000,0.000000,0.000000,0.000000
11278000,0.000000,0.000000,0.000000
11279000,0.000000,0.000000,0.000000
11280000,0.000000,0.000000,0.000000
11281000,0.000000,0.000000,0.000000
11282000,0.000000,0.000000,0.000000
11283000,0.000000,0.000000,0.000000
11284000,0.000000,0.000000,0.000000
11285000,0.000000,0.000000,0.000000
11286000,0.000000,0.000000,0.000000
11287000,0.000000,0.000000,0.000000
11288000,0.000000,0.000000,0.000000
11289000,0.000000,0.000000,0.000000
11290000,0.000000,0.000000,0.000000
11291000,0.000000,0.000000,0.000000
11292000,0.000000,0.000000,0.000000
11293000,0.000000,0.000000,0.000000
11294000,0.000000,0.000000,0.000000
11295000,0.000000,0.000000,0.000000
11296000,0.000000,0.000000,0.000000
11297000,0.000000,0.000000,0.000000
11298000,0.000000,0.000000,0.000000
11299000,0.000000,0.000000,0.000000
11300000,0.000000,0.000000,0.000000
11301000,0.000000,0.000000,0.000000
11302000,0.000000,0.000000,0.000000
11303000,0.000000,0.000000,0.000000
11304000,0.000000,0.000000,0.000000
11305000,0.000000,0.000000,0.000000
11306000,0.000000,0.000000,0.000000
11307000,0.000000,0.000000,0.000000
11308000,0.000000,0.000000,0.000000
11309000,0.000000,0.000000,0.000000
11310000,0.000000,0.000000,0.000000
11311000,0.000000,0.000000,0.000000
11312000,0.000000,0.000000,0.000000
11313000,0.000000,0.000000,0.000000
11314000,0.000000,0.000000,0.000000
11315000,0.000000,0.000000,0.000000
11316000,0.000000,0.000000,0.000000
11317000,0.000000,0.000000,0.000000
11318000,0.000000,0.000000,0.000000
11319000,0.000000,0.000000,0.000000
11320000,0.000000,0.000000,0.000000
11321000,0.000000,0.000000,0.000000
11322000,0.000000,0.000000,0.000000
11323000,0.000000,0.000000,0.000000
11324000,0.000000,0.000000,0.000000
11325000,0.000000,0.000000,0.000000
11326000,0.000000,0.000000,0.000000
11327000,0.000000,0.000000,0.000000
11328000,0.000000,0.000000,0.000000
11329000,0.000000,0.000000,0.000000
11330000,0.000000,0.000000,0.000000
11331000,0.000000,0.000000,0.000000
11332000,0.000000,0.000000,0.000000
11333000,0.000000,0.000000,0.000000
11334000,0.000000,0.000000,0.000000
11335000,0.000000,0.000000,0.000000
11336000,0.000000,0.000000,0.000000
11337000,0.000000,0.000000,0.000000
11338000,0.000000,0.000000,0.000000
11339000,0.000000,0.000000,0.000000
11340000,0.000000,0.000000,0.000000
11341000,0.000000,0.000000,0.000000
11342000,0.000000,0.000000,0.000000
11343000,0.000000,0.000000,0.000000
11344000,0.000000,0.000000,0.000000
11345000,0.000000,0.000000,0.000000
11346000,0.000000,0.000000,0.000000
11347000,0.000000,0.000000,0.000000
11348000,0.000000,0.000000,0.000000
11349000,0.000000,0.000000,0.000000
11350000,0.000000,0.000000,0.000000
11351000,0.000000,0.000000,0.000000
11352000,0.000000,0.000000,0.000000
11353000,0.000000,0.000000,0.000000
11354000,0.000000,0.000000,0.000000
11355000,0.000000,0.000000,0.000000
11356000,0.000000,0.000000,0.000000
11357000,0.000000,0.000000,0.000000
11358000,0.000000,0.000000,0.000000
11359000,0.000000,0.000000,0.000000
11360000,0.000000,0.000000,0.000000
11361000,0.000000,0.000000,0.000000
11362000,0.000000,0.000000,0.000000
11363000,0.000000,0.000000,0.000000
11364000,0.000000,0.000000,0.000000
11365000,0.000000,0.000000,0.000000
11366000,0.000000,0.000000,0.000000
11367000,0.000000,0.000000,0.000000
11368000,0.000000,0.000000,0.000000
11369000,0.000000,0.000000,0.000000
11370000,0.000000,0.000000,0.000000
11371000,0.000000,0.000000,0.000000
11372000,0.000000,0.000000,0.000000
11373000,0.000000,0.000000,0.000000
11374000,0.000000,0.000000,0.000000
11375000,0.000000,0.000000,0.000000
11376000,0.000000,0.000000,0.000000
11377000,0.000000,0.000000,0.000000
11378000,0.000000,0.000000,0.000000
11379000,0.000000,0.000000,0.000000
11380000,0.000000,0.000000,0.000000
11381000,0.000000,0.000000,0.000000
11382000,0.000000,0.000000,0.000000
11383000,0.000000,0.000000,0.000000
11384000,0.000000,0.000000,0.000000
11385000,0.000000,0.000000,0.000000
11386000,0.000000,0.000000,0.000000
11387000,0.000000,0.000000,0.000000
11388000,0.000000,0.000000,0.000000
11389000,0.000000,0.000000,0.000000
11390000,0.000000,0.000000,0.000000
11391000,0.000000,0.000000,0.000000
11392000,0.000000,0.000000,0.000000
11393000,0.000000,0.000000,0.000000
11394000,0.000000,0.000000,0.000000
11395000,0.000000,0.000000,0.000000
11396000,0.000000,0.000000,0.000000
11397000,0.000000,0.000000,0.000000
11398000,0.000000,0.000000,0.000000
11399000,0.000000,0.000000,0.000000
11400000,0.000000,0.000000,0.000000
11401000,0.000000,0.000000,0.000000
11402000,0.000000,0.000000,0.000000
11403000,0.000000,0.000000,0.000000
11404000,0.000000,0.000000,0.000000
11405000,0.000000,0.000000,0.000000
11406000,0.000000,0.000000,0.000000
11407000,0.000000,0.000000,0.000000
11408000,0.000000,0.000000,0.000000
11409000,0.000000,0.000000,0.000000
11410000,0.000000,0.000000,0.000000
11411000,0.000000,0.000000,0.000000
11412000,0.000000,0.000000,0.000000
11413000,0.000000,0.000000,0.000000
11414000,0.000000,0.000000,0.000000
11415000,0.000000,0.000000,0.000000
11416000,0.000000,0.000000,0.000000
11417000,0.000000,0.000000,0.000000
11418000,0.000000,0.000000,0.000000
11419000,0.000000,0.000000,0.000000
11420000,0.000000,0.000000,0.000000
11421000,0.000000,0.000000,0.000000
11422000,0.000000,0.000000,0.000000
11423000,0.000000,0.000000,0.000000
11424000,0.000000,0.000000,0.000000
11425000,0.000000,0.000000,0.000000
11426000,0.000000,0.000000,0.000000
11427000,0.000000,0.000000,0.000000
11428000,0.000000,0.000000,0.000000
11429000,0.000000,0.000000,0.000000
11430000,0.000000,0.000000,0.000000
11431000,0.000000,0.000000,0.000000
11432000,0.000000,0.000000,0.000000
11433000,0.000000,0.000000,0.000000
11434000,0.000000,0.000000,0.000000
11435000,0.000000,0.000000,0.000000
11436000,0.000000,0.000000,0.000000
11437000,0.000000,0.000000,0.000000
11438000,0.000000,0.000000,0.000000
11439000,0.000000,0.000000,0.000000
11440000,0.000000,0.000000,0.000000
11441000,0.000000,0.000000,0.000000
11442000,0.000000,0.000000,0.000000
11443000,0.000000,0.000000,0.000000
11444000,0.000000,0.000000,0.000000
11445000,0.000000,0.000000,0.000000
11446000,0.000000,0.000000,0.000000
11447000,0.000000,0.000000,0.000000
11448000,0.000000,0.000000,0.000000
11449000,0.000000,0.000000,0.000000
11450000,0.000000,0.000000,0.000000
11451000,0.000000,0.000000,0.000000
11452000,0.000000,0.000000,0.000000
11453000,0.000000,0.000000,0.000000
11454000,0.000000,0.000000,0.000000
11455000,0.000000,0.000000,0.000000
11456000,0.000000,0.000000,0.000000
11457000,0.000000,0.000000,0.000000
11458000,0.000000,0.000000,0.000000
11459000,0.000000,0.000000,0.000000
11460000,0.000000,0.000000,0.000000
11461000,0.000000,0.000000,0.000000
11462000,0.000000,0.000000,0.000000
11463000,0.000000,0.000000,0.000000
11464000,0.000000,0.000000,0.000000
11465000,0.000000,0.000000,0.000000
11466000,0.000000,0.000000,0.000000
11467000,0.000000,0.000000,0.000000
11468000,0.000000,0.000000,0.000000
11469000,0.000000,0.000000,0.000000
11470000,0.000000,0.000000,0.000000
11471000,0.000000,0.000000,0.000000
11472000,0.000000,0.000000,0.000000
11473000,0.000000,0.000000,0.000000
11474000,0.000000,0.000000,0.000000
11475000,0.000000,0.000000,0.000000
11476000,0.000000,0.000000,0.000000
11477000,0.000000,0.000000,0.000000
11478000,0.000000,0.000000,0.000000
11479000,0.000000,0.000000,0.000000
11480000,0.000000,0.000000,0.000000
11481000,0.000000,0.000000,0.000000
11482000,0.000000,0.000000,0.000000
11483000,0.000000,0.000000,0.000000
11484000,0.000000,0.000000,0.000000
11485000,0.000000,0.000000,0.000000
11486000,0.000000,0.000000,0.000000
11487000,0.000000,0.000000,0.000000
11488000,0.000000,0.000000,0.000000
11489000,0.000000,0.000000,0.000000
11490000,0.000000,0.000000,0.000000
11491000,0.000000,0.000000,0.000000
11492000,0.000000,0.000000,0.000000
11493000,0.000000,0.000000,0.000000
11494000,0.000000,0.000000,0.000000
11495000,0.000000,0.000000,0.000000
11496000,0.000000,0.000000,0.000000
11497000,0.000000,0.000000,0.000000
11498000,0.000000,0.000000,0.000000
11499000,0.000000,0.000000,0.000000
11500000,0.000000,0.000000,0.000000
11501000,0.000000,0.000000,0.000000
11502000,0.000000,0.000000,0.000000
11503000,0.000000,0.000000,0.000000
11504000,0.000000,0.000000,0.000000
11505000,0.000000,0.000000,0.000000
11506000,0.000000,0.000000,0.000000
11507000,0.000000,0.000000,0.000000
11508000,0.000000,0.000000,0.000000
11509000,0.000000,0.000000,0.000000
11510000,0.000000,0.000000,0.000000
11511000,0.000000,0.000000,0.000000
11512000,0.000000,0.000000,0.000000
11513000,0.000000,0.000000,0.000000
11514000,0.000000,0.000000,0.000000
11515000,0.000000,0.000000,0.000000
11516000,0.000000,0.000000,0.000000
11517000,0.000000,0.000000,0.000000
11518000,0.000000,0.000000,0.000000
11519000,0.000000,0.000000,0.000000
11520000,0.000000,0.000000,0.000000
11521000,0.000000,0.000000,0.000000
11522000,0.000000,0.000000,0.000000
11523000,0.000000,0.000000,0.000000
11524000,0.000000,0.000000,0.000000
11525000,0.000000,0.000000,0.000000
11526000,0.000000,0.000000,0.000000
11527000,0.000000,0.000000,0.000000
11528000,0.000000,0.000000,0.000000
11529000,0.000000,0.000000,0.000000
11530000,0.000000,0.000000,0.000000
11531000,0.000000,0.000000,0.000000
11532000,0.000000,0.000000,0.000000
11533000,0.000000,0.000000,0.000000
11534000,0.000000,0.000000,0.000000
11535000,0.000000,0.000000,0.000000
11536000,0.000000,0.000000,0.000000
11537000,0.000000,0.000000,0.000000
11538000,0.000000,0.000000,0.000000
11539000,0.000000,0.000000,0.000000
11540000,0.000000,0.000000,0.000000
11541000,0.000000,0.000000,0.000000
11542000,0.000000,0.000000,0.000000
11543000,0.000000,0.000000,0.000000
11544000,0.000000,0.000000,0.000000
11545000,0.000000,0.000000,0.000000
11546000,0.000000,0.000000,0.000000
11547000,0.000000,0.000000,0.000000
11548000,0.000000,0.000000,0.000000
11549000,0.000000,0.000000,0.000000
11550000,0.000000,0.000000,0.000000
11551000,0.000000,0.000000,0.000000
11552000,0.000000,0.000000,0.000000
11553000,0.000000,0.000000,0.000000
11554000,0.000000,0.000000,0.000000
11555000,0.000000,0.000000,0.000000
11556000,0.000000,0.000000,0.000000
11557000,0.000000,0.000000,0.000000
11558000,0.000000,0.000000,0.000000
11559000,0.000000,0.000000,0.000000
11560000,0.000000,0.000000,0.000000
11561000,0.000000,0.000000,0.000000
11562000,0.000000,0.000000,0.000000
11563000,0.000000,0.000000,0.000000
11564000,0.000000,0.000000,0.000000
11565000,0.000000,0.000000,0.000000
11566000,0.000000,0.000000,0.000000
11567000,0.000000,0.000000,0.000000
11568000,0.000000,0.000000,0.000000
11569000,0.000000,0.000000,0.000000
11570000,0.000000,0.000000,0.000000
11571000,0.000000,0.000000,0.000000
11572000,0.000000,0.000000,0.000000
11573000,0.000000,0.000000,0.000000
11574000,0.000000,0.000000,0.000000
11575000,0.000000,0.000000,0.000000
11576000,0.000000,0.000000,0.000000
11577000,0.000000,0.000000,0.000000
11578000,0.000000,0.000000,0.000000
11579000,0.000000,0.000000,0.000000
11580000,0.000000,0.000000,0.000000
11581000,0.000000,0.000000,0.000000
11582000,0.000000,0.000000,0.000000
11583000,0.000000,0.000000,0.000000
11584000,0.000000,0.000000,0.000000
11585000,0.000000,0.000000,0.000000
11586000,0.000000,0.000000,0.000000
11587000,0.000000,0.000000,0.000000
11588000,0.000000,0.000000,0.000000
11589000,0.000000,0.000000,0.000000
11590000,0.000000,0.000000,0.000000
11591000,0.000000,0.000000,0.000000
11592000,0.000000,0.000000,0.000000
11593000,0.000000,0.000000,0.000000
11594000,0.000000,0.000000,0.000000
11595000,0.000000,0.000000,0.000000
11596000,0.000000,0.000000,0.000000
11597000,0.000000,0.000000,0.000000
11598000,0.000000,0.000000,0.000000
11599000,0.000000,0.000000,0.000000
11600000,0.000000,0.000000,0.000000
11601000,0.000000,0.000000,0.000000
11602000,0.000000,0.000000,0.000000
11603000,0.000000,0.000000,0.000000
11604000,0.000000,0.000000,0.000000
11605000,0.000000,0.000000,0.000000
11606000,0.000000,0.000000,0.000000
11607000,0.000000,0.000000,0.000000
11608000,0.000000,0.000000,0.000000
11609000,0.000000,0.000000,0.000000
11610000,0.000000,0.000000,0.000000
11611000,0.000000,0.000000,0.000000
11612000,0.000000,0.000000,0.000000
11613000,0.000000,0.000000,0.000000
11614000,0.000000,0.000000,0.000000
11615000,0.000000,0.000000,0.000000
11616000,0.000000,0.000000,0.000000
11617000,0.000000,0.000000,0.000000
11618000,0.000000,0.000000,0.000000
11619000,0.000000,0.000000,0.000000
11620000,0.000000,0.000000,0.000000
11621000,0.000000,0.000000,0.000000
11622000,0.000000,0.000000,0.000000
11623000,0.000000,0.000000,0.000000
11624000,0.000000,0.000000,0.000000
11625000,0.000000,0.000000,0.000000
11626000,0.000000,0.000000,0.000000
11627000,0.000000,0.000000,0.000000
11628000,0.000000,0.000000,0.000000
11629000,0.000000,0.000000,0.000000
11630000,0.000000,0.000000,0.000000
11631000,0.000000,0.000000,0.000000
11632000,0.000000,0.000000,0.000000
11633000,0.000000,0.000000,0.000000
11634000,0.000000,0.000000,0.000000
11635000,0.000000,0.000000,0.000000
11636000,0.000000,0.000000,0.000000
11637000,0.000000,0.000000,0.000000
11638000,0.000000,0.000000,0.000000
11639000,0.000000,0.000000,0.000000
11640000,0.000000,0.000000,0.000000
11641000,0.000000,0.000000,0.000000
11642000,0.000000,0.000000,0.000000
11643000,0.000000,0.000000,0.000000
11644000,0.000000,0.000000,0.000000
11645000,0.000000,0.000000,0.000000
11646000,0.000000,0.000000,0.000000
11647000,0.000000,0.000000,0.000000
11648000,0.000000,0.000000,0.000000
11649000,0.000000,0.000000,0.000000
11650000,0.000000,0.000000,0.000000
11651000,0.000000,0.000000,0.000000
11652000,0.000000,0.000000,0.000000
11653000,0.000000,0.000000,0.000000
11654000,0.000000,0.000000,0.000000
11655000,0.000000,0.000000,0.000000
11656000,0.000000,0.000000,0.000000
11657000,0.000000,0.000000,0.000000
11658000,0.000000,0.000000,0.000000
11659000,0.000000,0.000000,0.000000
11660000,0.000000,0.000000,0.000000
11661000,0.000000,0.000000,0.000000
11662000,0.000000,0.000000,0.000000
11663000,0.000000,0.000000,0.000000
11664000,0.000000,0.000000,0.000000
11665000,0.000000,0.000000,0.000000
11666000,0.000000,0.000000,0.000000
11667000,0.000000,0.000000,0.000000
11668000,0.000000,0.000000,0.000000
11669000,0.000000,0.000000,0.000000
11670000,0.000000,0.000000,0.000000
11671000,0.000000,0.000000,0.000000
11672000,0.000000,0.000000,0.000000
11673000,0.000000,0.000000,0.000000
11674000,0.000000,0.000000,0.000000
11675000,0.000000,0.000000,0.000000
11676000,0.000000,0.000000,0.000000
11677000,0.000000,0.000000,0.000000
11678000,0.000000,0.000000,0.000000
11679000,0.000000,0.000000,0.000000
11680000,0.000000,0.000000,0.000000
11681000,0.000000,0.000000,0.000000
11682000,0.000000,0.000000,0.000000
11683000,0.000000,0.000000,0.000000
11684000,0.000000,0.000000,0.000000
11685000,0.000000,0.000000,0.000000
11686000,0.000000,0.000000,0.000000
11687000,0.000000,0.000000,0.000000
11688000,0.000000,0.000000,0.000000
11689000,0.000000,0.000000,0.000000
11690000,0.000000,0.000000,0.000000
11691000,0.000000,0.000000,0.000000
11692000,0.000000,0.000000,0.000000
11693000,0.000000,0.000000,0.000000
11694000,0.000000,0.000000,0.000000
11695000,0.000000,0.000000,0.000000
11696000,0.000000,0.000000,0.000000
11697000,0.000000,0.000000,0.000000
11698000,0.000000,0.000000,0.000000
11699000,0.000000,0.000000,0.000000
11700000,0.000000,0.000000,0.000000
11701000,0.000000,0.000000,0.000000
11702000,0.000000,0.000000,0.000000
11703000,0.000000,0.000000,0.000000
11704000,0.000000,0.000000,0.000000
11705000,0.000000,0.000000,0.000000
11706000,0.000000,0.000000,0.000000
11707000,0.000000,0.000000,0.000000
11708000,0.000000,0.000000,0.000000
11709000,0.000000,0.000000,0.000000
11710000,0.000000,0.000000,0.000000
11711000,0.000000,0.000000,0.000000
11712000,0.000000,0.000000,0.000000
11713000,0.000000,0.000000,0.000000
11714000,0.000000,0.000000,0.000000
11715000,0.000000,0.000000,0.000000
11716000,0.000000,0.000000,0.000000
11717000,0.000000,0.000000,0.000000
11718000,0.000000,0.000000,0.000000
11719000,0.000000,0.000000,0.000000
11720000,0.000000,0.000000,0.000000
11721000,0.000000,0.000000,0.000000
11722000,0.000000,0.000000,0.000000
11723000,0.000000,0.000000,0.000000
11724000,0.000000,0.000000,0.000000
11725000,0.000000,0.000000,0.000000
11726000,0.000000,0.000000,0.000000
11727000,0.000000,0.000000,0.000000
11728000,0.000000,0.000000,0.000000
11729000,0.000000,0.000000,0.000000
11730000,0.000000,0.000000,0.000000
11731000,0.000000,0.000000,0.000000
11732000,0.000000,0.000000,0.000000
11733000,0.000000,0.000000,0.000000
11734000,0.000000,0.000000,0.000000
11735000,0.000000,0.000000,0.000000
11736000,0.000000,0.000000,0.000000
11737000,0.000000,0.000000,0.000000
11738000,0.000000,0.000000,0.000000
11739000,0.000000,0.000000,0.000000
11740000,0.000000,0.000000,0.000000
11741000,0.000000,0.000000,0.000000
11742000,0.000000,0.000000,0.000000
11743000,0.000000,0.000000,0.000000
11744000,0.000000,0.000000,0.000000
11745000,0.000000,0.000000,0.000000
11746000,0.000000,0.000000,0.000000
11747000,0.000000,0.000000,0.000000
11748000,0.000000,0.000000,0.000000
11749000,0.000000,0.000000,0.000000
11750000,0.000000,0.000000,0.000000
11751000,0.000000,0.000000,0.000000
11752000,0.000000,0.000000,0.000000
11753000,0.000000,0.000000,0.000000
11754000,0.000000,0.000000,0.000000
11755000,0.000000,0.000000,0.000000
11756000,0.000000,0.000000,0.000000
11757000,0.000000,0.000000,0.000000
11758000,0.000000,0.000000,0.000000
11759000,0.000000,0.000000,0.000000
11760000,0.000000,0.000000,0.000000
11761000,0.000000,0.000000,0.000000
11762000,0.000000,0.000000,0.000000
11763000,0.000000,0.000000,0.000000
11764000,0.000000,0.000000,0.000000
11765000,0.000000,0.000000,0.000000
11766000,0.000000,0.000000,0.000000
11767000,0.000000,0.000000,0.000000
11768000,0.000000,0.000000,0.000000
11769000,0.000000,0.000000,0.000000
11770000,0.000000,0.000000,0.000000
11771000,0.000000,0.000000,0.000000
11772000,0.000000,0.000000,0.000000
11773000,0.000000,0.000000,0.000000
11774000,0.000000,0.000000,0.000000
11775000,0.000000,0.000000,0.000000
11776000,0.000000,0.000000,0.000000
11777000,0.000000,0.000000,0.000000
11778000,0.000000,0.000000,0.000000
11779000,0.000000,0.000000,0.000000
11780000,0.000000,0.000000,0.000000
11781000,0.000000,0.000000,0.000000
11782000,0.000000,0.000000,0.000000
11783000,0.000000,0.000000,0.000000
11784000,0.000000,0.000000,0.000000
11785000,0.000000,0.000000,0.000000
11786000,0.000000,0.000000,0.000000
11787000,0.000000,0.000000,0.000000
11788000,0.000000,0.000000,0.000000
11789000,0.000000,0.000000,0.000000
11790000,0.000000,0.000000,0.000000
11791000,0.000000,0.000000,0.000000
11792000,0.000000,0.000000,0.000000
11793000,0.000000,0.000000,0.000000
11794000,0.000000,0.000000,0.000000
11795000,0.000000,0.000000,0.000000
11796000,0.000000,0.000000,0.000000
11797000,0.000000,0.000000,0.000000
11798000,0.000000,0.000000,0.000000
11799000,0.000000,0.000000,0.000000
11800000,0.000000,0.000000,0.000000
11801000,0.000000,0.000000,0.000000
11802000,0.000000,0.000000,0.000000
11803000,0.000000,0.000000,0.000000
11804000,0.000000,0.000000,0.000000
11805000,0.000000,0.000000,0.000000
11806000,0.000000,0.000000,0.000000
11807000,0.000000,0.000000,0.000000
11808000,0.000000,0.000000,0.000000
11809000,0.000000,0.000000,0.000000
11810000,0.000000,0.000000,0.000000
11811000,0.000000,0.000000,0.000000
11812000,0.000000,0.000000,0.000000
11813000,0.000000,0.000000,0.000000
11814000,0.000000,0.000000,0.000000
11815000,0.000000,0.000000,0.000000
11816000,0.000000,0.000000,0.000000
11817000,0.000000,0.000000,0.000000
11818000,0.000000,0.000000,0.000000
11819000,0.000000,0.000000,0.000000
11820000,0.000000,0.000000,0.000000
11821000,0.000000,0.000000,0.000000
11822000,0.000000,0.000000,0.000000
11823000,0.000000,0.000000,0.000000
11824000,0.000000,0.000000,0.000000
11825000,0.000000,0.000000,0.000000
11826000,0.000000,0.000000,0.000000
11827000,0.000000,0.000000,0.000000
11828000,0.000000,0.000000,0.000000
11829000,0.000000,0.000000,0.000000
11830000,0.000000,0.000000,0.000000
11831000,0.000000,0.000000,0.000000
11832000,0.000000,0.000000,0.000000
11833000,0.000000,0.000000,0.000000
11834000,0.000000,0.000000,0.000000
11835000,0.000000,0.000000,0.000000
11836000,0.000000,0.000000,0.000000
11837000,0.000000,0.000000,0.000000
11838000,0.000000,0.000000,0.000000
11839000,0.000000,0.000000,0.000000
11840000,0.000000,0.000000,0.000000
11841000,0.000000,0.000000,0.000000
11842000,0.000000,0.000000,0.000000
11843000,0.000000,0.000000,0.000000
11844000,0.000000,0.000000,0.000000
11845000,0.000000,0.000000,0.000000
11846000,0.000000,0.000000,0.000000
11847000,0.000000,0.000000,0.000000
11848000,0.000000,0.000000,0.000000
11849000,0.000000,0.000000,0.000000
11850000,0.000000,0.000000,0.000000
11851000,0.000000,0.000000,0.000000
11852000,0.000000,0.000000,0.000000
11853000,0.000000,0.000000,0.000000
11854000,0.000000,0.000000,0.000000
11855000,0.000000,0.000000,0.000000
11856000,0.000000,0.000000,0.000000
11857000,0.000000,0.000000,0.000000
11858000,0.000000,0.000000,0.000000
11859000,0.000000,0.000000,0.000000
11860000,0.000000,0.000000,0.000000
11861000,0.000000,0.000000,0.000000
11862000,0.000000,0.000000,0.000000
11863000,0.000000,0.000000,0.000000
11864000,0.000000,0.000000,0.000000
11865000,0.000000,0.000000,0.000000
11866000,0.000000,0.000000,0.000000
11867000,0.000000,0.000000,0.000000
11868000,0.000000,0.000000,0.000000
11869000,0.000000,0.000000,0.000000
11870000,0.000000,0.000000,0.000000
11871000,0.000000,0.000000,0.000000
11872000,0.000000,0.000000,0.000000
11873000,0.000000,0.000000,0.000000
11874000,0.000000,0.000000,0.000000
11875000,0.000000,0.000000,0.000000
11876000,0.000000,0.000000,0.000000
11877000,0.000000,0.000000,0.000000
11878000,0.000000,0.000000,0.000000
11879000,0.000000,0.000000,0.000000
11880000,0.000000,0.000000,0.000000
11881000,0.000000,0.000000,0.000000
11882000,0.000000,0.000000,0.000000
11883000,0.000000,0.000000,0.000000
11884000,0.000000,0.000000,0.000000
11885000,0.000000,0.000000,0.000000
11886000,0.000000,0.000000,0.000000
11887000,0.000000,0.000000,0.000000
11888000,0.000000,0.000000,0.000000
11889000,0.000000,0.000000,0.000000
11890000,0.000000,0.000000,0.000000
11891000,0.000000,0.000000,0.000000
11892000,0.000000,0.000000,0.000000
11893000,0.000000,0.000000,0.000000
11894000,0.000000,0.000000,0.000000
11895000,0.000000,0.000000,0.000000
11896000,0.000000,0.000000,0.000000
11897000,0.000000,0.000000,0.000000
11898000,0.000000,0.000000,0.000000
11899000,0.000000,0.000000,0.000000
11900000,0.000000,0.000000,0.000000
11901000,0.000000,0.000000,0.000000
11902000,0.000000,0.000000,0.000000
11903000,0.000000,0.000000,0.000000
11904000,0.000000,0.000000,0.000000
11905000,0.000000,0.000000,0.000000
11906000,0.000000,0.000000,0.000000
11907000,0.000000,0.000000,0.000000
11908000,0.000000,0.000000,0.000000
11909000,0.000000,0.000000,0.000000
11910000,0.000000,0.000000,0.000000
11911000,0.000000,0.000000,0.000000
11912000,0.000000,0.000000,0.000000
11913000,0.000000,0.000000,0.000000
11914000,0.000000,0.000000,0.000000
11915000,0.000000,0.000000,0.000000
11916000,0.000000,0.000000,0.000000
11917000,0.000000,0.000000,0.000000
11918000,0.000000,0.000000,0.000000
11919000,0.000000,0.000000,0.000000
11920000,0.000000,0.000000,0.000000
11921000,0.000000,0.000000,0.000000
11922000,0.000000,0.000000,0.000000
11923000,0.000000,0.000000,0.000000
11924000,0.000000,0.000000,0.000000
11925000,0.000000,0.000000,0.000000
11926000,0.000000,0.000000,0.000000
11927000,0.000000,0.000000,0.000000
11928000,0.000000,0.000000,0.000000
11929000,0.000000,0.000000,0.000000
11930000,0.000000,0.000000,0.000000
11931000,0.000000,0.000000,0.000000
11932000,0.000000,0.000000,0.000000
11933000,0.000000,0.000000,0.000000
11934000,0.000000,0.000000,0.000000
11935000,0.000000,0.000000,0.000000
11936000,0.000000,0.000000,0.000000
11937000,0.000000,0.000000,0.000000
11938000,0.000000,0.000000,0.000000
11939000,0.000000,0.000000,0.000000
11940000,0.000000,0.000000,0.000000
11941000,0.000000,0.000000,0.000000
11942000,0.000000,0.000000,0.000000
11943000,0.000000,0.000000,0.000000
11944000,0.000000,0.000000,0.000000
11945000,0.000000,0.000000,0.000000
11946000,0.000000,0.000000,0.000000
11947000,0.000000,0.000000,0.000000
11948000,0.000000,0.000000,0.000000
11949000,0.000000,0.000000,0.000000
11950000,0.000000,0.000000,0.000000
11951000,0.000000,0.000000,0.000000
11952000,0.000000,0.000000,0.000000
11953000,0.000000,0.000000,0.000000
11954000,0.000000,0.000000,0.000000
11955000,0.000000,0.000000,0.000000
11956000,0.000000,0.000000,0.000000
11957000,0.000000,0.000000,0.000000
11958000,0.000000,0.000000,0.000000
11959000,0.000000,0.000000,0.000000
11960000,0.000000,0.000000,0.000000
11961000,0.000000,0.000000,0.000000
11962000,0.000000,0.000000,0.000000
11963000,0.000000,0.000000,0.000000
11964000,0.000000,0.000000,0.000000
11965000,0.000000,0.000000,0.000000
11966000,0.000000,0.000000,0.000000
11967000,0.000000,0.000000,0.000000
11968000,0.000000,0.000000,0.000000
11969000,0.000000,0.000000,0.000000
11970000,0.000000,0.000000,0.000000
11971000,0.000000,0.000000,0.000000
11972000,0.000000,0.000000,0.000000
11973000,0.000000,0.000000,0.000000
11974000,0.000000,0.000000,0.000000
11975000,0.000000,0.000000,0.000000
11976000,0.000000,0.000000,0.000000
11977000,0.000000,0.000000,0.000000
11978000,0.000000,0.000000,0.000000
11979000,0.000000,0.000000,0.000000
11980000,0.000000,0.000000,0.000000
11981000,0.000000,0.000000,0.000000
11982000,0.000000,0.000000,0.000000
11983000,0.000000,0.000000,0.000000
11984000,0.000000,0.000000,0.000000
11985000,0.000000,0.000000,0.000000
11986000,0.000000,0.000000,0.000000
11987000,0.000000,0.000000,0.000000
11988000,0.000000,0.000000,0.000000
11989000,0.000000,0.000000,0.000000
11990000,0.000000,0.000000,0.000000
11991000,0.000000,0.000000,0.000000
11992000,0.000000,0.000000,0.000000
11993000,0.000000,0.000000,0.000000
11994000,0.000000,0.000000,0.000000
11995000,0.000000,0.000000,0.000000
11996000,0.000000,0.000000,0.000000
11997000,0.000000,0.000000,0.000000
11998000,0.000000,0.000000,0.000000
11999000,0.000000,0.000000,0.000000
12000000,0.000000,0.000000,0.000000
12001000,0.000000,0.000000,0.000000
12002000,0.000000,0.000000,0.000000
12003000,0.000000,0.000000,0.000000
12004000,0.000000,0.000000,0.000000
12005000,0.000000,0.000000,0.000000
12006000,0.000000,0.000000,0.000000
12007000,0.000000,0.000000,0.000000
12008000,0.000000,0.000000,0.000000
12009000,0.000000,0.000000,0.000000
12010000,0.000000,0.000000,0.000000
12011000,0.000000,0.000000,0.000000
12012000,0.000000,0.000000,0.000000
12013000,0.000000,0.000000,0.000000
12014000,0.000000,0.000000,0.000000
12015000,0.000000,0.000000,0.000000
12016000,0.000000,0.000000,0.000000
12017000,0.000000,0.000000,0.000000
12018000,0.000000,0.000000,0.000000
12019000,0.000000,0.000000,0.000000
12020000,0.000000,0.000000,0.000000
12021000,0.000000,0.000000,0.000000
12022000,0.000000,0.000000,0.000000
12023000,0.000000,0.000000,0.000000
12024000,0.000000,0.000000,0.000000
12025000,0.000000,0.000000,0.000000
12026000,0.000000,0.000000,0.000000
12027000,0.000000,0.000000,0.000000
12028000,0.000000,0.000000,0.000000
12029000,0.000000,0.000000,0.000000
12030000,0.000000,0.000000,0.000000
12031000,0.000000,0.000000,0.000000
12032000,0.000000,0.000000,0.000000
12033000,0.000000,0.000000,0.000000
12034000,0.000000,0.000000,0.000000
12035000,0.000000,0.000000,0.000000
12036000,0.000000,0.000000,0.000000
12037000,0.000000,0.000000,0.000000
12038000,0.000000,0.000000,0.000000
12039000,0.000000,0.000000,0.000000
12040000,0.000000,0.000000,0.000000
12041000,0.000000,0.000000,0.000000
12042000,0.000000,0.000000,0.000000
12043000,0.000000,0.000000,0.000000
12044000,0.000000,0.000000,0.000000
12045000,0.000000,0.000000,0.000000
12046000,0.000000,0.000000,0.000000
12047000,0.000000,0.000000,0.000000
12048000,0.000000,0.000000,0.000000
12049000,0.000000,0.000000,0.000000
12050000,0.000000,0.000000,0.000000
12051000,0.000000,0.000000,0.000000
12052000,0.000000,0.000000,0.000000
12053000,0.000000,0.000000,0.000000
12054000,0.000000,0.000000,0.000000
12055000,0.000000,0.000000,0.000000
12056000,0.000000,0.000000,0.000000
12057000,0.000000,0.000000,0.000000
12058000,0.000000,0.000000,0.000000
12059000,0.000000,0.000000,0.000000
12060000,0.000000,0.000000,0.000000
12061000,0.000000,0.000000,0.000000
12062000,0.000000,0.000000,0.000000
12063000,0.000000,0.000000,0.000000
12064000,0.000000,0.000000,0.000000
12065000,0.000000,0.000000,0.000000
12066000,0.000000,0.000000,0.000000
12067000,0.000000,0.000000,0.000000
12068000,0.000000,0.000000,0.000000
12069000,0.000000,0.000000,0.000000
12070000,0.000000,0.000000,0.000000
12071000,0.000000,0.000000,0.000000
12072000,0.000000,0.000000,0.000000
12073000,0.000000,0.000000,0.000000
12074000,0.000000,0.000000,0.000000
12075000,0.000000,0.000000,0.000000
12076000,0.000000,0.000000,0.000000
12077000,0.000000,0.000000,0.000000
12078000,0.000000,0.000000,0.000000
12079000,0.000000,0.000000,0.000000
12080000,0.000000,0.000000,0.000000
12081000,0.000000,0.000000,0.000000
12082000,0.000000,0.000000,0.000000
12083000,0.000000,0.000000,0.000000
12084000,0.000000,0.000000,0.000000
12085000,0.000000,0.000000,0.000000
12086000,0.000000,0.000000,0.000000
12087000,0.000000,0.000000,0.000000
12088000,0.000000,0.000000,0.000000
12089000,0.000000,0.000000,0.000000
12090000,0.000000,0.000000,0.000000
12091000,0.000000,0.000000,0.000000
12092000,0.000000,0.000000,0.000000
12093000,0.000000,0.000000,0.000000
12094000,0.000000,0.000000,0.000000
12095000,0.000000,0.000000,0.000000
12096000,0.000000,0.000000,0.000000
12097000,0.000000,0.000000,0.000000
12098000,0.000000,0.000000,0.000000
12099000,0.000000,0.000000,0.000000
12100000,0.000000,0.000000,0.000000
12101000,0.000000,0.000000,0.000000
12102000,0.000000,0.000000,0.000000
12103000,0.000000,0.000000,0.000000
12104000,0.000000,0.000000,0.000000
12105000,0.000000,0.000000,0.000000
12106000,0.000000,0.000000,0.000000
12107000,0.000000,0.000000,0.000000
12108000,0.000000,0.000000,0.000000
12109000,0.000000,0.000000,0.000000
12110000,0.000000,0.000000,0.000000
12111000,0.000000,0.000000,0.000000
12112000,0.000000,0.000000,0.000000
12113000,0.000000,0.000000,0.000000
12114000,0.000000,0.000000,0.000000
12115000,0.000000,0.000000,0.000000
12116000,0.000000,0.000000,0.000000
12117000,0.000000,0.000000,0.000000
12118000,0.000000,0.000000,0.000000
12119000,0.000000,0.000000,0.000000
12120000,0.000000,0.000000,0.000000
12121000,0.000000,0.000000,0.000000
12122000,0.000000,0.000000,0.000000
12123000,0.000000,0.000000,0.000000
12124000,0.000000,0.000000,0.000000
12125000,0.000000,0.000000,0.000000
12126000,0.000000,0.000000,0.000000
12127000,0.000000,0.000000,0.000000
12128000,0.000000,0.000000,0.000000
12129000,0.000000,0.000000,0.000000
12130000,0.000000,0.000000,0.000000
12131000,0.000000,0.000000,0.000000
12132000,0.000000,0.000000,0.000000
12133000,0.000000,0.000000,0.000000
12134000,0.000000,0.000000,0.000000
12135000,0.000000,0.000000,0.000000
12136000,0.000000,0.000000,0.000000
12137000,0.000000,0.000000,0.000000
12138000,0.000000,0.000000,0.000000
12139000,0.000000,0.000000,0.000000
12140000,0.000000,0.000000,0.000000
12141000,0.000000,0.000000,0.000000
12142000,0.000000,0.000000,0.000000
12143000,0.000000,0.000000,0.000000
12144000,0.000000,0.000000,0.000000
12145000,0.000000,0.000000,0.000000
12146000,0.000000,0.000000,0.000000
12147000,0.000000,0.000000,0.000000
12148000,0.000000,0.000000,0.000000
12149000,0.000000,0.000000,0.000000
12150000,0.000000,0.000000,0.000000
12151000,0.000000,0.000000,0.000000
12152000,0.000000,0.000000,0.000000
12153000,0.000000,0.000000,0.000000
12154000,0.000000,0.000000,0.000000
12155000,0.000000,0.000000,0.000000
12156000,0.000000,0.000000,0.000000
12157000,0.000000,0.000000,0.000000
12158000,0.000000,0.000000,0.000000
12159000,0.000000,0.000000,0.000000
12160000,0.000000,0.000000,0.000000
12161000,0.000000,0.000000,0.000000
12162000,0.000000,0.000000,0.000000
12163000,0.000000,0.000000,0.000000
12164000,0.000000,0.000000,0.000000
12165000,0.000000,0.000000,0.000000
12166000,0.000000,0.000000,0.000000
12167000,0.000000,0.000000,0.000000
12168000,0.000000,0.000000,0.000000
12169000,0.000000,0.000000,0.000000
12170000,0.000000,0.000000,0.000000
12171000,0.000000,0.000000,0.000000
12172000,0.000000,0.000000,0.000000
12173000,0.000000,0.000000,0.000000
12174000,0.000000,0.000000,0.000000
12175000,0.000000,0.000000,0.000000
12176000,0.000000,0.000000,0.000000
12177000,0.000000,0.000000,0.000000
12178000,0.000000,0.000000,0.000000
12179000,0.000000,0.000000,0.000000
12180000,0.000000,0.000000,0.000000
12181000,0.000000,0.000000,0.000000
12182000,0.000000,0.000000,0.000000
12183000,0.000000,0.000000,0.000000
12184000,0.000000,0.000000,0.000000
12185000,0.000000,0.000000,0.000000
12186000,0.000000,0.000000,0.000000
12187000,0.000000,0.000000,0.000000
12188000,0.000000,0.000000,0.000000
12189000,0.000000,0.000000,0.000000
12190000,0.000000,0.000000,0.000000
12191000,0.000000,0.000000,0.000000
12192000,0.000000,0.000000,0.000000
12193000,0.000000,0.000000,0.000000
12194000,0.000000,0.000000,0.000000
12195000,0.000000,0.000000,0.000000
12196000,0.000000,0.000000,0.000000
12197000,0.000000,0.000000,0.000000
12198000,0.000000,0.000000,0.000000
12199000,0.000000,0.000000,0.000000
12200000,0.000000,0.000000,0.000000
12201000,0.000000,0.000000,0.000000
12202000,0.000000,0.000000,0.000000
12203000,0.000000,0.000000,0.000000
12204000,0.000000,0.000000,0.000000
12205000,0.000000,0.000000,0.000000
12206000,0.000000,0.000000,0.000000
12207000,0.000000,0.000000,0.000000
12208000,0.000000,0.000000,0.000000
12209000,0.000000,0.000000,0.000000
12210000,0.000000,0.000000,0.000000
12211000,0.000000,0.000000,0.000000
12212000,0.000000,0.000000,0.000000
12213000,0.000000,0.000000,0.000000
12214000,0.000000,0.000000,0.000000
12215000,0.000000,0.000000,0.000000
12216000,0.000000,0.000000,0.000000
12217000,0.000000,0.000000,0.000000
12218000,0.000000,0.000000,0.000000
12219000,0.000000,0.000000,0.000000
12220000,0.000000,0.000000,0.000000
12221000,0.000000,0.000000,0.000000
12222000,0.000000,0.000000,0.000000
12223000,0.000000,0.000000,0.000000
12224000,0.000000,0.000000,0.000000
12225000,0.000000,0.000000,0.000000
12226000,0.000000,0.000000,0.000000
12227000,0.000000,0.000000,0.000000
12228000,0.000000,0.000000,0.000000
12229000,0.000000,0.000000,0.000000
12230000,0.000000,0.000000,0.000000
12231000,0.000000,0.000000,0.000000
12232000,0.000000,0.000000,0.000000
12233000,0.000000,0.000000,0.000000
12234000,0.000000,0.000000,0.000000
12235000,0.000000,0.000000,0.000000
12236000,0.000000,0.000000,0.000000
12237000,0.000000,0.000000,0.000000
12238000,0.000000,0.000000,0.000000
12239000,0.000000,0.000000,0.000000
12240000,0.000000,0.000000,0.000000
12241000,0.000000,0.000000,0.000000
12242000,0.000000,0.000000,0.000000
12243000,0.000000,0.000000,0.000000
12244000,0.000000,0.000000,0.000000
12245000,0.000000,0.000000,0.000000
12246000,0.000000,0.000000,0.000000
12247000,0.000000,0.000000,0.000000
12248000,0.000000,0.000000,0.000000
12249000,0.000000,0.000000,0.000000
12250000,0.000000,0.000000,0.000000
12251000,0.000000,0.000000,0.000000
12252000,0.000000,0.000000,0.000000
12253000,0.000000,0.000000,0.000000
12254000,0.000000,0.000000,0.000000
12255000,0.000000,0.000000,0.000000
12256000,0.000000,0.000000,0.000000
12257000,0.000000,0.000000,0.000000
12258000,0.000000,0.000000,0.000000
12259000,0.000000,0.000000,0.000000
12260000,0.000000,0.000000,0.000000
12261000,0.000000,0.000000,0.000000
12262000,0.000000,0.000000,0.000000
12263000,0.000000,0.000000,0.000000
12264000,0.000000,0.000000,0.000000
12265000,0.000000,0.000000,0.000000
12266000,0.000000,0.000000,0.000000
12267000,0.000000,0.000000,0.000000
12268000,0.000000,0.000000,0.000000
12269000,0.000000,0.000000,0.000000
12270000,0.000000,0.000000,0.000000
12271000,0.000000,0.000000,0.000000
12272000,0.000000,0.000000,0.000000
12273000,0.000000,0.000000,0.000000
12274000,0.000000,0.000000,0.000000
12275000,0.000000,0.000000,0.000000
12276000,0.000000,0.000000,0.000000
12277000,0.000000,0.000000,0.000000
12278000,0.000000,0.000000,0.000000
12279000,0.000000,0.000000,0.000000
12280000,0.000000,0.000000,0.000000
12281000,0.000000,0.000000,0.000000
12282000,0.000000,0.000000,0.000000
12283000,0.000000,0.000000,0.000000
12284000,0.000000,0.000000,0.000000
12285000,0.000000,0.000000,0.000000
12286000,0.000000,0.000000,0.000000
12287000,0.000000,0.000000,0.000000
12288000,0.000000,0.000000,0.000000
12289000,0.000000,0.000000,0.000000
12290000,0.000000,0.000000,0.000000
12291000,0.000000,0.000000,0.000000
12292000,0.000000,0.000000,0.000000
12293000,0.000000,0.000000,0.000000
12294000,0.000000,0.000000,0.000000
12295000,0.000000,0.000000,0.000000
12296000,0.000000,0.000000,0.000000
12297000,0.000000,0.000000,0.000000
12298000,0.000000,0.000000,0.000000
12299000,0.000000,0.000000,0.000000
12300000,0.000000,0.000000,0.000000
12301000,0.000000,0.000000,0.000000
12302000,0.000000,0.000000,0.000000
12303000,0.000000,0.000000,0.000000
12304000,0.000000,0.000000,0.000000
12305000,0.000000,0.000000,0.000000
12306000,0.000000,0.000000,0.000000
12307000,0.000000,0.000000,0.000000
12308000,0.000000,0.000000,0.000000
12309000,0.000000,0.000000,0.000000
12310000,0.000000,0.000000,0.000000
12311000,0.000000,0.000000,0.000000
12312000,0.000000,0.000000,0.000000
12313000,0.000000,0.000000,0.000000
12314000,0.000000,0.000000,0.000000
12315000,0.000000,0.000000,0.000000
12316000,0.000000,0.000000,0.000000
12317000,0.000000,0.000000,0.000000
12318000,0.000000,0.000000,0.000000
12319000,0.000000,0.000000,0.000000
12320000,0.000000,0.000000,0.000000
12321000,0.000000,0.000000,0.000000
12322000,0.000000,0.000000,0.000000
12323000,0.000000,0.000000,0.000000
12324000,0.000000,0.000000,0.000000
12325000,0.000000,0.000000,0.000000
12326000,0.000000,0.000000,0.000000
12327000,0.000000,0.000000,0.000000
12328000,0.000000,0.000000,0.000000
12329000,0.000000,0.000000,0.000000
12330000,0.000000,0.000000,0.000000
12331000,0.000000,0.000000,0.000000
12332000,0.000000,0.000000,0.000000
12333000,0.000000,0.000000,0.000000
12334000,0.000000,0.000000,0.000000
12335000,0.000000,0.000000,0.000000
12336000,0.000000,0.000000,0.000000
12337000,0.000000,0.000000,0.000000
12338000,0.000000,0.000000,0.000000
12339000,0.000000,0.000000,0.000000
12340000,0.000000,0.000000,0.000000
12341000,0.000000,0.000000,0.000000
12342000,0.000000,0.000000,0.000000
12343000,0.000000,0.000000,0.000000
12344000,0.000000,0.000000,0.000000
12345000,0.000000,0.000000,0.000000
12346000,0.000000,0.000000,0.000000
12347000,0.000000,0.000000,0.000000
12348000,0.000000,0.000000,0.000000
12349000,0.000000,0.000000,0.000000
12350000,0.000000,0.000000,0.000000
12351000,0.000000,0.000000,0.000000
12352000,0.000000,0.000000,0.000000
12353000,0.000000,0.000000,0.000000
12354000,0.000000,0.000000,0.000000
12355000,0.000000,0.000000,0.000000
12356000,0.000000,0.000000,0.000000
12357000,0.000000,0.000000,0.000000
12358000,0.000000,0.000000,0.000000
12359000,0.000000,0.000000,0.000000
12360000,0.000000,0.000000,0.000000
12361000,0.000000,0.000000,0.000000
12362000,0.000000,0.000000,0.000000
12363000,0.000000,0.000000,0.000000
12364000,0.000000,0.000000,0.000000
12365000,0.000000,0.000000,0.000000
12366000,0.000000,0.000000,0.000000
12367000,0.000000,0.000000,0.000000
12368000,0.000000,0.000000,0.000000
12369000,0.000000,0.000000,0.000000
12370000,0.000000,0.000000,0.000000
12371000,0.000000,0.000000,0.000000
12372000,0.000000,0.000000,0.000000
12373000,0.000000,0.000000,0.000000
12374000,0.000000,0.000000,0.000000
12375000,0.000000,0.000000,0.000000
12376000,0.000000,0.000000,0.000000
12377000,0.000000,0.000000,0.000000
12378000,0.000000,0.000000,0.000000
12379000,0.000000,0.000000,0.000000
12380000,0.000000,0.000000,0.000000
12381000,0.000000,0.000000,0.000000
12382000,0.000000,0.000000,0.000000
12383000,0.000000,0.000000,0.000000
12384000,0.000000,0.000000,0.000000
12385000,0.000000,0.000000,0.000000
12386000,0.000000,0.000000,0.000000
12387000,0.000000,0.000000,0.000000
12388000,0.000000,0.000000,0.000000
12389000,0.000000,0.000000,0.000000
12390000,0.000000,0.000000,0.000000
12391000,0.000000,0.000000,0.000000
12392000,0.000000,0.000000,0.000000
12393000,0.000000,0.000000,0.000000
12394000,0.000000,0.000000,0.000000
12395000,0.000000,0.000000,0.000000
12396000,0.000000,0.000000,0.000000
12397000,0.000000,0.000000,0.000000
12398000,0.000000,0.000000,0.000000
12399000,0.000000,0.000000,0.000000
12400000,0.000000,0.000000,0.000000
12401000,0.000000,0.000000,0.000000
12402000,0.000000,0.000000,0.000000
12403000,0.000000,0.000000,0.000000
12404000,0.000000,0.000000,0.000000
12405000,0.000000,0.000000,0.000000
12406000,0.000000,0.000000,0.000000
12407000,0.000000,0.000000,0.000000
12408000,0.000000,0.000000,0.000000
12409000,0.000000,0.000000,0.000000
12410000,0.000000,0.000000,0.000000
12411000,0.000000,0.000000,0.000000
12412000,0.000000,0.000000,0.000000
12413000,0.000000,0.000000,0.000000
12414000,0.000000,0.000000,0.000000
12415000,0.000000,0.000000,0.000000
12416000,0.000000,0.000000,0.000000
12417000,0.000000,0.000000,0.000000
12418000,0.000000,0.000000,0.000000
12419000,0.000000,0.000000,0.000000
12420000,0.000000,0.000000,0.000000
12421000,0.000000,0.000000,0.000000
12422000,0.000000,0.000000,0.000000
12423000,0.000000,0.000000,0.000000
12424000,0.000000,0.000000,0.000000
12425000,0.000000,0.000000,0.000000
12426000,0.000000,0.000000,0.000000
12427000,0.000000,0.000000,0.000000
12428000,0.000000,0.000000,0.000000
12429000,0.000000,0.000000,0.000000
12430000,0.000000,0.000000,0.000000
12431000,0.000000,0.000000,0.000000
12432000,0.000000,0.000000,0.000000
12433000,0.000000,0.000000,0.000000
12434000,0.000000,0.000000,0.000000
12435000,0.000000,0.000000,0.000000
12436000,0.000000,0.000000,0.000000
12437000,0.000000,0.000000,0.000000
12438000,0.000000,0.000000,0.000000
12439000,0.000000,0.000000,0.000000
12440000,0.000000,0.000000,0.000000
12441000,0.000000,0.000000,0.000000
12442000,0.000000,0.000000,0.000000
12443000,0.000000,0.000000,0.000000
12444000,0.000000,0.000000,0.000000
12445000,0.000000,0.000000,0.000000
12446000,0.000000,0.000000,0.000000
12447000,0.000000,0.000000,0.000000
12448000,0.000000,0.000000,0.000000
12449000,0.000000,0.000000,0.000000
12450000,0.000000,0.000000,0.000000
12451000,0.000000,0.000000,0.000000
12452000,0.000000,0.000000,0.000000
12453000,0.000000,0.000000,0.000000
12454000,0.000000,0.000000,0.000000
12455000,0.000000,0.000000,0.000000
12456000,0.000000,0.000000,0.000000
12457000,0.000000,0.000000,0.000000
12458000,0.000000,0.000000,0.000000
12459000,0.000000,0.000000,0.000000
12460000,0.000000,0.000000,0.000000
12461000,0.000000,0.000000,0.000000
12462000,0.000000,0.000000,0.000000
12463000,0.000000,0.000000,0.000000
12464000,0.000000,0.000000,0.000000
12465000,0.000000,0.000000,0.000000
12466000,0.000000,0.000000,0.000000
12467000,0.000000,0.000000,0.000000
12468000,0.000000,0.000000,0.000000
12469000,0.000000,0.000000,0.000000
12470000,0.000000,0.000000,0.000000
12471000,0.000000,0.000000,0.000000
12472000,0.000000,0.000000,0.000000
12473000,0.000000,0.000000,0.000000
12474000,0.000000,0.000000,0.000000
12475000,0.000000,0.000000,0.000000
12476000,0.000000,0.000000,0.000000
12477000,0.000000,0.000000,0.000000
12478000,0.000000,0.000000,0.000000
12479000,0.000000,0.000000,0.000000
12480000,0.000000,0.000000,0.000000
12481000,0.000000,0.000000,0.000000
12482000,0.000000,0.000000,0.000000
12483000,0.000000,0.000000,0.000000
12484000,0.000000,0.000000,0.000000
12485000,0.000000,0.000000,0.000000
12486000,0.000000,0.000000,0.000000
12487000,0.000000,0.000000,0.000000
12488000,0.000000,0.000000,0.000000
12489000,0.000000,0.000000,0.000000
12490000,0.000000,0.000000,0.000000
12491000,0.000000,0.000000,0.000000
12492000,0.000000,0.000000,0.000000
12493000,0.000000,0.000000,0.000000
12494000,0.000000,0.000000,0.000000
12495000,0.000000,0.000000,0.000000
12496000,0.000000,0.000000,0.000000
12497000,0.000000,0.000000,0.000000
12498000,0.000000,0.000000,0.000000
12499000,0.000000,0.000000,0.000000
12500000,0.000000,0.000000,0.000000
12501000,0.000000,0.000000,0.000000
12502000,0.000000,0.000000,0.000000
12503000,0.000000,0.000000,0.000000
12504000,0.000000,0.000000,0.000000
12505000,0.000000,0.000000,0.000000
12506000,0.000000,0.000000,0.000000
12507000,0.000000,0.000000,0.000000
12508000,0.000000,0.000000,0.000000
12509000,0.000000,0.000000,0.000000
12510000,0.000000,0.000000,0.000000
12511000,0.000000,0.000000,0.000000
12512000,0.000000,0.000000,0.000000
12513000,0.000000,0.000000,0.000000
12514000,0.000000,0.000000,0.000000
12515000,0.000000,0.000000,0.000000
12516000,0.000000,0.000000,0.000000
12517000,0.000000,0.000000,0.000000
12518000,0.000000,0.000000,0.000000
12519000,0.000000,0.000000,0.000000
12520000,0.000000,0.000000,0.000000
12521000,0.000000,0.000000,0.000000
12522000,0.000000,0.000000,0.000000
12523000,0.000000,0.000000,0.000000
12524000,0.000000,0.000000,0.000000
12525000,0.000000,0.000000,0.000000
12526000,0.000000,0.000000,0.000000
12527000,0.000000,0.000000,0.000000
12528000,0.000000,0.000000,0.000000
12529000,0.000000,0.000000,0.000000
12530000,0.000000,0.000000,0.000000
12531000,0.000000,0.000000,0.000000
12532000,0.000000,0.000000,0.000000
12533000,0.000000,0.000000,0.000000
12534000,0.000000,0.000000,0.000000
12535000,0.000000,0.000000,0.000000
12536000,0.000000,0.000000,0.000000
12537000,0.000000,0.000000,0.000000
12538000,0.000000,0.000000,0.000000
12539000,0.000000,0.000000,0.000000
12540000,0.000000,0.000000,0.000000
12541000,0.000000,0.000000,0.000000
12542000,0.000000,0.000000,0.000000
12543000,0.000000,0.000000,0.000000
12544000,0.000000,0.000000,0.000000
12545000,0.000000,0.000000,0.000000
12546000,0.000000,0.000000,0.000000
12547000,0.000000,0.000000,0.000000
12548000,0.000000,0.000000,0.000000
12549000,0.000000,0.000000,0.000000
12550000,0.000000,0.000000,0.000000
12551000,0.000000,0.000000,0.000000
12552000,0.000000,0.000000,0.000000
12553000,0.000000,0.000000,0.000000
12554000,0.000000,0.000000,0.000000
12555000,0.000000,0.000000,0.000000
12556000,0.000000,0.000000,0.000000
12557000,0.000000,0.000000,0.000000
12558000,0.000000,0.000000,0.000000
12559000,0.000000,0.000000,0.000000
12560000,0.000000,0.000000,0.000000
12561000,0.000000,0.000000,0.000000
12562000,0.000000,0.000000,0.000000
12563000,0.000000,0.000000,0.000000
12564000,0.000000,0.000000,0.000000
12565000,0.000000,0.000000,0.000000
12566000,0.000000,0.000000,0.000000
12567000,0.000000,0.000000,0.000000
12568000,0.000000,0.000000,0.000000
12569000,0.000000,0.000000,0.000000
12570000,0.000000,0.000000,0.000000
12571000,0.000000,0.000000,0.000000
12572000,0.000000,0.000000,0.000000
12573000,0.000000,0.000000,0.000000
12574000,0.000000,0.000000,0.000000
12575000,0.000000,0.000000,0.000000
12576000,0.000000,0.000000,0.000000
12577000,0.000000,0.000000,0.000000
12578000,0.000000,0.000000,0.000000
12579000,0.000000,0.000000,0.000000
12580000,0.000000,0.000000,0.000000
12581000,0.000000,0.000000,0.000000
12582000,0.000000,0.000000,0.000000
12583000,0.000000,0.000000,0.000000
12584000,0.000000,0.000000,0.000000
12585000,0.000000,0.000000,0.000000
12586000,0.000000,0.000000,0.000000
12587000,0.000000,0.000000,0.000000
12588000,0.000000,0.000000,0.000000
12589000,0.000000,0.000000,0.000000
12590000,0.000000,0.000000,0.000000
12591000,0.000000,0.000000,0.000000
12592000,0.000000,0.000000,0.000000
12593000,0.000000,0.000000,0.000000
12594000,0.000000,0.000000,0.000000
12595000,0.000000,0.000000,0.000000
12596000,0.000000,0.000000,0.000000
12597000,0.000000,0.000000,0.000000
12598000,0.000000,0.000000,0.000000
12599000,0.000000,0.000000,0.000000
12600000,0.000000,0.000000,0.000000
12601000,0.000000,0.000000,0.000000
12602000,0.000000,0.000000,0.000000
12603000,0.000000,0.000000,0.000000
12604000,0.000000,0.000000,0.000000
12605000,0.000000,0.000000,0.000000
12606000,0.000000,0.000000,0.000000
12607000,0.000000,0.000000,0.000000
12608000,0.000000,0.000000,0.000000
12609000,0.000000,0.000000,0.000000
12610000,0.000000,0.000000,0.000000
12611000,0.000000,0.000000,0.000000
12612000,0.000000,0.000000,0.000000
12613000,0.000000,0.000000,0.000000
12614000,0.000000,0.000000,0.000000
12615000,0.000000,0.000000,0.000000
12616000,0.000000,0.000000,0.000000
12617000,0.000000,0.000000,0.000000
12618000,0.000000,0.000000,0.000000
12619000,0.000000,0.000000,0.000000
12620000,0.000000,0.000000,0.000000
12621000,0.000000,0.000000,0.000000
12622000,0.000000,0.000000,0.000000
12623000,0.000000,0.000000,0.000000
12624000,0.000000,0.000000,0.000000
12625000,0.000000,0.000000,0.000000
12626000,0.000000,0.000000,0.000000
12627000,0.000000,0.000000,0.000000
12628000,0.000000,0.000000,0.000000
12629000,0.000000,0.000000,0.000000
12630000,0.000000,0.000000,0.000000
12631000,0.000000,0.000000,0.000000
12632000,0.000000,0.000000,0.000000
12633000,0.000000,0.000000,0.000000
12634000,0.000000,0.000000,0.000000
12635000,0.000000,0.000000,0.000000
12636000,0.000000,0.000000,0.000000
12637000,0.000000,0.000000,0.000000
12638000,0.000000,0.000000,0.000000
12639000,0.000000,0.000000,0.000000
12640000,0.000000,0.000000,0.000000
12641000,0.000000,0.000000,0.000000
12642000,0.000000,0.000000,0.000000
12643000,0.000000,0.000000,0.000000
12644000,0.000000,0.000000,0.000000
12645000,0.000000,0.000000,0.000000
12646000,0.000000,0.000000,0.000000
12647000,0.000000,0.000000,0.000000
12648000,0.000000,0.000000,0.000000
12649000,0.000000,0.000000,0.000000
12650000,0.000000,0.000000,0.000000
12651000,0.000000,0.000000,0.000000
12652000,0.000000,0.000000,0.000000
12653000,0.000000,0.000000,0.000000
12654000,0.000000,0.000000,0.000000
12655000,0.000000,0.000000,0.000000
12656000,0.000000,0.000000,0.000000
12657000,0.000000,0.000000,0.000000
12658000,0.000000,0.000000,0.000000
12659000,0.000000,0.000000,0.000000
12660000,0.000000,0.000000,0.000000
12661000,0.000000,0.000000,0.000000
12662000,0.000000,0.000000,0.000000
12663000,0.000000,0.000000,0.000000
12664000,0.000000,0.000000,0.000000
12665000,0.000000,0.000000,0.000000
12666000,0.000000,0.000000,0.000000
12667000,0.000000,0.000000,0.000000
12668000,0.000000,0.000000,0.000000
12669000,0.000000,0.000000,0.000000
12670000,0.000000,0.000000,0.000000
12671000,0.000000,0.000000,0.000000
12672000,0.000000,0.000000,0.000000
12673000,0.000000,0.000000,0.000000
12674000,0.000000,0.000000,0.000000
12675000,0.000000,0.000000,0.000000
12676000,0.000000,0.000000,0.000000
12677000,0.000000,0.000000,0.000000
12678000,0.000000,0.000000,0.000000
12679000,0.000000,0.000000,0.000000
12680000,0.000000,0.000000,0.000000
12681000,0.000000,0.000000,0.000000
12682000,0.000000,0.000000,0.000000
12683000,0.000000,0.000000,0.000000
12684000,0.000000,0.000000,0.000000
12685000,0.000000,0.000000,0.000000
12686000,0.000000,0.000000,0.000000
12687000,0.000000,0.000000,0.000000
12688000,0.000000,0.000000,0.000000
12689000,0.000000,0.000000,0.000000
12690000,0.000000,0.000000,0.000000
12691000,0.000000,0.000000,0.000000
12692000,0.000000,0.000000,0.000000
12693000,0.000000,0.000000,0.000000
12694000,0.000000,0.000000,0.000000
12695000,0.000000,0.000000,0.000000
12696000,0.000000,0.000000,0.000000
12697000,0.000000,0.000000,0.000000
12698000,0.000000,0.000000,0.000000
12699000,0.000000,0.000000,0.000000
12700000,0.000000,0.000000,0.000000
12701000,0.000000,0.000000,0.000000
12702000,0.000000,0.000000,0.000000
12703000,0.000000,0.000000,0.000000
12704000,0.000000,0.000000,0.000000
12705000,0.000000,0.000000,0.000000
12706000,0.000000,0.000000,0.000000
12707000,0.000000,0.000000,0.000000
12708000,0.000000,0.000000,0.000000
12709000,0.000000,0.000000,0.000000
12710000,0.000000,0.000000,0.000000
12711000,0.000000,0.000000,0.000000
12712000,0.000000,0.000000,0.000000
12713000,0.000000,0.000000,0.000000
12714000,0.000000,0.000000,0.000000
12715000,0.000000,0.000000,0.000000
12716000,0.000000,0.000000,0.000000
12717000,0.000000,0.000000,0.000000
12718000,0.000000,0.000000,0.000000
12719000,0.000000,0.000000,0.000000
12720000,0.000000,0.000000,0.000000
12721000,0.000000,0.000000,0.000000
12722000,0.000000,0.000000,0.000000
12723000,0.000000,0.000000,0.000000
12724000,0.000000,0.000000,0.000000
12725000,0.000000,0.000000,0.000000
12726000,0.000000,0.000000,0.000000
12727000,0.000000,0.000000,0.000000
12728000,0.000000,0.000000,0.000000
12729000,0.000000,0.000000,0.000000
12730000,0.000000,0.000000,0.000000
12731000,0.000000,0.000000,0.000000
12732000,0.000000,0.000000,0.000000
12733000,0.000000,0.000000,0.000000
12734000,0.000000,0.000000,0.000000
12735000,0.000000,0.000000,0.000000
12736000,0.000000,0.000000,0.000000
12737000,0.000000,0.000000,0.000000
12738000,0.000000,0.000000,0.000000
12739000,0.000000,0.000000,0.000000
12740000,0.000000,0.000000,0.000000
12741000,0.000000,0.000000,0.000000
12742000,0.000000,0.000000,0.000000
12743000,0.000000,0.000000,0.000000
12744000,0.000000,0.000000,0.000000
12745000,0.000000,0.000000,0.000000
12746000,0.000000,0.000000,0.000000
12747000,0.000000,0.000000,0.000000
12748000,0.000000,0.000000,0.000000
12749000,0.000000,0.000000,0.000000
12750000,0.000000,0.000000,0.000000
12751000,0.000000,0.000000,0.000000
12752000,0.000000,0.000000,0.000000
12753000,0.000000,0.000000,0.000000
12754000,0.000000,0.000000,0.000000
12755000,0.000000,0.000000,0.000000
12756000,0.000000,0.000000,0.000000
12757000,0.000000,0.000000,0.000000
12758000,0.000000,0.000000,0.000000
12759000,0.000000,0.000000,0.000000
12760000,0.000000,0.000000,0.000000
12761000,0.000000,0.000000,0.000000
12762000,0.000000,0.000000,0.000000
12763000,0.000000,0.000000,0.000000
12764000,0.000000,0.000000,0.000000
12765000,0.000000,0.000000,0.000000
12766000,0.000000,0.000000,0.000000
12767000,0.000000,0.000000,0.000000
12768000,0.000000,0.000000,0.000000
12769000,0.000000,0.000000,0.000000
12770000,0.000000,0.000000,0.000000
12771000,0.000000,0.000000,0.000000
12772000,0.000000,0.000000,0.000000
12773000,0.000000,0.000000,0.000000
12774000,0.000000,0.000000,0.000000
12775000,0.000000,0.000000,0.000000
12776000,0.000000,0.000000,0.000000
12777000,0.000000,0.000000,0.000000
12778000,0.000000,0.000000,0.000000
12779000,0.000000,0.000000,0.000000
12780000,0.000000,0.000000,0.000000
12781000,0.000000,0.000000,0.000000
12782000,0.000000,0.000000,0.000000
12783000,0.000000,0.000000,0.000000
12784000,0.000000,0.000000,0.000000
12785000,0.000000,0.000000,0.000000
12786000,0.000000,0.000000,0.000000
12787000,0.000000,0.000000,0.000000
12788000,0.000000,0.000000,0.000000
12789000,0.000000,0.000000,0.000000
12790000,0.000000,0.000000,0.000000
12791000,0.000000,0.000000,0.000000
12792000,0.000000,0.000000,0.000000
12793000,0.000000,0.000000,0.000000
12794000,0.000000,0.000000,0.000000
12795000,0.000000,0.000000,0.000000
12796000,0.000000,0.000000,0.000000
12797000,0.000000,0.000000,0.000000
12798000,0.000000,0.000000,0.000000
12799000,0.000000,0.000000,0.000000
12800000,0.000000,0.000000,0.000000
12801000,0.000000,0.000000,0.000000
12802000,0.000000,0.000000,0.000000
12803000,0.000000,0.000000,0.000000
12804000,0.000000,0.000000,0.000000
12805000,0.000000,0.000000,0.000000
12806000,0.000000,0.000000,0.000000
12807000,0.000000,0.000000,0.000000
12808000,0.000000,0.000000,0.000000
12809000,0.000000,0.000000,0.000000
12810000,0.000000,0.000000,0.000000
12811000,0.000000,0.000000,0.000000
12812000,0.000000,0.000000,0.000000
12813000,0.000000,0.000000,0.000000
12814000,0.000000,0.000000,0.000000
12815000,0.000000,0.000000,0.000000
12816000,0.000000,0.000000,0.000000
12817000,0.000000,0.000000,0.000000
12818000,0.000000,0.000000,0.000000
12819000,0.000000,0.000000,0.000000
12820000,0.000000,0.000000,0.000000
12821000,0.000000,0.000000,0.000000
12822000,0.000000,0.000000,0.000000
12823000,0.000000,0.000000,0.000000
12824000,0.000000,0.000000,0.000000
12825000,0.000000,0.000000,0.000000
12826000,0.000000,0.000000,0.000000
12827000,0.000000,0.000000,0.000000
12828000,0.000000,0.000000,0.000000
12829000,0.000000,0.000000,0.000000
12830000,0.000000,0.000000,0.000000
12831000,0.000000,0.000000,0.000000
12832000,0.000000,0.000000,0.000000
12833000,0.000000,0.000000,0.000000
12834000,0.000000,0.000000,0.000000
12835000,0.000000,0.000000,0.000000
12836000,0.000000,0.000000,0.000000
12837000,0.000000,0.000000,0.000000
12838000,0.000000,0.000000,0.000000
12839000,0.000000,0.000000,0.000000
12840000,0.000000,0.000000,0.000000
12841000,0.000000,0.000000,0.000000
12842000,0.000000,0.000000,0.000000
12843000,0.000000,0.000000,0.000000
12844000,0.000000,0.000000,0.000000
12845000,0.000000,0.000000,0.000000
12846000,0.000000,0.000000,0.000000
12847000,0.000000,0.000000,0.000000
12848000,0.000000,0.000000,0.000000
12849000,0.000000,0.000000,0.000000
12850000,0.000000,0.000000,0.000000
12851000,0.000000,0.000000,0.000000
12852000,0.000000,0.000000,0.000000
12853000,0.000000,0.000000,0.000000
12854000,0.000000,0.000000,0.000000
12855000,0.000000,0.000000,0.000000
12856000,0.000000,0.000000,0.000000
12857000,0.000000,0.000000,0.000000
12858000,0.000000,0.000000,0.000000
12859000,0.000000,0.000000,0.000000
12860000,0.000000,0.000000,0.000000
12861000,0.000000,0.000000,0.000000
12862000,0.000000,0.000000,0.000000
12863000,0.000000,0.000000,0.000000
12864000,0.000000,0.000000,0.000000
12865000,0.000000,0.000000,0.000000
12866000,0.000000,0.000000,0.000000
12867000,0.000000,0.000000,0.000000
12868000,0.000000,0.000000,0.000000
12869000,0.000000,0.000000,0.000000
12870000,0.000000,0.000000,0.000000
12871000,0.000000,0.000000,0.000000
12872000,0.000000,0.000000,0.000000
12873000,0.000000,0.000000,0.000000
12874000,0.000000,0.000000,0.000000
12875000,0.000000,0.000000,0.000000
12876000,0.000000,0.000000,0.000000
12877000,0.000000,0.000000,0.000000
12878000,0.000000,0.000000,0.000000
12879000,0.000000,0.000000,0.000000
12880000,0.000000,0.000000,0.000000
12881000,0.000000,0.000000,0.000000
12882000,0.000000,0.000000,0.000000
12883000,0.000000,0.000000,0.000000
12884000,0.000000,0.000000,0.000000
12885000,0.000000,0.000000,0.000000
12886000,0.000000,0.000000,0.000000
12887000,0.000000,0.000000,0.000000
12888000,0.000000,0.000000,0.000000
12889000,0.000000,0.000000,0.000000
12890000,0.000000,0.000000,0.000000
12891000,0.000000,0.000000,0.000000
12892000,0.000000,0.000000,0.000000
12893000,0.000000,0.000000,0.000000
12894000,0.000000,0.000000,0.000000
12895000,0.000000,0.000000,0.000000
12896000,0.000000,0.000000,0.000000
12897000,0.000000,0.000000,0.000000
12898000,0.000000,0.000000,0.000000
12899000,0.000000,0.000000,0.000000
12900000,0.000000,0.000000,0.000000
12901000,0.000000,0.000000,0.000000
12902000,0.000000,0.000000,0.000000
12903000,0.000000,0.000000,0.000000
12904000,0.000000,0.000000,0.000000
12905000,0.000000,0.000000,0.000000
12906000,0.000000,0.000000,0.000000
12907000,0.000000,0.000000,0.000000
12908000,0.000000,0.000000,0.000000
12909000,0.000000,0.000000,0.000000
12910000,0.000000,0.000000,0.000000
12911000,0.000000,0.000000,0.000000
12912000,0.000000,0.000000,0.000000
12913000,0.000000,0.000000,0.000000
12914000,0.000000,0.000000,0.000000
12915000,0.000000,0.000000,0.000000
12916000,0.000000,0.000000,0.000000
12917000,0.000000,0.000000,0.000000
12918000,0.000000,0.000000,0.000000
12919000,0.000000,0.000000,0.000000
12920000,0.000000,0.000000,0.000000
12921000,0.000000,0.000000,0.000000
12922000,0.000000,0.000000,0.000000
12923000,0.000000,0.000000,0.000000
12924000,0.000000,0.000000,0.000000
12925000,0.000000,0.000000,0.000000
12926000,0.000000,0.000000,0.000000
12927000,0.000000,0.000000,0.000000
12928000,0.000000,0.000000,0.000000
12929000,0.000000,0.000000,0.000000
12930000,0.000000,0.000000,0.000000
12931000,0.000000,0.000000,0.000000
12932000,0.000000,0.000000,0.000000
12933000,0.000000,0.000000,0.000000
12934000,0.000000,0.000000,0.000000
12935000,0.000000,0.000000,0.000000
12936000,0.000000,0.000000,0.000000
12937000,0.000000,0.000000,0.000000
12938000,0.000000,0.000000,0.000000
12939000,0.000000,0.000000,0.000000
12940000,0.000000,0.000000,0.000000
12941000,0.000000,0.000000,0.000000
12942000,0.000000,0.000000,0.000000
12943000,0.000000,0.000000,0.000000
12944000,0.000000,0.000000,0.000000
12945000,0.000000,0.000000,0.000000
12946000,0.000000,0.000000,0.000000
12947000,0.000000,0.000000,0.000000
12948000,0.000000,0.000000,0.000000
12949000,0.000000,0.000000,0.000000
12950000,0.000000,0.000000,0.000000
12951000,0.000000,0.000000,0.000000
12952000,0.000000,0.000000,0.000000
12953000,0.000000,0.000000,0.000000
12954000,0.000000,0.000000,0.000000
12955000,0.000000,0.000000,0.000000
12956000,0.000000,0.000000,0.000000
12957000,0.000000,0.000000,0.000000
12958000,0.000000,0.000000,0.000000
12959000,0.000000,0.000000,0.000000
12960000,0.000000,0.000000,0.000000
12961000,0.000000,0.000000,0.000000
12962000,0.000000,0.000000,0.000000
12963000,0.000000,0.000000,0.000000
12964000,0.000000,0.000000,0.000000
12965000,0.000000,0.000000,0.000000
12966000,0.000000,0.000000,0.000000
12967000,0.000000,0.000000,0.000000
12968000,0.000000,0.000000,0.000000
12969000,0.000000,0.000000,0.000000
12970000,0.000000,0.000000,0.000000
12971000,0.000000,0.000000,0.000000
12972000,0.000000,0.000000,0.000000
12973000,0.000000,0.000000,0.000000
12974000,0.000000,0.000000,0.000000
12975000,0.000000,0.000000,0.000000
12976000,0.000000,0.000000,0.000000
12977000,0.000000,0.000000,0.000000
12978000,0.000000,0.000000,0.000000
12979000,0.000000,0.000000,0.000000
12980000,0.000000,0.000000,0.000000
12981000,0.000000,0.000000,0.000000
12982000,0.000000,0.000000,0.000000
12983000,0.000000,0.000000,0.000000
12984000,0.000000,0.000000,0.000000
12985000,0.000000,0.000000,0.000000
12986000,0.000000,0.000000,0.000000
12987000,0.000000,0.000000,0.000000
12988000,0.000000,0.000000,0.000000
12989000,0.000000,0.000000,0.000000
12990000,0.000000,0.000000,0.000000
12991000,0.000000,0.000000,0.000000
12992000,0.000000,0.000000,0.000000
12993000,0.000000,0.000000,0.000000
12994000,0.000000,0.000000,0.000000
12995000,0.000000,0.000000,0.000000
12996000,0.000000,0.000000,0.000000
12997000,0.000000,0.000000,0.000000
12998000,0.000000,0.000000,0.000000
12999000,0.000000,0.000000,0.000000
13000000,0.000000,0.000000,0.000000
13001000,0.000000,0.000000,0.000000
13002000,0.000000,0.000000,0.000000
13003000,0.000000,0.000000,0.000000
13004000,0.000000,0.000000,0.000000
13005000,0.000000,0.000000,0.000000
13006000,0.000000,0.000000,0.000000
13007000,0.000000,0.000000,0.000000
13008000,0.000000,0.000000,0.000000
13009000,0.000000,0.000000,0.000000
13010000,0.000000,0.000000,0.000000
13011000,0.000000,0.000000,0.000000
13012000,0.000000,0.000000,0.000000
13013000,0.000000,0.000000,0.000000
13014000,0.000000,0.000000,0.000000
13015000,0.000000,0.000000,0.000000
13016000,0.000000,0.000000,0.000000
13017000,0.000000,0.000000,0.000000
13018000,0.000000,0.000000,0.000000
13019000,0.000000,0.000000,0.000000
13020000,0.000000,0.000000,0.000000
13021000,0.000000,0.000000,0.000000
13022000,0.000000,0.000000,0.000000
13023000,0.000000,0.000000,0.000000
13024000,0.000000,0.000000,0.000000
13025000,0.000000,0.000000,0.000000
13026000,0.000000,0.000000,0.000000
13027000,0.000000,0.000000,0.000000
13028000,0.000000,0.000000,0.000000
13029000,0.000000,0.000000,0.000000
13030000,0.000000,0.000000,0.000000
13031000,0.000000,0.000000,0.000000
13032000,0.000000,0.000000,0.000000
13033000,0.000000,0.000000,0.000000
13034000,0.000000,0.000000,0.000000
13035000,0.000000,0.000000,0.000000
13036000,0.000000,0.000000,0.000000
13037000,0.000000,0.000000,0.000000
13038000,0.000000,0.000000,0.000000
13039000,0.000000,0.000000,0.000000
13040000,0.000000,0.000000,0.000000
13041000,0.000000,0.000000,0.000000
13042000,0.000000,0.000000,0.000000
13043000,0.000000,0.000000,0.000000
13044000,0.000000,0.000000,0.000000
13045000,0.000000,0.000000,0.000000
13046000,0.000000,0.000000,0.000000
13047000,0.000000,0.000000,0.000000
13048000,0.000000,0.000000,0.000000
13049000,0.000000,0.000000,0.000000
13050000,0.000000,0.000000,0.000000
13051000,0.000000,0.000000,0.000000
13052000,0.000000,0.000000,0.000000
13053000,0.000000,0.000000,0.000000
13054000,0.000000,0.000000,0.000000
13055000,0.000000,0.000000,0.000000
13056000,0.000000,0.000000,0.000000
13057000,0.000000,0.000000,0.000000
13058000,0.000000,0.000000,0.000000
13059000,0.000000,0.000000,0.000000
13060000,0.000000,0.000000,0.000000
13061000,0.000000,0.000000,0.000000
13062000,0.000000,0.000000,0.000000
13063000,0.000000,0.000000,0.000000
13064000,0.000000,0.000000,0.000000
13065000,0.000000,0.000000,0.000000
13066000,0.000000,0.000000,0.000000
13067000,0.000000,0.000000,0.000000
13068000,0.000000,0.000000,0.000000
13069000,0.000000,0.000000,0.000000
13070000,0.000000,0.000000,0.000000
13071000,0.000000,0.000000,0.000000
13072000,0.000000,0.000000,0.000000
13073000,0.000000,0.000000,0.000000
13074000,0.000000,0.000000,0.000000
13075000,0.000000,0.000000,0.000000
13076000,0.000000,0.000000,0.000000
13077000,0.000000,0.000000,0.000000
13078000,0.000000,0.000000,0.000000
13079000,0.000000,0.000000,0.000000
13080000,0.000000,0.000000,0.000000
13081000,0.000000,0.000000,0.000000
13082000,0.000000,0.000000,0.000000
13083000,0.000000,0.000000,0.000000
13084000,0.000000,0.000000,0.000000
13085000,0.000000,0.000000,0.000000
13086000,0.000000,0.000000,0.000000
13087000,0.000000,0.000000,0.000000
13088000,0.000000,0.000000,0.000000
13089000,0.000000,0.000000,0.000000
13090000,0.000000,0.000000,0.000000
13091000,0.000000,0.000000,0.000000
13092000,0.000000,0.000000,0.000000
13093000,0.000000,0.000000,0.000000
13094000,0.000000,0.000000,0.000000
13095000,0.000000,0.000000,0.000000
13096000,0.000000,0.000000,0.000000
13097000,0.000000,0.000000,0.000000
13098000,0.000000,0.000000,0.000000
13099000,0.000000,0.000000,0.000000
13100000,0.000000,0.000000,0.000000
13101000,0.000000,0.000000,0.000000
13102000,0.000000,0.000000,0.000000
13103000,0.000000,0.000000,0.000000
13104000,0.000000,0.000000,0.000000
13105000,0.000000,0.000000,0.000000
13106000,0.000000,0.000000,0.000000
13107000,0.000000,0.000000,0.000000
13108000,0.000000,0.000000,0.000000
13109000,0.000000,0.000000,0.000000
13110000,0.000000,0.000000,0.000000
13111000,0.000000,0.000000,0.000000
13112000,0.000000,0.000000,0.000000
13113000,0.000000,0.000000,0.000000
13114000,0.000000,0.000000,0.000000
13115000,0.000000,0.000000,0.000000
13116000,0.000000,0.000000,0.000000
13117000,0.000000,0.000000,0.000000
13118000,0.000000,0.000000,0.000000
13119000,0.000000,0.000000,0.000000
13120000,0.000000,0.000000,0.000000
13121000,0.000000,0.000000,0.000000
13122000,0.000000,0.000000,0.000000
13123000,0.000000,0.000000,0.000000
13124000,0.000000,0.000000,0.000000
13125000,0.000000,0.000000,0.000000
13126000,0.000000,0.000000,0.000000
13127000,0.000000,0.000000,0.000000
13128000,0.000000,0.000000,0.000000
13129000,0.000000,0.000000,0.000000
13130000,0.000000,0.000000,0.000000
13131000,0.000000,0.000000,0.000000
13132000,0.000000,0.000000,0.000000
13133000,0.000000,0.000000,0.000000
13134000,0.000000,0.000000,0.000000
13135000,0.000000,0.000000,0.000000
13136000,0.000000,0.000000,0.000000
13137000,0.000000,0.000000,0.000000
13138000,0.000000,0.000000,0.000000
13139000,0.000000,0.000000,0.000000
13140000,0.000000,0.000000,0.000000
13141000,0.000000,0.000000,0.000000
13142000,0.000000,0.000000,0.000000
13143000,0.000000,0.000000,0.000000
13144000,0.000000,0.000000,0.000000
13145000,0.000000,0.000000,0.000000
13146000,0.000000,0.000000,0.000000
13147000,0.000000,0.000000,0.000000
13148000,0.000000,0.000000,0.000000
13149000,0.000000,0.000000,0.000000
13150000,0.000000,0.000000,0.000000
13151000,0.000000,0.000000,0.000000
13152000,0.000000,0.000000,0.000000
13153000,0.000000,0.000000,0.000000
13154000,0.000000,0.000000,0.000000
13155000,0.000000,0.000000,0.000000
13156000,0.000000,0.000000,0.000000
13157000,0.000000,0.000000,0.000000
13158000,0.000000,0.000000,0.000000
13159000,0.000000,0.000000,0.000000
13160000,0.000000,0.000000,0.000000
13161000,0.000000,0.000000,0.000000
13162000,0.000000,0.000000,0.000000
13163000,0.000000,0.000000,0.000000
13164000,0.000000,0.000000,0.000000
13165000,0.000000,0.000000,0.000000
13166000,0.000000,0.000000,0.000000
13167000,0.000000,0.000000,0.000000
13168000,0.000000,0.000000,0.000000
13169000,0.000000,0.000000,0.000000
13170000,0.000000,0.000000,0.000000
13171000,0.000000,0.000000,0.000000
13172000,0.000000,0.000000,0.000000
13173000,0.000000,0.000000,0.000000
13174000,0.000000,0.000000,0.000000
13175000,0.000000,0.000000,0.000000
13176000,0.000000,0.000000,0.000000
13177000,0.000000,0.000000,0.000000
13178000,0.000000,0.000000,0.000000
13179000,0.000000,0.000000,0.000000
13180000,0.000000,0.000000,0.000000
13181000,0.000000,0.000000,0.000000
13182000,0.000000,0.000000,0.000000
13183000,0.000000,0.000000,0.000000
13184000,0.000000,0.000000,0.000000
13185000,0.000000,0.000000,0.000000
13186000,0.000000,0.000000,0.000000
13187000,0.000000,0.000000,0.000000
13188000,0.000000,0.000000,0.000000
13189000,0.000000,0.000000,0.000000
13190000,0.000000,0.000000,0.000000
13191000,0.000000,0.000000,0.000000
13192000,0.000000,0.000000,0.000000
13193000,0.000000,0.000000,0.000000
13194000,0.000000,0.000000,0.000000
13195000,0.000000,0.000000,0.000000
13196000,0.000000,0.000000,0.000000
13197000,0.000000,0.000000,0.000000
13198000,0.000000,0.000000,0.000000
13199000,0.000000,0.000000,0.000000
13200000,0.000000,0.000000,0.000000
13201000,0.000000,0.000000,0.000000
13202000,0.000000,0.000000,0.000000
13203000,0.000000,0.000000,0.000000
13204000,0.000000,0.000000,0.000000
13205000,0.000000,0.000000,0.000000
13206000,0.000000,0.000000,0.000000
13207000,0.000000,0.000000,0.000000
13208000,0.000000,0.000000,0.000000
13209000,0.000000,0.000000,0.000000
13210000,0.000000,0.000000,0.000000
13211000,0.000000,0.000000,0.000000
13212000,0.000000,0.000000,0.000000
13213000,0.000000,0.000000,0.000000
13214000,0.000000,0.000000,0.000000
13215000,0.000000,0.000000,0.000000
13216000,0.000000,0.000000,0.000000
13217000,0.000000,0.000000,0.000000
13218000,0.000000,0.000000,0.000000
13219000,0.000000,0.000000,0.000000
13220000,0.000000,0.000000,0.000000
13221000,0.000000,0.000000,0.000000
13222000,0.000000,0.000000,0.000000
13223000,0.000000,0.000000,0.000000
13224000,0.000000,0.000000,0.000000
13225000,0.000000,0.000000,0.000000
13226000,0.000000,0.000000,0.000000
13227000,0.000000,0.000000,0.000000
13228000,0.000000,0.000000,0.000000
13229000,0.000000,0.000000,0.000000
13230000,0.000000,0.000000,0.000000
13231000,0.000000,0.000000,0.000000
13232000,0.000000,0.000000,0.000000
13233000,0.000000,0.000000,0.000000
13234000,0.000000,0.000000,0.000000
13235000,0.000000,0.000000,0.000000
13236000,0.000000,0.000000,0.000000
13237000,0.000000,0.000000,0.000000
13238000,0.000000,0.000000,0.000000
13239000,0.000000,0.000000,0.000000
13240000,0.000000,0.000000,0.000000
13241000,0.000000,0.000000,0.000000
13242000,0.000000,0.000000,0.000000
13243000,0.000000,0.000000,0.000000
13244000,0.000000,0.000000,0.000000
13245000,0.000000,0.000000,0.000000
13246000,0.000000,0.000000,0.000000
13247000,0.000000,0.000000,0.000000
13248000,0.000000,0.000000,0.000000
13249000,0.000000,0.000000,0.000000
13250000,0.000000,0.000000,0.000000
13251000,0.000000,0.000000,0.000000
13252000,0.000000,0.000000,0.000000
13253000,0.000000,0.000000,0.000000
13254000,0.000000,0.000000,0.000000
13255000,0.000000,0.000000,0.000000
13256000,0.000000,0.000000,0.000000
13257000,0.000000,0.000000,0.000000
13258000,0.000000,0.000000,0.000000
13259000,0.000000,0.000000,0.000000
13260000,0.000000,0.000000,0.000000
13261000,0.000000,0.000000,0.000000
13262000,0.000000,0.000000,0.000000
13263000,0.000000,0.000000,0.000000
13264000,0.000000,0.000000,0.000000
13265000,0.000000,0.000000,0.000000
13266000,0.000000,0.000000,0.000000
13267000,0.000000,0.000000,0.000000
13268000,0.000000,0.000000,0.000000
13269000,0.000000,0.000000,0.000000
13270000,0.000000,0.000000,0.000000
13271000,0.000000,0.000000,0.000000
13272000,0.000000,0.000000,0.000000
13273000,0.000000,0.000000,0.000000
13274000,0.000000,0.000000,0.000000
13275000,0.000000,0.000000,0.000000
13276000,0.000000,0.000000,0.000000
13277000,0.000000,0.000000,0.000000
13278000,0.000000,0.000000,0.000000
13279000,0.000000,0.000000,0.000000
13280000,0.000000,0.000000,0.000000
13281000,0.000000,0.000000,0.000000
13282000,0.000000,0.000000,0.000000
13283000,0.000000,0.000000,0.000000
13284000,0.000000,0.000000,0.000000
13285000,0.000000,0.000000,0.000000
13286000,0.000000,0.000000,0.000000
13287000,0.000000,0.000000,0.000000
13288000,0.000000,0.000000,0.000000
13289000,0.000000,0.000000,0.000000
13290000,0.000000,0.000000,0.000000
13291000,0.000000,0.000000,0.000000
13292000,0.000000,0.000000,0.000000
13293000,0.000000,0.000000,0.000000
13294000,0.000000,0.000000,0.000000
13295000,0.000000,0.000000,0.000000
13296000,0.000000,0.000000,0.000000
13297000,0.000000,0.000000,0.000000
13298000,0.000000,0.000000,0.000000
13299000,0.000000,0.000000,0.000000
13300000,0.000000,0.000000,0.000000
13301000,0.000000,0.000000,0.000000
13302000,0.000000,0.000000,0.000000
13303000,0.000000,0.000000,0.000000
13304000,0.000000,0.000000,0.000000
13305000,0.000000,0.000000,0.000000
13306000,0.000000,0.000000,0.000000
13307000,0.000000,0.000000,0.000000
13308000,0.000000,0.000000,0.000000
13309000,0.000000,0.000000,0.000000
13310000,0.000000,0.000000,0.000000
13311000,0.000000,0.000000,0.000000
13312000,0.000000,0.000000,0.000000
13313000,0.000000,0.000000,0.000000
13314000,0.000000,0.000000,0.000000
13315000,0.000000,0.000000,0.000000
13316000,0.000000,0.000000,0.000000
13317000,0.000000,0.000000,0.000000
13318000,0.000000,0.000000,0.000000
13319000,0.000000,0.000000,0.000000
13320000,0.000000,0.000000,0.000000
13321000,0.000000,0.000000,0.000000
13322000,0.000000,0.000000,0.000000
13323000,0.000000,0.000000,0.000000
13324000,0.000000,0.000000,0.000000
13325000,0.000000,0.000000,0.000000
13326000,0.000000,0.000000,0.000000
13327000,0.000000,0.000000,0.000000
13328000,0.000000,0.000000,0.000000
13329000,0.000000,0.000000,0.000000
13330000,0.000000,0.000000,0.000000
13331000,0.000000,0.000000,0.000000
13332000,0.000000,0.000000,0.000000
13333000,0.000000,0.000000,0.000000
13334000,0.000000,0.000000,0.000000
13335000,0.000000,0.000000,0.000000
13336000,0.000000,0.000000,0.000000
13337000,0.000000,0.000000,0.000000
13338000,0.000000,0.000000,0.000000
13339000,0.000000,0.000000,0.000000
13340000,0.000000,0.000000,0.000000
13341000,0.000000,0.000000,0.000000
13342000,0.000000,0.000000,0.000000
13343000,0.000000,0.000000,0.000000
13344000,0.000000,0.000000,0.000000
13345000,0.000000,0.000000,0.000000
13346000,0.000000,0.000000,0.000000
13347000,0.000000,0.000000,0.000000
13348000,0.000000,0.000000,0.000000
13349000,0.000000,0.000000,0.000000
13350000,0.000000,0.000000,0.000000
13351000,0.000000,0.000000,0.000000
13352000,0.000000,0.000000,0.000000
13353000,0.000000,0.000000,0.000000
13354000,0.000000,0.000000,0.000000
13355000,0.000000,0.000000,0.000000
13356000,0.000000,0.000000,0.000000
13357000,0.000000,0.000000,0.000000
13358000,0.000000,0.000000,0.000000
13359000,0.000000,0.000000,0.000000
13360000,0.000000,0.000000,0.000000
13361000,0.000000,0.000000,0.000000
13362000,0.000000,0.000000,0.000000
13363000,0.000000,0.000000,0.000000
13364000,0.000000,0.000000,0.000000
13365000,0.000000,0.000000,0.000000
13366000,0.000000,0.000000,0.000000
13367000,0.000000,0.000000,0.000000
13368000,0.000000,0.000000,0.000000
13369000,0.000000,0.000000,0.000000
13370000,0.000000,0.000000,0.000000
13371000,0.000000,0.000000,0.000000
13372000,0.000000,0.000000,0.000000
13373000,0.000000,0.000000,0.000000
13374000,0.000000,0.000000,0.000000
13375000,0.000000,0.000000,0.000000
13376000,0.000000,0.000000,0.000000
13377000,0.000000,0.000000,0.000000
13378000,0.000000,0.000000,0.000000
13379000,0.000000,0.000000,0.000000
13380000,0.000000,0.000000,0.000000
13381000,0.000000,0.000000,0.000000
13382000,0.000000,0.000000,0.000000
13383000,0.000000,0.000000,0.000000
13384000,0.000000,0.000000,0.000000
13385000,0.000000,0.000000,0.000000
13386000,0.000000,0.000000,0.000000
13387000,0.000000,0.000000,0.000000
13388000,0.000000,0.000000,0.000000
13389000,0.000000,0.000000,0.000000
13390000,0.000000,0.000000,0.000000
13391000,0.000000,0.000000,0.000000
13392000,0.000000,0.000000,0.000000
13393000,0.000000,0.000000,0.000000
13394000,0.000000,0.000000,0.000000
13395000,0.000000,0.000000,0.000000
13396000,0.000000,0.000000,0.000000
13397000,0.000000,0.000000,0.000000
13398000,0.000000,0.000000,0.000000
13399000,0.000000,0.000000,0.000000
13400000,0.000000,0.000000,0.000000
13401000,0.000000,0.000000,0.000000
13402000,0.000000,0.000000,0.000000
13403000,0.000000,0.000000,0.000000
13404000,0.000000,0.000000,0.000000
13405000,0.000000,0.000000,0.000000
13406000,0.000000,0.000000,0.000000
13407000,0.000000,0.000000,0.000000
13408000,0.000000,0.000000,0.000000
13409000,0.000000,0.000000,0.000000
13410000,0.000000,0.000000,0.000000
13411000,0.000000,0.000000,0.000000
13412000,0.000000,0.000000,0.000000
13413000,0.000000,0.000000,0.000000
13414000,0.000000,0.000000,0.000000
13415000,0.000000,0.000000,0.000000
13416000,0.000000,0.000000,0.000000
13417000,0.000000,0.000000,0.000000
13418000,0.000000,0.000000,0.000000
13419000,0.000000,0.000000,0.000000
13420000,0.000000,0.000000,0.000000
13421000,0.000000,0.000000,0.000000
13422000,0.000000,0.000000,0.000000
13423000,0.000000,0.000000,0.000000
13424000,0.000000,0.000000,0.000000
13425000,0.000000,0.000000,0.000000
13426000,0.000000,0.000000,0.000000
13427000,0.000000,0.000000,0.000000
13428000,0.000000,0.000000,0.000000
13429000,0.000000,0.000000,0.000000
13430000,0.000000,0.000000,0.000000
13431000,0.000000,0.000000,0.000000
13432000,0.000000,0.000000,0.000000
13433000,0.000000,0.000000,0.000000
13434000,0.000000,0.000000,0.000000
13435000,0.000000,0.000000,0.000000
13436000,0.000000,0.000000,0.000000
13437000,0.000000,0.000000,0.000000
13438000,0.000000,0.000000,0.000000
13439000,0.000000,0.000000,0.000000
13440000,0.000000,0.000000,0.000000
13441000,0.000000,0.000000,0.000000
13442000,0.000000,0.000000,0.000000
13443000,0.000000,0.000000,0.000000
13444000,0.000000,0.000000,0.000000
13445000,0.000000,0.000000,0.000000
13446000,0.000000,0.000000,0.000000
13447000,0.000000,0.000000,0.000000
13448000,0.000000,0.000000,0.000000
13449000,0.000000,0.000000,0.000000
13450000,0.000000,0.000000,0.000000
13451000,0.000000,0.000000,0.000000
13452000,0.000000,0.000000,0.000000
13453000,0.000000,0.000000,0.000000
13454000,0.000000,0.000000,0.000000
13455000,0.000000,0.000000,0.000000
13456000,0.000000,0.000000,0.000000
13457000,0.000000,0.000000,0.000000
13458000,0.000000,0.000000,0.000000
13459000,0.000000,0.000000,0.000000
13460000,0.000000,0.000000,0.000000
13461000,0.000000,0.000000,0.000000
13462000,0.000000,0.000000,0.000000
13463000,0.000000,0.000000,0.000000
13464000,0.000000,0.000000,0.000000
13465000,0.000000,0.000000,0.000000
13466000,0.000000,0.000000,0.000000
13467000,0.000000,0.000000,0.000000
13468000,0.000000,0.000000,0.000000
13469000,0.000000,0.000000,0.000000
13470000,0.000000,0.000000,0.000000
13471000,0.000000,0.000000,0.000000
13472000,0.000000,0.000000,0.000000
13473000,0.000000,0.000000,0.000000
13474000,0.000000,0.000000,0.000000
13475000,0.000000,0.000000,0.000000
13476000,0.000000,0.000000,0.000000
13477000,0.000000,0.000000,0.000000
13478000,0.000000,0.000000,0.000000
13479000,0.000000,0.000000,0.000000
13480000,0.000000,0.000000,0.000000
13481000,0.000000,0.000000,0.000000
13482000,0.000000,0.000000,0.000000
13483000,0.000000,0.000000,0.000000
13484000,0.000000,0.000000,0.000000
13485000,0.000000,0.000000,0.000000
13486000,0.000000,0.000000,0.000000
13487000,0.000000,0.000000,0.000000
13488000,0.000000,0.000000,0.000000
13489000,0.000000,0.000000,0.000000
13490000,0.000000,0.000000,0.000000
13491000,0.000000,0.000000,0.000000
13492000,0.000000,0.000000,0.000000
13493000,0.000000,0.000000,0.000000
13494000,0.000000,0.000000,0.000000
13495000,0.000000,0.000000,0.000000
13496000,0.000000,0.000000,0.000000
13497000,0.000000,0.000000,0.000000
13498000,0.000000,0.000000,0.000000
13499000,0.000000,0.000000,0.000000
13500000,0.000000,0.000000,0.000000
13501000,0.000000,0.000000,0.000000
13502000,0.000000,0.000000,0.000000
13503000,0.000000,0.000000,0.000000
13504000,0.000000,0.000000,0.000000
13505000,0.000000,0.000000,0.000000
13506000,0.000000,0.000000,0.000000
13507000,0.000000,0.000000,0.000000
13508000,0.000000,0.000000,0.000000
13509000,0.000000,0.000000,0.000000
13510000,0.000000,0.000000,0.000000
13511000,0.000000,0.000000,0.000000
13512000,0.000000,0.000000,0.000000
13513000,0.000000,0.000000,0.000000
13514000,0.000000,0.000000,0.000000
13515000,0.000000,0.000000,0.000000
13516000,0.000000,0.000000,0.000000
13517000,0.000000,0.000000,0.000000
13518000,0.000000,0.000000,0.000000
13519000,0.000000,0.000000,0.000000
13520000,0.000000,0.000000,0.000000
13521000,0.000000,0.000000,0.000000
13522000,0.000000,0.000000,0.000000
13523000,0.000000,0.000000,0.000000
13524000,0.000000,0.000000,0.000000
13525000,0.000000,0.000000,0.000000
13526000,0.000000,0.000000,0.000000
13527000,0.000000,0.000000,0.000000
13528000,0.000000,0.000000,0.000000
13529000,0.000000,0.000000,0.000000
13530000,0.000000,0.000000,0.000000
13531000,0.000000,0.000000,0.000000
13532000,0.000000,0.000000,0.000000
13533000,0.000000,0.000000,0.000000
13534000,0.000000,0.000000,0.000000
13535000,0.000000,0.000000,0.000000
13536000,0.000000,0.000000,0.000000
13537000,0.000000,0.000000,0.000000
13538000,0.000000,0.000000,0.000000
13539000,0.000000,0.000000,0.000000
13540000,0.000000,0.000000,0.000000
13541000,0.000000,0.000000,0.000000
13542000,0.000000,0.000000,0.000000
13543000,0.000000,0.000000,0.000000
13544000,0.000000,0.000000,0.000000
13545000,0.000000,0.000000,0.000000
13546000,0.000000,0.000000,0.000000
13547000,0.000000,0.000000,0.000000
13548000,0.000000,0.000000,0.000000
13549000,0.000000,0.000000,0.000000
13550000,0.000000,0.000000,0.000000
13551000,0.000000,0.000000,0.000000
13552000,0.000000,0.000000,0.000000
13553000,0.000000,0.000000,0.000000
13554000,0.000000,0.000000,0.000000
13555000,0.000000,0.000000,0.000000
13556000,0.000000,0.000000,0.000000
13557000,0.000000,0.000000,0.000000
13558000,0.000000,0.000000,0.000000
13559000,0.000000,0.000000,0.000000
13560000,0.000000,0.000000,0.000000
13561000,0.000000,0.000000,0.000000
13562000,0.000000,0.000000,0.000000
13563000,0.000000,0.000000,0.000000
13564000,0.000000,0.000000,0.000000
13565000,0.000000,0.000000,0.000000
13566000,0.000000,0.000000,0.000000
13567000,0.000000,0.000000,0.000000
13568000,0.000000,0.000000,0.000000
13569000,0.000000,0.000000,0.000000
13570000,0.000000,0.000000,0.000000
13571000,0.000000,0.000000,0.000000
13572000,0.000000,0.000000,0.000000
13573000,0.000000,0.000000,0.000000
13574000,0.000000,0.000000,0.000000
13575000,0.000000,0.000000,0.000000
13576000,0.000000,0.000000,0.000000
13577000,0.000000,0.000000,0.000000
13578000,0.000000,0.000000,0.000000
13579000,0.000000,0.000000,0.000000
13580000,0.000000,0.000000,0.000000
13581000,0.000000,0.000000,0.000000
13582000,0.000000,0.000000,0.000000
13583000,0.000000,0.000000,0.000000
13584000,0.000000,0.000000,0.000000
13585000,0.000000,0.000000,0.000000
13586000,0.000000,0.000000,0.000000
13587000,0.000000,0.000000,0.000000
13588000,0.000000,0.000000,0.000000
13589000,0.000000,0.000000,0.000000
13590000,0.000000,0.000000,0.000000
13591000,0.000000,0.000000,0.000000
13592000,0.000000,0.000000,0.000000
13593000,0.000000,0.000000,0.000000
13594000,0.000000,0.000000,0.000000
13595000,0.000000,0.000000,0.000000
13596000,0.000000,0.000000,0.000000
13597000,0.000000,0.000000,0.000000
13598000,0.000000,0.000000,0.000000
13599000,0.000000,0.000000,0.000000
13600000,0.000000,0.000000,0.000000
13601000,0.000000,0.000000,0.000000
13602000,0.000000,0.000000,0.000000
13603000,0.000000,0.000000,0.000000
13604000,0.000000,0.000000,0.000000
13605000,0.000000,0.000000,0.000000
13606000,0.000000,0.000000,0.000000
13607000,0.000000,0.000000,0.000000
13608000,0.000000,0.000000,0.000000
13609000,0.000000,0.000000,0.000000
13610000,0.000000,0.000000,0.000000
13611000,0.000000,0.000000,0.000000
13612000,0.000000,0.000000,0.000000
13613000,0.000000,0.000000,0.000000
13614000,0.000000,0.000000,0.000000
13615000,0.000000,0.000000,0.000000
13616000,0.000000,0.000000,0.000000
13617000,0.000000,0.000000,0.000000
13618000,0.000000,0.000000,0.000000
13619000,0.000000,0.000000,0.000000
13620000,0.000000,0.000000,0.000000
13621000,0.000000,0.000000,0.000000
13622000,0.000000,0.000000,0.000000
13623000,0.000000,0.000000,0.000000
13624000,0.000000,0.000000,0.000000
13625000,0.000000,0.000000,0.000000
13626000,0.000000,0.000000,0.000000
13627000,0.000000,0.000000,0.000000
13628000,0.000000,0.000000,0.000000
13629000,0.000000,0.000000,0.000000
13630000,0.000000,0.000000,0.000000
13631000,0.000000,0.000000,0.000000
13632000,0.000000,0.000000,0.000000
13633000,0.000000,0.000000,0.000000
13634000,0.000000,0.000000,0.000000
13635000,0.000000,0.000000,0.000000
13636000,0.000000,0.000000,0.000000
13637000,0.000000,0.000000,0.000000
13638000,0.000000,0.000000,0.000000
13639000,0.000000,0.000000,0.000000
13640000,0.000000,0.000000,0.000000
13641000,0.000000,0.000000,0.000000
13642000,0.000000,0.000000,0.000000
13643000,0.000000,0.000000,0.000000
13644000,0.000000,0.000000,0.000000
13645000,0.000000,0.000000,0.000000
13646000,0.000000,0.000000,0.000000
13647000,0.000000,0.000000,0.000000
13648000,0.000000,0.000000,0.000000
13649000,0.000000,0.000000,0.000000
13650000,0.000000,0.000000,0.000000
13651000,0.000000,0.000000,0.000000
13652000,0.000000,0.000000,0.000000
13653000,0.000000,0.000000,0.000000
13654000,0.000000,0.000000,0.000000
13655000,0.000000,0.000000,0.000000
13656000,0.000000,0.000000,0.000000
13657000,0.000000,0.000000,0.000000
13658000,0.000000,0.000000,0.000000
13659000,0.000000,0.000000,0.000000
13660000,0.000000,0.000000,0.000000
13661000,0.000000,0.000000,0.000000
13662000,0.000000,0.000000,0.000000
13663000,0.000000,0.000000,0.000000
13664000,0.000000,0.000000,0.000000
13665000,0.000000,0.000000,0.000000
13666000,0.000000,0.000000,0.000000
13667000,0.000000,0.000000,0.000000
13668000,0.000000,0.000000,0.000000
13669000,0.000000,0.000000,0.000000
13670000,0.000000,0.000000,0.000000
13671000,0.000000,0.000000,0.000000
13672000,0.000000,0.000000,0.000000
13673000,0.000000,0.000000,0.000000
13674000,0.000000,0.000000,0.000000
13675000,0.000000,0.000000,0.000000
13676000,0.000000,0.000000,0.000000
13677000,0.000000,0.000000,0.000000
13678000,0.000000,0.000000,0.000000
13679000,0.000000,0.000000,0.000000
13680000,0.000000,0.000000,0.000000
13681000,0.000000,0.000000,0.000000
13682000,0.000000,0.000000,0.000000
13683000,0.000000,0.000000,0.000000
13684000,0.000000,0.000000,0.000000
13685000,0.000000,0.000000,0.000000
13686000,0.000000,0.000000,0.000000
13687000,0.000000,0.000000,0.000000
13688000,0.000000,0.000000,0.000000
13689000,0.000000,0.000000,0.000000
13690000,0.000000,0.000000,0.000000
13691000,0.000000,0.000000,0.000000
13692000,0.000000,0.000000,0.000000
13693000,0.000000,0.000000,0.000000
13694000,0.000000,0.000000,0.000000
13695000,0.000000,0.000000,0.000000
13696000,0.000000,0.000000,0.000000
13697000,0.000000,0.000000,0.000000
13698000,0.000000,0.000000,0.000000
13699000,0.000000,0.000000,0.000000
13700000,0.000000,0.000000,0.000000
13701000,0.000000,0.000000,0.000000
13702000,0.000000,0.000000,0.000000
13703000,0.000000,0.000000,0.000000
13704000,0.000000,0.000000,0.000000
13705000,0.000000,0.000000,0.000000
13706000,0.000000,0.000000,0.000000
13707000,0.000000,0.000000,0.000000
13708000,0.000000,0.000000,0.000000
13709000,0.000000,0.000000,0.000000
13710000,0.000000,0.000000,0.000000
13711000,0.000000,0.000000,0.000000
13712000,0.000000,0.000000,0.000000
13713000,0.000000,0.000000,0.000000
13714000,0.000000,0.000000,0.000000
13715000,0.000000,0.000000,0.000000
13716000,0.000000,0.000000,0.000000
13717000,0.000000,0.000000,0.000000
13718000,0.000000,0.000000,0.000000
13719000,0.000000,0.000000,0.000000
13720000,0.000000,0.000000,0.000000
13721000,0.000000,0.000000,0.000000
13722000,0.000000,0.000000,0.000000
13723000,0.000000,0.000000,0.000000
13724000,0.000000,0.000000,0.000000
13725000,0.000000,0.000000,0.000000
13726000,0.000000,0.000000,0.000000
13727000,0.000000,0.000000,0.000000
13728000,0.000000,0.000000,0.000000
13729000,0.000000,0.000000,0.000000
13730000,0.000000,0.000000,0.000000
13731000,0.000000,0.000000,0.000000
13732000,0.000000,0.000000,0.000000
13733000,0.000000,0.000000,0.000000
13734000,0.000000,0.000000,0.000000
13735000,0.000000,0.000000,0.000000
13736000,0.000000,0.000000,0.000000
13737000,0.000000,0.000000,0.000000
13738000,0.000000,0.000000,0.000000
13739000,0.000000,0.000000,0.000000
13740000,0.000000,0.000000,0.000000
13741000,0.000000,0.000000,0.000000
13742000,0.000000,0.000000,0.000000
13743000,0.000000,0.000000,0.000000
13744000,0.000000,0.000000,0.000000
13745000,0.000000,0.000000,0.000000
13746000,0.000000,0.000000,0.000000
13747000,0.000000,0.000000,0.000000
13748000,0.000000,0.000000,0.000000
13749000,0.000000,0.000000,0.000000
13750000,0.000000,0.000000,0.000000
13751000,0.000000,0.000000,0.000000
13752000,0.000000,0.000000,0.000000
13753000,0.000000,0.000000,0.000000
13754000,0.000000,0.000000,0.000000
13755000,0.000000,0.000000,0.000000
13756000,0.000000,0.000000,0.000000
13757000,0.000000,0.000000,0.000000
13758000,0.000000,0.000000,0.000000
13759000,0.000000,0.000000,0.000000
13760000,0.000000,0.000000,0.000000
13761000,0.000000,0.000000,0.000000
13762000,0.000000,0.000000,0.000000
13763000,0.000000,0.000000,0.000000
13764000,0.000000,0.000000,0.000000
13765000,0.000000,0.000000,0.000000
13766000,0.000000,0.000000,0.000000
13767000,0.000000,0.000000,0.000000
13768000,0.000000,0.000000,0.000000
13769000,0.000000,0.000000,0.000000
13770000,0.000000,0.000000,0.000000
13771000,0.000000,0.000000,0.000000
13772000,0.000000,0.000000,0.000000
13773000,0.000000,0.000000,0.000000
13774000,0.000000,0.000000,0.000000
13775000,0.000000,0.000000,0.000000
13776000,0.000000,0.000000,0.000000
13777000,0.000000,0.000000,0.000000
13778000,0.000000,0.000000,0.000000
13779000,0.000000,0.000000,0.000000
13780000,0.000000,0.000000,0.000000
13781000,0.000000,0.000000,0.000000
13782000,0.000000,0.000000,0.000000
13783000,0.000000,0.000000,0.000000
13784000,0.000000,0.000000,0.000000
13785000,0.000000,0.000000,0.000000
13786000,0.000000,0.000000,0.000000
13787000,0.000000,0.000000,0.000000
13788000,0.000000,0.000000,0.000000
13789000,0.000000,0.000000,0.000000
13790000,0.000000,0.000000,0.000000
13791000,0.000000,0.000000,0.000000
13792000,0.000000,0.000000,0.000000
13793000,0.000000,0.000000,0.000000
13794000,0.000000,0.000000,0.000000
13795000,0.000000,0.000000,0.000000
13796000,0.000000,0.000000,0.000000
13797000,0.000000,0.000000,0.000000
13798000,0.000000,0.000000,0.000000
13799000,0.000000,0.000000,0.000000
13800000,0.000000,0.000000,0.000000
13801000,0.000000,0.000000,0.000000
13802000,0.000000,0.000000,0.000000
13803000,0.000000,0.000000,0.000000
13804000,0.000000,0.000000,0.000000
13805000,0.000000,0.000000,0.000000
13806000,0.000000,0.000000,0.000000
13807000,0.000000,0.000000,0.000000
13808000,0.000000,0.000000,0.000000
13809000,0.000000,0.000000,0.000000
13810000,0.000000,0.000000,0.000000
13811000,0.000000,0.000000,0.000000
13812000,0.000000,0.000000,0.000000
13813000,0.000000,0.000000,0.000000
13814000,0.000000,0.000000,0.000000
13815000,0.000000,0.000000,0.000000
13816000,0.000000,0.000000,0.000000
13817000,0.000000,0.000000,0.000000
13818000,0.000000,0.000000,0.000000
13819000,0.000000,0.000000,0.000000
13820000,0.000000,0.000000,0.000000
13821000,0.000000,0.000000,0.000000
13822000,0.000000,0.000000,0.000000
13823000,0.000000,0.000000,0.000000
13824000,0.000000,0.000000,0.000000
13825000,0.000000,0.000000,0.000000
13826000,0.000000,0.000000,0.000000
13827000,0.000000,0.000000,0.000000
13828000,0.000000,0.000000,0.000000
13829000,0.000000,0.000000,0.000000
13830000,0.000000,0.000000,0.000000
13831000,0.000000,0.000000,0.000000
13832000,0.000000,0.000000,0.000000
13833000,0.000000,0.000000,0.000000
13834000,0.000000,0.000000,0.000000
13835000,0.000000,0.000000,0.000000
13836000,0.000000,0.000000,0.000000
13837000,0.000000,0.000000,0.000000
13838000,0.000000,0.000000,0.000000
13839000,0.000000,0.000000,0.000000
13840000,0.000000,0.000000,0.000000
13841000,0.000000,0.000000,0.000000
13842000,0.000000,0.000000,0.000000
13843000,0.000000,0.000000,0.000000
13844000,0.000000,0.000000,0.000000
13845000,0.000000,0.000000,0.000000
13846000,0.000000,0.000000,0.000000
13847000,0.000000,0.000000,0.000000
13848000,0.000000,0.000000,0.000000
13849000,0.000000,0.000000,0.000000
13850000,0.000000,0.000000,0.000000
13851000,0.000000,0.000000,0.000000
13852000,0.000000,0.000000,0.000000
13853000,0.000000,0.000000,0.000000
13854000,0.000000,0.000000,0.000000
13855000,0.000000,0.000000,0.000000
13856000,0.000000,0.000000,0.000000
13857000,0.000000,0.000000,0.000000
13858000,0.000000,0.000000,0.000000
13859000,0.000000,0.000000,0.000000
13860000,0.000000,0.000000,0.000000
13861000,0.000000,0.000000,0.000000
13862000,0.000000,0.000000,0.000000
13863000,0.000000,0.000000,0.000000
13864000,0.000000,0.000000,0.000000
13865000,0.000000,0.000000,0.000000
13866000,0.000000,0.000000,0.000000
13867000,0.000000,0.000000,0.000000
13868000,0.000000,0.000000,0.000000
13869000,0.000000,0.000000,0.000000
13870000,0.000000,0.000000,0.000000
13871000,0.000000,0.000000,0.000000
13872000,0.000000,0.000000,0.000000
13873000,0.000000,0.000000,0.000000
13874000,0.000000,0.000000,0.000000
13875000,0.000000,0.000000,0.000000
13876000,0.000000,0.000000,0.000000
13877000,0.000000,0.000000,0.000000
13878000,0.000000,0.000000,0.000000
13879000,0.000000,0.000000,0.000000
13880000,0.000000,0.000000,0.000000
13881000,0.000000,0.000000,0.000000
13882000,0.000000,0.000000,0.000000
13883000,0.000000,0.000000,0.000000
13884000,0.000000,0.000000,0.000000
13885000,0.000000,0.000000,0.000000
13886000,0.000000,0.000000,0.000000
13887000,0.000000,0.000000,0.000000
13888000,0.000000,0.000000,0.000000
13889000,0.000000,0.000000,0.000000
13890000,0.000000,0.000000,0.000000
13891000,0.000000,0.000000,0.000000
13892000,0.000000,0.000000,0.000000
13893000,0.000000,0.000000,0.000000
13894000,0.000000,0.000000,0.000000
13895000,0.000000,0.000000,0.000000
13896000,0.000000,0.000000,0.000000
13897000,0.000000,0.000000,0.000000
13898000,0.000000,0.000000,0.000000
13899000,0.000000,0.000000,0.000000
13900000,0.000000,0.000000,0.000000
13901000,0.000000,0.000000,0.000000
13902000,0.000000,0.000000,0.000000
13903000,0.000000,0.000000,0.000000
13904000,0.000000,0.000000,0.000000
13905000,0.000000,0.000000,0.000000
13906000,0.000000,0.000000,0.000000
13907000,0.000000,0.000000,0.000000
13908000,0.000000,0.000000,0.000000
13909000,0.000000,0.000000,0.000000
13910000,0.000000,0.000000,0.000000
13911000,0.000000,0.000000,0.000000
13912000,0.000000,0.000000,0.000000
13913000,0.000000,0.000000,0.000000
13914000,0.000000,0.000000,0.000000
13915000,0.000000,0.000000,0.000000
13916000,0.000000,0.000000,0.000000
13917000,0.000000,0.000000,0.000000
13918000,0.000000,0.000000,0.000000
13919000,0.000000,0.000000,0.000000
13920000,0.000000,0.000000,0.000000
13921000,0.000000,0.000000,0.000000
13922000,0.000000,0.000000,0.000000
13923000,0.000000,0.000000,0.000000
13924000,0.000000,0.000000,0.000000
13925000,0.000000,0.000000,0.000000
13926000,0.000000,0.000000,0.000000
13927000,0.000000,0.000000,0.000000
13928000,0.000000,0.000000,0.000000
13929000,0.000000,0.000000,0.000000
13930000,0.000000,0.000000,0.000000
13931000,0.000000,0.000000,0.000000
13932000,0.000000,0.000000,0.000000
13933000,0.000000,0.000000,0.000000
13934000,0.000000,0.000000,0.000000
13935000,0.000000,0.000000,0.000000
13936000,0.000000,0.000000,0.000000
13937000,0.000000,0.000000,0.000000
13938000,0.000000,0.000000,0.000000
13939000,0.000000,0.000000,0.000000
13940000,0.000000,0.000000,0.000000
13941000,0.000000,0.000000,0.000000
13942000,0.000000,0.000000,0.000000
13943000,0.000000,0.000000,0.000000
13944000,0.000000,0.000000,0.000000
13945000,0.000000,0.000000,0.000000
13946000,0.000000,0.000000,0.000000
13947000,0.000000,0.000000,0.000000
13948000,0.000000,0.000000,0.000000
13949000,0.000000,0.000000,0.000000
13950000,0.000000,0.000000,0.000000
13951000,0.000000,0.000000,0.000000
13952000,0.000000,0.000000,0.000000
13953000,0.000000,0.000000,0.000000
13954000,0.000000,0.000000,0.000000
13955000,0.000000,0.000000,0.000000
13956000,0.000000,0.000000,0.000000
13957000,0.000000,0.000000,0.000000
13958000,0.000000,0.000000,0.000000
13959000,0.000000,0.000000,0.000000
13960000,0.000000,0.000000,0.000000
13961000,0.000000,0.000000,0.000000
13962000,0.000000,0.000000,0.000000
13963000,0.000000,0.000000,0.000000
13964000,0.000000,0.000000,0.000000
13965000,0.000000,0.000000,0.000000
13966000,0.000000,0.000000,0.000000
13967000,0.000000,0.000000,0.000000
13968000,0.000000,0.000000,0.000000
13969000,0.000000,0.000000,0.000000
13970000,0.000000,0.000000,0.000000
13971000,0.000000,0.000000,0.000000
13972000,0.000000,0.000000,0.000000
13973000,0.000000,0.000000,0.000000
13974000,0.000000,0.000000,0.000000
13975000,0.000000,0.000000,0.000000
13976000,0.000000,0.000000,0.000000
13977000,0.000000,0.000000,0.000000
13978000,0.000000,0.000000,0.000000
13979000,0.000000,0.000000,0.000000
13980000,0.000000,0.000000,0.000000
13981000,0.000000,0.000000,0.000000
13982000,0.000000,0.000000,0.000000
13983000,0.000000,0.000000,0.000000
13984000,0.000000,0.000000,0.000000
13985000,0.000000,0.000000,0.000000
13986000,0.000000,0.000000,0.000000
13987000,0.000000,0.000000,0.000000
13988000,0.000000,0.000000,0.000000
13989000,0.000000,0.000000,0.000000
13990000,0.000000,0.000000,0.000000
13991000,0.000000,0.000000,0.000000
13992000,0.000000,0.000000,0.000000
13993000,0.000000,0.000000,0.000000
13994000,0.000000,0.000000,0.000000
13995000,0.000000,0.000000,0.000000
13996000,0.000000,0.000000,0.000000
13997000,0.000000,0.000000,0.000000
13998000,0.000000,0.000000,0.000000
13999000,0.000000,0.000000,0.000000
14000000,0.000000,0.000000,0.000000
14001000,0.000000,0.000000,0.000000
14002000,0.000000,0.000000,0.000000
14003000,0.000000,0.000000,0.000000
14004000,0.000000,0.000000,0.000000
14005000,0.000000,0.000000,0.000000
14006000,0.000000,0.000000,0.000000
14007000,0.000000,0.000000,0.000000
14008000,0.000000,0.000000,0.000000
14009000,0.000000,0.000000,0.000000
14010000,0.000000,0.000000,0.000000
14011000,0.000000,0.000000,0.000000
14012000,0.000000,0.000000,0.000000
14013000,0.000000,0.000000,0.000000
14014000,0.000000,0.000000,0.000000
14015000,0.000000,0.000000,0.000000
14016000,0.000000,0.000000,0.000000
14017000,0.000000,0.000000,0.000000
14018000,0.000000,0.000000,0.000000
14019000,0.000000,0.000000,0.000000
14020000,0.000000,0.000000,0.000000
14021000,0.000000,0.000000,0.000000
14022000,0.000000,0.000000,0.000000
14023000,0.000000,0.000000,0.000000
14024000,0.000000,0.000000,0.000000
14025000,0.000000,0.000000,0.000000
14026000,0.000000,0.000000,0.000000
14027000,0.000000,0.000000,0.000000
14028000,0.000000,0.000000,0.000000
14029000,0.000000,0.000000,0.000000
14030000,0.000000,0.000000,0.000000
14031000,0.000000,0.000000,0.000000
14032000,0.000000,0.000000,0.000000
14033000,0.000000,0.000000,0.000000
14034000,0.000000,0.000000,0.000000
14035000,0.000000,0.000000,0.000000
14036000,0.000000,0.000000,0.000000
14037000,0.000000,0.000000,0.000000
14038000,0.000000,0.000000,0.000000
14039000,0.000000,0.000000,0.000000
14040000,0.000000,0.000000,0.000000
14041000,0.000000,0.000000,0.000000
14042000,0.000000,0.000000,0.000000
14043000,0.000000,0.000000,0.000000
14044000,0.000000,0.000000,0.000000
14045000,0.000000,0.000000,0.000000
14046000,0.000000,0.000000,0.000000
14047000,0.000000,0.000000,0.000000
14048000,0.000000,0.000000,0.000000
14049000,0.000000,0.000000,0.000000
14050000,0.000000,0.000000,0.000000
14051000,0.000000,0.000000,0.000000
14052000,0.000000,0.000000,0.000000
14053000,0.000000,0.000000,0.000000
14054000,0.000000,0.000000,0.000000
14055000,0.000000,0.000000,0.000000
14056000,0.000000,0.000000,0.000000
14057000,0.000000,0.000000,0.000000
14058000,0.000000,0.000000,0.000000
14059000,0.000000,0.000000,0.000000
14060000,0.000000,0.000000,0.000000
14061000,0.000000,0.000000,0.000000
14062000,0.000000,0.000000,0.000000
14063000,0.000000,0.000000,0.000000
14064000,0.000000,0.000000,0.000000
14065000,0.000000,0.000000,0.000000
14066000,0.000000,0.000000,0.000000
14067000,0.000000,0.000000,0.000000
14068000,0.000000,0.000000,0.000000
14069000,0.000000,0.000000,0.000000
14070000,0.000000,0.000000,0.000000
14071000,0.000000,0.000000,0.000000
14072000,0.000000,0.000000,0.000000
14073000,0.000000,0.000000,0.000000
14074000,0.000000,0.000000,0.000000
14075000,0.000000,0.000000,0.000000
14076000,0.000000,0.000000,0.000000
14077000,0.000000,0.000000,0.000000
14078000,0.000000,0.000000,0.000000
14079000,0.000000,0.000000,0.000000
14080000,0.000000,0.000000,0.000000
14081000,0.000000,0.000000,0.000000
14082000,0.000000,0.000000,0.000000
14083000,0.000000,0.000000,0.000000
14084000,0.000000,0.000000,0.000000
14085000,0.000000,0.000000,0.000000
14086000,0.000000,0.000000,0.000000
14087000,0.000000,0.000000,0.000000
14088000,0.000000,0.000000,0.000000
14089000,0.000000,0.000000,0.000000
14090000,0.000000,0.000000,0.000000
14091000,0.000000,0.000000,0.000000
14092000,0.000000,0.000000,0.000000
14093000,0.000000,0.000000,0.000000
14094000,0.000000,0.000000,0.000000
14095000,0.000000,0.000000,0.000000
14096000,0.000000,0.000000,0.000000
14097000,0.000000,0.000000,0.000000
14098000,0.000000,0.000000,0.000000
14099000,0.000000,0.000000,0.000000
14100000,0.000000,0.000000,0.000000
14101000,0.000000,0.000000,0.000000
14102000,0.000000,0.000000,0.000000
14103000,0.000000,0.000000,0.000000
14104000,0.000000,0.000000,0.000000
14105000,0.000000,0.000000,0.000000
14106000,0.000000,0.000000,0.000000
14107000,0.000000,0.000000,0.000000
14108000,0.000000,0.000000,0.000000
14109000,0.000000,0.000000,0.000000
14110000,0.000000,0.000000,0.000000
14111000,0.000000,0.000000,0.000000
14112000,0.000000,0.000000,0.000000
14113000,0.000000,0.000000,0.000000
14114000,0.000000,0.000000,0.000000
14115000,0.000000,0.000000,0.000000
14116000,0.000000,0.000000,0.000000
14117000,0.000000,0.000000,0.000000
14118000,0.000000,0.000000,0.000000
14119000,0.000000,0.000000,0.000000
14120000,0.000000,0.000000,0.000000
14121000,0.000000,0.000000,0.000000
14122000,0.000000,0.000000,0.000000
14123000,0.000000,0.000000,0.000000
14124000,0.000000,0.000000,0.000000
14125000,0.000000,0.000000,0.000000
14126000,0.000000,0.000000,0.000000
14127000,0.000000,0.000000,0.000000
14128000,0.000000,0.000000,0.000000
14129000,0.000000,0.000000,0.000000
14130000,0.000000,0.000000,0.000000
14131000,0.000000,0.000000,0.000000
14132000,0.000000,0.000000,0.000000
14133000,0.000000,0.000000,0.000000
14134000,0.000000,0.000000,0.000000
14135000,0.000000,0.000000,0.000000
14136000,0.000000,0.000000,0.000000
14137000,0.000000,0.000000,0.000000
14138000,0.000000,0.000000,0.000000
14139000,0.000000,0.000000,0.000000
14140000,0.000000,0.000000,0.000000
14141000,0.000000,0.000000,0.000000
14142000,0.000000,0.000000,0.000000
14143000,0.000000,0.000000,0.000000
14144000,0.000000,0.000000,0.000000
14145000,0.000000,0.000000,0.000000
14146000,0.000000,0.000000,0.000000
14147000,0.000000,0.000000,0.000000
14148000,0.000000,0.000000,0.000000
14149000,0.000000,0.000000,0.000000
14150000,0.000000,0.000000,0.000000
14151000,0.000000,0.000000,0.000000
14152000,0.000000,0.000000,0.000000
14153000,0.000000,0.000000,0.000000
14154000,0.000000,0.000000,0.000000
14155000,0.000000,0.000000,0.000000
14156000,0.000000,0.000000,0.000000
14157000,0.000000,0.000000,0.000000
14158000,0.000000,0.000000,0.000000
14159000,0.000000,0.000000,0.000000
14160000,0.000000,0.000000,0.000000
14161000,0.000000,0.000000,0.000000
14162000,0.000000,0.000000,0.000000
14163000,0.000000,0.000000,0.000000
14164000,0.000000,0.000000,0.000000
14165000,0.000000,0.000000,0.000000
14166000,0.000000,0.000000,0.000000
14167000,0.000000,0.000000,0.000000
14168000,0.000000,0.000000,0.000000
14169000,0.000000,0.000000,0.000000
14170000,0.000000,0.000000,0.000000
14171000,0.000000,0.000000,0.000000
14172000,0.000000,0.000000,0.000000
14173000,0.000000,0.000000,0.000000
14174000,0.000000,0.000000,0.000000
14175000,0.000000,0.000000,0.000000
14176000,0.000000,0.000000,0.000000
14177000,0.000000,0.000000,0.000000
14178000,0.000000,0.000000,0.000000
14179000,0.000000,0.000000,0.000000
14180000,0.000000,0.000000,0.000000
14181000,0.000000,0.000000,0.000000
14182000,0.000000,0.000000,0.000000
14183000,0.000000,0.000000,0.000000
14184000,0.000000,0.000000,0.000000
14185000,0.000000,0.000000,0.000000
14186000,0.000000,0.000000,0.000000
14187000,0.000000,0.000000,0.000000
14188000,0.000000,0.000000,0.000000
14189000,0.000000,0.000000,0.000000
14190000,0.000000,0.000000,0.000000
14191000,0.000000,0.000000,0.000000
14192000,0.000000,0.000000,0.000000
14193000,0.000000,0.000000,0.000000
14194000,0.000000,0.000000,0.000000
14195000,0.000000,0.000000,0.000000
14196000,0.000000,0.000000,0.000000
14197000,0.000000,0.000000,0.000000
14198000,0.000000,0.000000,0.000000
14199000,0.000000,0.000000,0.000000
14200000,0.000000,0.000000,0.000000
14201000,0.000000,0.000000,0.000000
14202000,0.000000,0.000000,0.000000
14203000,0.000000,0.000000,0.000000
14204000,0.000000,0.000000,0.000000
14205000,0.000000,0.000000,0.000000
14206000,0.000000,0.000000,0.000000
14207000,0.000000,0.000000,0.000000
14208000,0.000000,0.000000,0.000000
14209000,0.000000,0.000000,0.000000
14210000,0.000000,0.000000,0.000000
14211000,0.000000,0.000000,0.000000
14212000,0.000000,0.000000,0.000000
14213000,0.000000,0.000000,0.000000
14214000,0.000000,0.000000,0.000000
14215000,0.000000,0.000000,0.000000
14216000,0.000000,0.000000,0.000000
14217000,0.000000,0.000000,0.000000
14218000,0.000000,0.000000,0.000000
14219000,0.000000,0.000000,0.000000
14220000,0.000000,0.000000,0.000000
14221000,0.000000,0.000000,0.000000
14222000,0.000000,0.000000,0.000000
14223000,0.000000,0.000000,0.000000
14224000,0.000000,0.000000,0.000000
14225000,0.000000,0.000000,0.000000
14226000,0.000000,0.000000,0.000000
14227000,0.000000,0.000000,0.000000
14228000,0.000000,0.000000,0.000000
14229000,0.000000,0.000000,0.000000
14230000,0.000000,0.000000,0.000000
14231000,0.000000,0.000000,0.000000
14232000,0.000000,0.000000,0.000000
14233000,0.000000,0.000000,0.000000
14234000,0.000000,0.000000,0.000000
14235000,0.000000,0.000000,0.000000
14236000,0.000000,0.000000,0.000000
14237000,0.000000,0.000000,0.000000
14238000,0.000000,0.000000,0.000000
14239000,0.000000,0.000000,0.000000
14240000,0.000000,0.000000,0.000000
14241000,0.000000,0.000000,0.000000
14242000,0.000000,0.000000,0.000000
14243000,0.000000,0.000000,0.000000
14244000,0.000000,0.000000,0.000000
14245000,0.000000,0.000000,0.000000
14246000,0.000000,0.000000,0.000000
14247000,0.000000,0.000000,0.000000
14248000,0.000000,0.000000,0.000000
14249000,0.000000,0.000000,0.000000
14250000,0.000000,0.000000,0.000000
14251000,0.000000,0.000000,0.000000
14252000,0.000000,0.000000,0.000000
14253000,0.000000,0.000000,0.000000
14254000,0.000000,0.000000,0.000000
14255000,0.000000,0.000000,0.000000
14256000,0.000000,0.000000,0.000000
14257000,0.000000,0.000000,0.000000
14258000,0.000000,0.000000,0.000000
14259000,0.000000,0.000000,0.000000
14260000,0.000000,0.000000,0.000000
14261000,0.000000,0.000000,0.000000
14262000,0.000000,0.000000,0.000000
14263000,0.000000,0.000000,0.000000
14264000,0.000000,0.000000,0.000000
14265000,0.000000,0.000000,0.000000
14266000,0.000000,0.000000,0.000000
14267000,0.000000,0.000000,0.000000
14268000,0.000000,0.000000,0.000000
14269000,0.000000,0.000000,0.000000
14270000,0.000000,0.000000,0.000000
14271000,0.000000,0.000000,0.000000
14272000,0.000000,0.000000,0.000000
14273000,0.000000,0.000000,0.000000
14274000,0.000000,0.000000,0.000000
14275000,0.000000,0.000000,0.000000
14276000,0.000000,0.000000,0.000000
14277000,0.000000,0.000000,0.000000
14278000,0.000000,0.000000,0.000000
14279000,0.000000,0.000000,0.000000
14280000,0.000000,0.000000,0.000000
14281000,0.000000,0.000000,0.000000
14282000,0.000000,0.000000,0.000000
14283000,0.000000,0.000000,0.000000
14284000,0.000000,0.000000,0.000000
14285000,0.000000,0.000000,0.000000
14286000,0.000000,0.000000,0.000000
14287000,0.000000,0.000000,0.000000
14288000,0.000000,0.000000,0.000000
14289000,0.000000,0.000000,0.000000
14290000,0.000000,0.000000,0.000000
14291000,0.000000,0.000000,0.000000
14292000,0.000000,0.000000,0.000000
14293000,0.000000,0.000000,0.000000
14294000,0.000000,0.000000,0.000000
14295000,0.000000,0.000000,0.000000
14296000,0.000000,0.000000,0.000000
14297000,0.000000,0.000000,0.000000
14298000,0.000000,0.000000,0.000000
14299000,0.000000,0.000000,0.000000
14300000,0.000000,0.000000,0.000000
14301000,0.000000,0.000000,0.000000
14302000,0.000000,0.000000,0.000000
14303000,0.000000,0.000000,0.000000
14304000,0.000000,0.000000,0.000000
14305000,0.000000,0.000000,0.000000
14306000,0.000000,0.000000,0.000000
14307000,0.000000,0.000000,0.000000
14308000,0.000000,0.000000,0.000000
14309000,0.000000,0.000000,0.000000
14310000,0.000000,0.000000,0.000000
14311000,0.000000,0.000000,0.000000
14312000,0.000000,0.000000,0.000000
14313000,0.000000,0.000000,0.000000
14314000,0.000000,0.000000,0.000000
14315000,0.000000,0.000000,0.000000
14316000,0.000000,0.000000,0.000000
14317000,0.000000,0.000000,0.000000
14318000,0.000000,0.000000,0.000000
14319000,0.000000,0.000000,0.000000
14320000,0.000000,0.000000,0.000000
14321000,0.000000,0.000000,0.000000
14322000,0.000000,0.000000,0.000000
14323000,0.000000,0.000000,0.000000
14324000,0.000000,0.000000,0.000000
14325000,0.000000,0.000000,0.000000
14326000,0.000000,0.000000,0.000000
14327000,0.000000,0.000000,0.000000
14328000,0.000000,0.000000,0.000000
14329000,0.000000,0.000000,0.000000
14330000,0.000000,0.000000,0.000000
14331000,0.000000,0.000000,0.000000
14332000,0.000000,0.000000,0.000000
14333000,0.000000,0.000000,0.000000
14334000,0.000000,0.000000,0.000000
14335000,0.000000,0.000000,0.000000
14336000,0.000000,0.000000,0.000000
14337000,0.000000,0.000000,0.000000
14338000,0.000000,0.000000,0.000000
14339000,0.000000,0.000000,0.000000
14340000,0.000000,0.000000,0.000000
14341000,0.000000,0.000000,0.000000
14342000,0.000000,0.000000,0.000000
14343000,0.000000,0.000000,0.000000
14344000,0.000000,0.000000,0.000000
14345000,0.000000,0.000000,0.000000
14346000,0.000000,0.000000,0.000000
14347000,0.000000,0.000000,0.000000
14348000,0.000000,0.000000,0.000000
14349000,0.000000,0.000000,0.000000
14350000,0.000000,0.000000,0.000000
14351000,0.000000,0.000000,0.000000
14352000,0.000000,0.000000,0.000000
14353000,0.000000,0.000000,0.000000
14354000,0.000000,0.000000,0.000000
14355000,0.000000,0.000000,0.000000
14356000,0.000000,0.000000,0.000000
14357000,0.000000,0.000000,0.000000
14358000,0.000000,0.000000,0.000000
14359000,0.000000,0.000000,0.000000
14360000,0.000000,0.000000,0.000000
14361000,0.000000,0.000000,0.000000
14362000,0.000000,0.000000,0.000000
14363000,0.000000,0.000000,0.000000
14364000,0.000000,0.000000,0.000000
14365000,0.000000,0.000000,0.000000
14366000,0.000000,0.000000,0.000000
14367000,0.000000,0.000000,0.000000
14368000,0.000000,0.000000,0.000000
14369000,0.000000,0.000000,0.000000
14370000,0.000000,0.000000,0.000000
14371000,0.000000,0.000000,0.000000
14372000,0.000000,0.000000,0.000000
14373000,0.000000,0.000000,0.000000
14374000,0.000000,0.000000,0.000000
14375000,0.000000,0.000000,0.000000
14376000,0.000000,0.000000,0.000000
14377000,0.000000,0.000000,0.000000
14378000,0.000000,0.000000,0.000000
14379000,0.000000,0.000000,0.000000
14380000,0.000000,0.000000,0.000000
14381000,0.000000,0.000000,0.000000
14382000,0.000000,0.000000,0.000000
14383000,0.000000,0.000000,0.000000
14384000,0.000000,0.000000,0.000000
14385000,0.000000,0.000000,0.000000
14386000,0.000000,0.000000,0.000000
14387000,0.000000,0.000000,0.000000
14388000,0.000000,0.000000,0.000000
14389000,0.000000,0.000000,0.000000
14390000,0.000000,0.000000,0.000000
14391000,0.000000,0.000000,0.000000
14392000,0.000000,0.000000,0.000000
14393000,0.000000,0.000000,0.000000
14394000,0.000000,0.000000,0.000000
14395000,0.000000,0.000000,0.000000
14396000,0.000000,0.000000,0.000000
14397000,0.000000,0.000000,0.000000
14398000,0.000000,0.000000,0.000000
14399000,0.000000,0.000000,0.000000
14400000,0.000000,0.000000,0.000000
14401000,0.000000,0.000000,0.000000
14402000,0.000000,0.000000,0.000000
14403000,0.000000,0.000000,0.000000
14404000,0.000000,0.000000,0.000000
14405000,0.000000,0.000000,0.000000
14406000,0.000000,0.000000,0.000000
14407000,0.000000,0.000000,0.000000
14408000,0.000000,0.000000,0.000000
14409000,0.000000,0.000000,0.000000
14410000,0.000000,0.000000,0.000000
14411000,0.000000,0.000000,0.000000
14412000,0.000000,0.000000,0.000000
14413000,0.000000,0.000000,0.000000
14414000,0.000000,0.000000,0.000000
14415000,0.000000,0.000000,0.000000
14416000,0.000000,0.000000,0.000000
14417000,0.000000,0.000000,0.000000
14418000,0.000000,0.000000,0.000000
14419000,0.000000,0.000000,0.000000
14420000,0.000000,0.000000,0.000000
14421000,0.000000,0.000000,0.000000
14422000,0.000000,0.000000,0.000000
14423000,0.000000,0.000000,0.000000
14424000,0.000000,0.000000,0.000000
14425000,0.000000,0.000000,0.000000
14426000,0.000000,0.000000,0.000000
14427000,0.000000,0.000000,0.000000
14428000,0.000000,0.000000,0.000000
14429000,0.000000,0.000000,0.000000
14430000,0.000000,0.000000,0.000000
14431000,0.000000,0.000000,0.000000
14432000,0.000000,0.000000,0.000000
14433000,0.000000,0.000000,0.000000
14434000,0.000000,0.000000,0.000000
14435000,0.000000,0.000000,0.000000
14436000,0.000000,0.000000,0.000000
14437000,0.000000,0.000000,0.000000
14438000,0.000000,0.000000,0.000000
14439000,0.000000,0.000000,0.000000
14440000,0.000000,0.000000,0.000000
14441000,0.000000,0.000000,0.000000
14442000,0.000000,0.000000,0.000000
14443000,0.000000,0.000000,0.000000
14444000,0.000000,0.000000,0.000000
14445000,0.000000,0.000000,0.000000
14446000,0.000000,0.000000,0.000000
14447000,0.000000,0.000000,0.000000
14448000,0.000000,0.000000,0.000000
14449000,0.000000,0.000000,0.000000
14450000,0.000000,0.000000,0.000000
14451000,0.000000,0.000000,0.000000
14452000,0.000000,0.000000,0.000000
14453000,0.000000,0.000000,0.000000
14454000,0.000000,0.000000,0.000000
14455000,0.000000,0.000000,0.000000
14456000,0.000000,0.000000,0.000000
14457000,0.000000,0.000000,0.000000
14458000,0.000000,0.000000,0.000000
14459000,0.000000,0.000000,0.000000
14460000,0.000000,0.000000,0.000000
14461000,0.000000,0.000000,0.000000
14462000,0.000000,0.000000,0.000000
14463000,0.000000,0.000000,0.000000
14464000,0.000000,0.000000,0.000000
14465000,0.000000,0.000000,0.000000
14466000,0.000000,0.000000,0.000000
14467000,0.000000,0.000000,0.000000
14468000,0.000000,0.000000,0.000000
14469000,0.000000,0.000000,0.000000
14470000,0.000000,0.000000,0.000000
14471000,0.000000,0.000000,0.000000
14472000,0.000000,0.000000,0.000000
14473000,0.000000,0.000000,0.000000
14474000,0.000000,0.000000,0.000000
14475000,0.000000,0.000000,0.000000
14476000,0.000000,0.000000,0.000000
14477000,0.000000,0.000000,0.000000
14478000,0.000000,0.000000,0.000000
14479000,0.000000,0.000000,0.000000
14480000,0.000000,0.000000,0.000000
14481000,0.000000,0.000000,0.000000
14482000,0.000000,0.000000,0.000000
14483000,0.000000,0.000000,0.000000
14484000,0.000000,0.000000,0.000000
14485000,0.000000,0.000000,0.000000
14486000,0.000000,0.000000,0.000000
14487000,0.000000,0.000000,0.000000
14488000,0.000000,0.000000,0.000000
14489000,0.000000,0.000000,0.000000
14490000,0.000000,0.000000,0.000000
14491000,0.000000,0.000000,0.000000
14492000,0.000000,0.000000,0.000000
14493000,0.000000,0.000000,0.000000
14494000,0.000000,0.000000,0.000000
14495000,0.000000,0.000000,0.000000
14496000,0.000000,0.000000,0.000000
14497000,0.000000,0.000000,0.000000
14498000,0.000000,0.000000,0.000000
14499000,0.000000,0.000000,0.000000
14500000,0.000000,0.000000,0.000000
14501000,0.000000,0.000000,0.000000
14502000,0.000000,0.000000,0.000000
14503000,0.000000,0.000000,0.000000
14504000,0.000000,0.000000,0.000000
14505000,0.000000,0.000000,0.000000
14506000,0.000000,0.000000,0.000000
14507000,0.000000,0.000000,0.000000
14508000,0.000000,0.000000,0.000000
14509000,0.000000,0.000000,0.000000
14510000,0.000000,0.000000,0.000000
14511000,0.000000,0.000000,0.000000
14512000,0.000000,0.000000,0.000000
14513000,0.000000,0.000000,0.000000
14514000,0.000000,0.000000,0.000000
14515000,0.000000,0.000000,0.000000
14516000,0.000000,0.000000,0.000000
14517000,0.000000,0.000000,0.000000
14518000,0.000000,0.000000,0.000000
14519000,0.000000,0.000000,0.000000
14520000,0.000000,0.000000,0.000000
14521000,0.000000,0.000000,0.000000
14522000,0.000000,0.000000,0.000000
14523000,0.000000,0.000000,0.000000
14524000,0.000000,0.000000,0.000000
14525000,0.000000,0.000000,0.000000
14526000,0.000000,0.000000,0.000000
14527000,0.000000,0.000000,0.000000
14528000,0.000000,0.000000,0.000000
14529000,0.000000,0.000000,0.000000
14530000,0.000000,0.000000,0.000000
14531000,0.000000,0.000000,0.000000
14532000,0.000000,0.000000,0.000000
14533000,0.000000,0.000000,0.000000
14534000,0.000000,0.000000,0.000000
14535000,0.000000,0.000000,0.000000
14536000,0.000000,0.000000,0.000000
14537000,0.000000,0.000000,0.000000
14538000,0.000000,0.000000,0.000000
14539000,0.000000,0.000000,0.000000
14540000,0.041559,0.138788,5.348473
14541000,0.041559,0.277252,5.335946
14542000,0.041559,0.415390,5.323449
14543000,0.041559,0.553205,5.310981
14544000,0.041559,0.690696,5.298542
14545000,0.041559,0.827863,5.286132
14546000,0.041559,0.964708,5.273752
14547000,0.041559,1.101231,5.261400
14548000,0.041559,1.237432,5.249078
14549000,0.041559,1.373312,5.236785
14550000,0.041559,1.508872,5.224521
14551000,0.041559,1.644111,5.212285
14552000,0.041559,1.779031,5.200079
14553000,0.041559,1.913632,5.187901
14554000,0.041559,2.047915,5.175752
14555000,0.041559,2.181879,5.163632
14556000,0.041559,2.315526,5.151541
14557000,0.041559,2.448856,5.139478
14558000,0.041559,2.581869,5.127444
14559000,0.041559,2.714566,5.115439
14560000,0.041559,2.846948,5.103462
14561000,0.041559,2.979015,5.091513
14562000,0.041559,3.110768,5.079593
14563000,0.041559,3.242207,5.067701
14564000,0.041559,3.373332,5.055838
14565000,0.041559,3.504145,5.044003
14566000,0.041559,3.634645,5.032196
14567000,0.041559,3.764834,5.020417
14568000,0.041559,3.894711,5.008667
14569000,0.041559,4.024277,4.996944
14570000,0.041559,4.153534,4.985250
14571000,0.041559,4.282480,4.973583
14572000,0.041559,4.411118,4.961945
14573000,0.041559,4.539446,4.950334
14574000,0.041559,4.667467,4.938752
14575000,0.041559,4.795180,4.927197
14576000,0.041559,4.922585,4.915670
14577000,0.041559,5.049685,4.904170
14578000,0.041559,5.176478,4.892699
14579000,0.041559,5.302966,4.881255
14580000,0.041559,5.429148,4.869838
14581000,0.041559,5.555027,4.858449
14582000,0.041559,5.680601,4.847087
14583000,0.041559,5.805872,4.835753
14584000,0.041559,5.930840,4.824447
14585000,0.041559,6.055505,4.813167
14586000,0.041559,6.179869,4.801915
14587000,0.041559,6.303931,4.790690
14588000,0.041559,6.427693,4.779493
14589000,0.041559,6.551154,4.768322
14590000,0.041559,6.674316,4.757179
14591000,0.041559,6.797178,4.746063
14592000,0.041559,6.919742,4.734973
14593000,0.041559,7.042008,4.723911
14594000,0.041559,7.163975,4.712876
14595000,0.041559,7.285646,4.701867
14596000,0.041559,7.407021,4.690885
14597000,0.041559,7.528099,4.679930
14598000,0.041559,7.648882,4.669002
14599000,0.041559,7.769369,4.658100
14600000,0.041559,7.889563,4.647225
14601000,0.041559,8.009462,4.636377
14602000,0.041559,8.129068,4.625555
14603000,0.041559,8.248381,4.614760
14604000,0.041559,8.367402,4.603991
14605000,0.041559,8.486131,4.593248
14606000,0.041559,8.604568,4.582532
14607000,0.041559,8.722715,4.571842
14608000,0.041559,8.840572,4.561178
14609000,0.041559,8.958139,4.550541
14610000,0.041559,9.075416,4.539929
14611000,0.041559,9.192406,4.529344
14612000,0.041559,9.309107,4.518785
14613000,0.041559,9.425520,4.508252
14614000,0.041559,9.541646,4.497744
14615000,0.041559,9.657486,4.487263
14616000,0.041559,9.773040,4.476808
14617000,0.041559,9.888309,4.466378
14618000,0.041559,10.003292,4.455974
14619000,0.041559,10.117991,4.445596
14620000,0.041559,10.232407,4.435243
14621000,0.041559,10.346538,4.424917
14622000,0.041559,10.460388,4.414615
14623000,0.041559,10.573954,4.404339
14624000,0.041559,10.687239,4.394089
14625000,0.041559,10.800243,4.383864
14626000,0.041559,10.912966,4.373665
14627000,0.041559,11.025409,4.363491
14628000,0.041559,11.137573,4.353342
14629000,0.041559,11.249457,4.343218
14630000,0.041559,11.361063,4.333120
14631000,0.041559,11.472390,4.323046
14632000,0.041559,11.583440,4.312998
14633000,0.041559,11.694213,4.302975
14634000,0.041559,11.804710,4.292977
14635000,0.041559,11.914931,4.283004
14636000,0.041559,12.024876,4.273055
14637000,0.041559,12.134546,4.263132
14638000,0.041559,12.243942,4.253233
14639000,0.041559,12.353065,4.243359
14640000,0.041559,12.461914,4.233510
14641000,0.041559,12.570490,4.223686
14642000,0.041559,12.678794,4.213886
14643000,0.041559,12.786826,4.204110
14644000,0.041559,12.894587,4.194360
14645000,0.041559,13.002077,4.184633
14646000,0.041559,13.109298,4.174932
14647000,0.041559,13.216248,4.165254
14648000,0.041559,13.322930,4.155601
14649000,0.041559,13.429343,4.145972
14650000,0.041559,13.535488,4.136367
14651000,0.041559,13.641366,4.126787
14652000,0.041559,13.746976,4.117231
14653000,0.041559,13.852320,4.107698
14654000,0.041559,13.957399,4.098190
14655000,0.041559,14.062211,4.088706
14656000,0.041559,14.166759,4.079246
14657000,0.041559,14.271043,4.069810
14658000,0.041559,14.375063,4.060397
14659000,0.041559,14.478819,4.051009
14660000,0.041559,14.582313,4.041644
14661000,0.041559,14.685544,4.032303
14662000,0.041559,14.788514,4.022985
14663000,0.041559,14.891223,4.013691
14664000,0.041559,14.993671,4.004421
14665000,0.041559,15.095858,3.995174
14666000,0.041559,15.197786,3.985951
14667000,0.041559,15.299455,3.976751
14668000,0.041559,15.400866,3.967575
14669000,0.041559,15.502018,3.958422
14670000,0.041559,15.602913,3.949292
14671000,0.041559,15.703551,3.940185
14672000,0.041559,15.803932,3.931102
14673000,0.041559,15.904057,3.922042
14674000,0.041559,16.003927,3.913005
14675000,0.041559,16.103542,3.903991
14676000,0.041559,16.202903,3.895000
14677000,0.041559,16.302009,3.886031
14678000,0.041559,16.400862,3.877086
14679000,0.041559,16.499463,3.868164
14680000,0.041559,16.597811,3.859265
14681000,0.041559,16.695907,3.850388
14682000,0.041559,16.793752,3.841534
14683000,0.041559,16.891346,3.832703
14684000,0.041559,16.988690,3.823894
14685000,0.041559,17.085784,3.815108
14686000,0.041559,17.182628,3.806344
14687000,0.041559,17.279225,3.797603
14688000,0.041559,17.375572,3.788885
14689000,0.041559,17.471673,3.780189
14690000,0.041559,17.567526,3.771515
14691000,0.041559,17.663132,3.762863
14692000,0.041559,17.758492,3.754234
14693000,0.041559,17.853607,3.745627
14694000,0.041559,17.948476,3.737042
14695000,0.041559,18.043101,3.728479
14696000,0.041559,18.137481,3.719939
14697000,0.041559,18.231619,3.711420
14698000,0.041559,18.325513,3.702924
14699000,0.041559,18.419164,3.694449
14700000,0.041559,18.512573,3.685996
14701000,0.041559,18.605741,3.677565
14702000,0.041559,18.698668,3.669156
14703000,0.041559,18.791354,3.660769
14704000,0.041559,18.883801,3.652403
14705000,0.041559,18.976008,3.644059
14706000,0.041559,19.067975,3.635737
14707000,0.041559,19.159705,3.627436
14708000,0.041559,19.251196,3.619156
14709000,0.041559,19.342450,3.610899
14710000,0.041559,19.433467,3.602662
14711000,0.041559,19.524247,3.594447
14712000,0.041559,19.614791,3.586254
14713000,0.041559,19.705100,3.578081
14714000,0.041559,19.795174,3.569930
14715000,0.041559,19.885014,3.561800
14716000,0.041559,19.974620,3.553691
14717000,0.041559,20.063992,3.545604
14718000,0.041559,20.153131,3.537537
14719000,0.041559,20.242038,3.529492
14720000,0.041559,20.330713,3.521467
14721000,0.041559,20.419156,3.513464
14722000,0.041559,20.507369,3.505481
14723000,0.041559,20.595351,3.497519
14724000,0.041559,20.683103,3.489578
14725000,0.041559,20.770626,3.481658
14726000,0.041559,20.857919,3.473758
14727000,0.041559,20.944985,3.465879
14728000,0.041559,21.031822,3.458021
14729000,0.041559,21.118432,3.450183
14730000,0.041559,21.204815,3.442366
14731000,0.041559,21.290972,3.434569
14732000,0.041559,21.376902,3.426793
14733000,0.041559,21.462608,3.419037
14734000,0.041559,21.548088,3.411301
14735000,0.041559,21.633344,3.403586
14736000,0.041559,21.718375,3.395891
14737000,0.041559,21.803184,3.388216
14738000,0.041559,21.887769,3.380561
14739000,0.041559,21.972132,3.372927
14740000,0.041559,22.056272,3.365312
14741000,0.041559,22.140192,3.357718
14742000,0.041559,22.223890,3.350144
14743000,0.041559,22.307368,3.342589
14744000,0.041559,22.390625,3.335055
14745000,0.041559,22.473663,3.327540
14746000,0.041559,22.556482,3.320045
14747000,0.041559,22.639083,3.312570
14748000,0.041559,22.721465,3.305115
14749000,0.041559,22.803630,3.297679
14750000,0.041559,22.885577,3.290263
14751000,0.041559,22.967308,3.282867
14752000,0.041559,23.048823,3.275490
14753000,0.041559,23.130122,3.268132
14754000,0.041559,23.211206,3.260794
14755000,0.041559,23.292075,3.253476
14756000,0.041559,23.372730,3.246177
14757000,0.041559,23.453171,3.238897
14758000,0.041559,23.533399,3.231637
14759000,0.041559,23.613415,3.224395
14760000,0.041559,23.693217,3.217173
14761000,0.041559,23.772809,3.209971
14762000,0.041559,23.852188,3.202787
14763000,0.041559,23.931357,3.195622
14764000,0.041559,24.010316,3.188477
14765000,0.041559,24.089064,3.181350
14766000,0.041559,24.167603,3.174242
14767000,0.041559,24.245933,3.167154
14768000,0.041559,24.324055,3.160084
14769000,0.041559,24.401969,3.153032
14770000,0.041559,24.479675,3.146000
14771000,0.041559,24.557174,3.138987
14772000,0.041559,24.634466,3.131992
14773000,0.041559,24.711552,3.125015
14774000,0.041559,24.788433,3.118058
14775000,0.041559,24.865109,3.111119
14776000,0.041559,24.941579,3.104198
14777000,0.041559,25.017846,3.097296
14778000,0.041559,25.093909,3.090412
14779000,0.041559,25.169768,3.083547
14780000,0.041559,25.245425,3.076700
14781000,0.041559,25.320879,3.069871
14782000,0.041559,25.396131,3.063061
14783000,0.041559,25.471182,3.056269
14784000,0.041559,25.546032,3.049495
14785000,0.041559,25.620682,3.042739
14786000,0.041559,25.695131,3.036002
14787000,0.041559,25.769381,3.029282
14788000,0.041559,25.843431,3.022580
14789000,0.041559,25.917283,3.015897
14790000,0.041559,25.990937,3.009231
14791000,0.041559,26.064393,3.002583
14792000,0.041559,26.137652,2.995953
14793000,0.041559,26.210714,2.989341
14794000,0.041559,26.283580,2.982746
14795000,0.041559,26.356249,2.976170
14796000,0.041559,26.428724,2.969611
14797000,0.041559,26.501003,2.963069
14798000,0.041559,26.573088,2.956546
14799000,0.041559,26.644978,2.950039
14800000,0.041559,26.716675,2.943551
14801000,0.041559,26.788179,2.937079
14802000,0.041559,26.859490,2.930626
14803000,0.041559,26.930609,2.924189
14804000,0.041559,27.001536,2.917770
14805000,0.041559,27.072272,2.911368
14806000,0.041559,27.142816,2.904984
14807000,0.041559,27.213171,2.898617
14808000,0.041559,27.283335,2.892267
14809000,0.041559,27.353310,2.885934
14810000,0.041559,27.423095,2.879618
14811000,0.041559,27.492692,2.873319
14812000,0.041559,27.562101,2.867038
14813000,0.041559,27.631322,2.860773
14814000,0.041559,27.700355,2.854525
14815000,0.041559,27.769202,2.848294
14816000,0.041559,27.837862,2.842080
14817000,0.041559,27.906336,2.835883
14818000,0.041559,27.974625,2.829703
14819000,0.041559,28.042728,2.823539
14820000,0.041559,28.110647,2.817392
14821000,0.041559,28.178382,2.811262
14822000,0.041559,28.245932,2.805149
14823000,0.041559,28.313300,2.799052
14824000,0.041559,28.380484,2.792971
14825000,0.041559,28.447486,2.786907
14826000,0.041559,28.514306,2.780860
14827000,0.041559,28.580944,2.774829
14828000,0.041559,28.647402,2.768814
14829000,0.041559,28.713678,2.762816
14830000,0.041559,28.779774,2.756834
14831000,0.041559,28.845690,2.750868
14832000,0.041559,28.911427,2.744919
14833000,0.041559,28.976984,2.738985
14834000,0.041559,29.042364,2.733068
14835000,0.041559,29.107564,2.727167
14836000,0.041559,29.172588,2.721282
14837000,0.041559,29.237434,2.715414
14838000,0.041559,29.302103,2.709561
14839000,0.041559,29.366595,2.703724
14840000,0.041559,29.430912,2.697903
14841000,0.041559,29.495053,2.692098
14842000,0.041559,29.559018,2.686309
14843000,0.041559,29.622809,2.680535
14844000,0.041559,29.686426,2.674777
14845000,0.041559,29.749869,2.669036
14846000,0.041559,29.813138,2.663309
14847000,0.041559,29.876234,2.657599
14848000,0.041559,29.939158,2.651904
14849000,0.041559,30.001909,2.646224
14850000,0.041559,30.064489,2.640561
14851000,0.041559,30.126897,2.634912
14852000,0.041559,30.189135,2.629280
14853000,0.041559,30.251201,2.623662
14854000,0.041559,30.313098,2.618060
14855000,0.041559,30.374825,2.612473
14856000,0.041559,30.436382,2.606902
14857000,0.041559,30.497771,2.601346
14858000,0.041559,30.558991,2.595805
14859000,0.041559,30.620044,2.590280
14860000,0.041559,30.680928,2.584769
14861000,0.041559,30.741645,2.579274
14862000,0.041559,30.802196,2.573794
14863000,0.041559,30.862580,2.568328
14864000,0.041559,30.922798,2.562878
14865000,0.041559,30.982851,2.557443
14866000,0.041559,31.042738,2.552023
14867000,0.041559,31.102460,2.546618
14868000,0.041559,31.162019,2.541227
14869000,0.041559,31.221413,2.535852
14870000,0.041559,31.280643,2.530491
14871000,0.041559,31.339711,2.525145
14872000,0.041559,31.398616,2.519813
14873000,0.041559,31.457358,2.514497
14874000,0.041559,31.515938,2.509195
14875000,0.041559,31.574357,2.503907
14876000,0.041559,31.632615,2.498635
14877000,0.041559,31.690712,2.493376
14878000,0.041559,31.748648,2.488133
14879000,0.041559,31.806425,2.482904
14880000,0.041559,31.864042,2.477689
14881000,0.041559,31.921500,2.472488
14882000,0.041559,31.978799,2.467302
14883000,0.041559,32.035940,2.462131
14884000,0.041559,32.092923,2.456973
14885000,0.041559,32.149748,2.451830
14886000,0.041559,32.206416,2.446701
14887000,0.041559,32.262928,2.441586
14888000,0.041559,32.319283,2.436486
14889000,0.041559,32.375481,2.431399
14890000,0.041559,32.431525,2.426327
14891000,0.041559,32.487413,2.421268
14892000,0.041559,32.543146,2.416224
14893000,0.041559,32.598725,2.411194
14894000,0.041559,32.654149,2.406177
14895000,0.041559,32.709420,2.401175
14896000,0.041559,32.764538,2.396186
14897000,0.041559,32.819503,2.391211
14898000,0.041559,32.874315,2.386250
14899000,0.041559,32.928975,2.381303
14900000,0.041559,32.983483,2.376370
14901000,0.041559,33.037840,2.371450
14902000,0.041559,33.092046,2.366544
14903000,0.041559,33.146102,2.361651
14904000,0.041559,33.200007,2.356772
14905000,0.041559,33.253762,2.351907
14906000,0.041559,33.307368,2.347055
14907000,0.041559,33.360824,2.342217
14908000,0.041559,33.414132,2.337392
14909000,0.041559,33.467292,2.332580
14910000,0.041559,33.520304,2.327782
14911000,0.041559,33.573168,2.322997
14912000,0.041559,33.625884,2.318226
14913000,0.041559,33.678454,2.313468
14914000,0.041559,33.730878,2.308723
14915000,0.041559,33.783155,2.303991
14916000,0.041559,33.835287,2.299273
14917000,0.041559,33.887273,2.294568
14918000,0.041559,33.939114,2.289876
14919000,0.041559,33.990811,2.285196
14920000,0.041559,34.042364,2.280530
14921000,0.041559,34.093772,2.275877
14922000,0.041559,34.145037,2.271237
14923000,0.041559,34.196159,2.266610
14924000,0.041559,34.247138,2.261996
14925000,0.041559,34.297975,2.257395
14926000,0.041559,34.348669,2.252806
14927000,0.041559,34.399222,2.248231
14928000,0.041559,34.449633,2.243668
14929000,0.041559,34.499904,2.239118
14930000,0.041559,34.550034,2.234581
14931000,0.041559,34.600024,2.230056
14932000,0.041559,34.649873,2.225544
14933000,0.041559,34.699584,2.221045
14934000,0.041559,34.749155,2.216558
14935000,0.041559,34.798587,2.212084
14936000,0.041559,34.847881,2.207622
14937000,0.041559,34.897036,2.203173
14938000,0.041559,34.946054,2.198736
14939000,0.041559,34.994935,2.194312
14940000,0.041559,35.043678,2.189900
14941000,0.041559,35.092285,2.185501
14942000,0.041559,35.140755,2.181114
14943000,0.041559,35.189090,2.176739
14944000,0.041559,35.237288,2.172376
14945000,0.041559,35.285352,2.168026
14946000,0.041559,35.333280,2.163688
14947000,0.041559,35.381074,2.159362
14948000,0.041559,35.428734,2.155048
14949000,0.041559,35.476260,2.150746
14950000,0.041559,35.523652,2.146457
14951000,0.041559,35.570911,2.142179
14952000,0.041559,35.618037,2.137914
14953000,0.041559,35.665031,2.133660
14954000,0.041559,35.711893,2.129419
14955000,0.041559,35.758622,2.125189
14956000,0.041559,35.805220,2.120971
14957000,0.041559,35.851687,2.116765
14958000,0.041559,35.898024,2.112571
14959000,0.041559,35.944229,2.108389
14960000,0.041559,35.990305,2.104219
14961000,0.041559,36.036251,2.100060
14962000,0.041559,36.082067,2.095913
14963000,0.041559,36.127755,2.091778
14964000,0.041559,36.173313,2.087654
14965000,0.041559,36.218743,2.083542
14966000,0.041559,36.264045,2.079442
14967000,0.041559,36.309219,2.075353
14968000,0.041559,36.354266,2.071276
14969000,0.041559,36.399185,2.067210
14970000,0.041559,36.443978,2.063155
14971000,0.041559,36.488645,2.059112
14972000,0.041559,36.533185,2.055081
14973000,0.041559,36.577599,2.051061
14974000,0.041559,36.621888,2.047052
14975000,0.041559,36.666052,2.043055
14976000,0.041559,36.710092,2.039068
14977000,0.041559,36.754006,2.035094
14978000,0.041559,36.797797,2.031130
14979000,0.041559,36.841463,2.027177
14980000,0.041559,36.885006,2.023236
14981000,0.041559,36.928426,2.019306
14982000,0.041559,36.971724,2.015387
14983000,0.041559,37.014898,2.011479
14984000,0.041559,37.057951,2.007582
14985000,0.041559,37.100881,2.003696
14986000,0.041559,37.143690,1.999822
14987000,0.041559,37.186378,1.995958
14988000,0.041559,37.228945,1.992105
14989000,0.041559,37.271391,1.988263
14990000,0.041559,37.313717,1.984432
14991000,0.041559,37.355923,1.980612
14992000,0.041559,37.398009,1.976802
14993000,0.041559,37.439976,1.973003
14994000,0.041559,37.481824,1.969216
14995000,0.041559,37.523553,1.965439
14996000,0.041559,37.565164,1.961672
14997000,0.041559,37.606657,1.957916
14998000,0.041559,37.648032,1.954171
14999000,0.041559,37.689290,1.950437
15000000,0.041559,37.730430,1.946713
15001000,0.041559,37.771454,1.943000
15002000,0.041559,37.812361,1.939297
15003000,0.041559,37.853152,1.935605
15004000,0.041559,37.893826,1.931923
15005000,0.041559,37.934386,1.928252
15006000,0.041559,37.974830,1.924591
15007000,0.041559,38.015159,1.920941
15008000,0.041559,38.055373,1.917301
15009000,0.041559,38.095473,1.913671
15010000,0.041559,38.135459,1.910052
15011000,0.041559,38.175331,1.906443
15012000,0.041559,38.215090,1.902844
15013000,0.041559,38.254736,1.899255
15014000,0.041559,38.294268,1.895677
15015000,0.041559,38.333688,1.892109
15016000,0.041559,38.372996,1.888551
15017000,0.041559,38.412192,1.885003
15018000,0.041559,38.451276,1.881465
15019000,0.041559,38.490249,1.877938
15020000,0.041559,38.529111,1.874420
15021000,0.041559,38.567862,1.870913
15022000,0.041559,38.606502,1.867415
15023000,0.041559,38.645033,1.863927
15024000,0.041559,38.683453,1.860450
15025000,0.041559,38.721764,1.856982
15026000,0.041559,38.759965,1.853524
15027000,0.041559,38.798058,1.850076
15028000,0.041559,38.836042,1.846638
15029000,0.041559,38.873917,1.843210
15030000,0.041559,38.911684,1.839791
15031000,0.041559,38.949344,1.836382
15032000,0.041559,38.986896,1.832983
15033000,0.041559,39.024340,1.829594
15034000,0.041559,39.061678,1.826214
15035000,0.041559,39.098909,1.822844
15036000,0.041559,39.136033,1.819484
15037000,0.041559,39.173052,1.816133
15038000,0.041559,39.209964,1.812792
15039000,0.041559,39.246771,1.809460
15040000,0.041559,39.283473,1.806138
15041000,0.041559,39.320070,1.802825
15042000,0.041559,39.356562,1.799522
15043000,0.041559,39.392950,1.796228
15044000,0.041559,39.429233,1.792944
15045000,0.041559,39.465413,1.789669
15046000,0.041559,39.501489,1.786404
15047000,0.041559,39.537462,1.783148
15048000,0.041559,39.573331,1.779901
15049000,0.041559,39.609098,1.776663
15050000,0.041559,39.644763,1.773435
15051000,0.041559,39.680325,1.770216
15052000,0.041559,39.715786,1.767006
15053000,0.041559,39.751145,1.763806
15054000,0.041559,39.786402,1.760614
15055000,0.041559,39.821559,1.757432
15056000,0.041559,39.856614,1.754259
15057000,0.041559,39.891569,1.751095
15058000,0.041559,39.926424,1.747940
15059000,0.041559,39.961179,1.744794
15060000,0.041559,39.995834,1.741657
15061000,0.041559,40.030389,1.738529
15062000,0.041559,40.064846,1.735410
15063000,0.041559,40.099203,1.732300
15064000,0.041559,40.133462,1.729199
15065000,0.041559,40.167623,1.726107
15066000,0.041559,40.201685,1.723024
15067000,0.041559,40.235649,1.719949
15068000,0.041559,40.269516,1.716884
15069000,0.041559,40.303286,1.713827
15070000,0.041559,40.336959,1.710779
15071000,0.041559,40.370534,1.707740
15072000,0.041559,40.404014,1.704709
15073000,0.041559,40.437397,1.701688
15074000,0.041559,40.470684,1.698674
15075000,0.041559,40.503875,1.695670
15076000,0.041559,40.536971,1.692674
15077000,0.041559,40.569971,1.689687
15078000,0.041559,40.602877,1.686709
15079000,0.041559,40.635688,1.683739
15080000,0.041559,40.668404,1.680777
15081000,0.041559,40.701026,1.677824
15082000,0.041559,40.733555,1.674880
15083000,0.041559,40.765989,1.671944
15084000,0.041559,40.798331,1.669016
15085000,0.041559,40.830579,1.666097
15086000,0.041559,40.862734,1.663187
15087000,0.041559,40.894797,1.660284
15088000,0.041559,40.926767,1.657390
15089000,0.041559,40.958645,1.654505
15090000,0.041559,40.990431,1.651628
15091000,0.041559,41.022126,1.648759
15092000,0.041559,41.053729,1.645898
15093000,0.041559,41.085241,1.643046
15094000,0.041559,41.116662,1.640201
15095000,0.041559,41.147992,1.637365
15096000,0.041559,41.179232,1.634538
15097000,0.041559,41.210382,1.631718
15098000,0.041559,41.241442,1.628906
15099000,0.041559,41.272413,1.626103
15100000,0.041559,41.303294,1.623308
15101000,0.041559,41.334085,1.620520
15102000,0.041559,41.364788,1.617741
15103000,0.041559,41.395402,1.614970
15104000,0.041559,41.425928,1.612207
15105000,0.041559,41.456366,1.609452
15106000,0.041559,41.486716,1.606704
15107000,0.041559,41.516978,1.603965
15108000,0.041559,41.547152,1.601234
15109000,0.041559,41.577239,1.598510
15110000,0.041559,41.607240,1.595795
15111000,0.041559,41.637153,1.593087
15112000,0.041559,41.666981,1.590387
15113000,0.041559,41.696721,1.587695
15114000,0.041559,41.726376,1.585010
15115000,0.041559,41.755945,1.582334
15116000,0.041559,41.785429,1.579665
15117000,0.041559,41.814827,1.577004
15118000,0.041559,41.844140,1.574350
15119000,0.041559,41.873368,1.571705
15120000,0.041559,41.902512,1.569067
15121000,0.041559,41.931571,1.566436
15122000,0.041559,41.960547,1.563813
15123000,0.041559,41.989438,1.561198
15124000,0.041559,42.018245,1.558590
15125000,0.041559,42.046970,1.555990
15126000,0.041559,42.075611,1.553398
15127000,0.041559,42.104168,1.550813
15128000,0.041559,42.132644,1.548235
15129000,0.041559,42.161036,1.545665
15130000,0.041559,42.189347,1.543102
15131000,0.041559,42.217575,1.540547
15132000,0.041559,42.245722,1.537999
15133000,0.041559,42.273786,1.535459
15134000,0.041559,42.301770,1.532926
15135000,0.041559,42.329672,1.530400
15136000,0.041559,42.357494,1.527881
15137000,0.041559,42.385234,1.525370
15138000,0.041559,42.412894,1.522867
15139000,0.041559,42.440474,1.520370
15140000,0.041559,42.467974,1.517881
15141000,0.041559,42.495394,1.515399
15142000,0.041559,42.522735,1.512924
15143000,0.041559,42.549996,1.510456
15144000,0.041559,42.577178,1.507995
15145000,0.041559,42.604281,1.505542
15146000,0.041559,42.631305,1.503096
15147000,0.041559,42.658251,1.500657
15148000,0.041559,42.685118,1.498225
15149000,0.041559,42.711908,1.495800
15150000,0.041559,42.738619,1.493382
15151000,0.041559,42.765253,1.490971
15152000,0.041559,42.791810,1.488567
15153000,0.041559,42.818289,1.486170
15154000,0.041559,42.844692,1.483780
15155000,0.041559,42.871017,1.481397
15156000,0.041559,42.897266,1.479021
15157000,0.041559,42.923439,1.476652
15158000,0.041559,42.949536,1.474289
15159000,0.041559,42.975556,1.471934
15160000,0.041559,43.001501,1.469585
15161000,0.041559,43.027371,1.467243
15162000,0.041559,43.053165,1.464909
15163000,0.041559,43.078884,1.462580
15164000,0.041559,43.104528,1.460259
15165000,0.041559,43.130098,1.457944
15166000,0.041559,43.155593,1.455637
15167000,0.041559,43.181014,1.453335
15168000,0.041559,43.206361,1.451041
15169000,0.041559,43.231634,1.448753
15170000,0.041559,43.256834,1.446472
15171000,0.041559,43.281960,1.444198
15172000,0.041559,43.307013,1.441930
15173000,0.041559,43.331993,1.439669
15174000,0.041559,43.356900,1.437414
15175000,0.041559,43.381735,1.435166
15176000,0.041559,43.406497,1.432924
15177000,0.041559,43.431187,1.430689
15178000,0.041559,43.455805,1.428461
15179000,0.041559,43.480351,1.426239
15180000,0.041559,43.504826,1.424023
15181000,0.041559,43.529229,1.421814
15182000,0.041559,43.553561,1.419612
15183000,0.041559,43.577822,1.417416
15184000,0.041559,43.602013,1.415226
15185000,0.041559,43.626132,1.413043
15186000,0.041559,43.650182,1.410866
15187000,0.041559,43.674161,1.408695
15188000,0.041559,43.698070,1.406531
15189000,0.041559,43.721910,1.404373
15190000,0.041559,43.745680,1.402221
15191000,0.041559,43.769380,1.400075
15192000,0.041559,43.793011,1.397936
15193000,0.041559,43.816574,1.395803
15194000,0.041559,43.840067,1.393677
15195000,0.041559,43.863492,1.391556
15196000,0.041559,43.886849,1.389442
15197000,0.041559,43.910137,1.387334
15198000,0.041559,43.933357,1.385232
15199000,0.041559,43.956509,1.383136
15200000,0.041559,43.979594,1.381046
15201000,0.041559,44.002611,1.378963
15202000,0.041559,44.025561,1.376885
15203000,0.041559,44.048444,1.374814
15204000,0.041559,44.071260,1.372749
15205000,0.041559,44.094009,1.370689
15206000,0.041559,44.116692,1.368636
15207000,0.041559,44.139308,1.366589
15208000,0.041559,44.161858,1.364547
15209000,0.041559,44.184343,1.362512
15210000,0.041559,44.206761,1.360483
15211000,0.041559,44.229114,1.358459
15212000,0.041559,44.251402,1.356442
15213000,0.041559,44.273624,1.354430
15214000,0.041559,44.295781,1.352424
15215000,0.041559,44.317874,1.350424
15216000,0.041559,44.339901,1.348430
15217000,0.041559,44.361865,1.346442
15218000,0.041559,44.383764,1.344460
15219000,0.041559,44.405599,1.342483
15220000,0.041559,44.427369,1.340512
15221000,0.041559,44.449077,1.338547
15222000,0.041559,44.470720,1.336588
15223000,0.041559,44.492300,1.334635
15224000,0.041559,44.513817,1.332687
15225000,0.041559,44.535271,1.330745
15226000,0.041559,44.556663,1.328808
15227000,0.041559,44.577991,1.326878
15228000,0.041559,44.599257,1.324953
15229000,0.041559,44.620460,1.323033
15230000,0.041559,44.641602,1.321119
15231000,0.041559,44.662681,1.319211
15232000,0.041559,44.683699,1.317309
15233000,0.041559,44.704655,1.315412
15234000,0.041559,44.725550,1.313520
15235000,0.041559,44.746383,1.311634
15236000,0.041559,44.767155,1.309754
15237000,0.041559,44.787867,1.307879
15238000,0.041559,44.808517,1.306010
15239000,0.041559,44.829107,1.304146
15240000,0.041559,44.849637,1.302287
15241000,0.041559,44.870106,1.300434
15242000,0.041559,44.890516,1.298587
15243000,0.041559,44.910865,1.296745
15244000,0.041559,44.931155,1.294908
15245000,0.041559,44.951385,1.293077
15246000,0.041559,44.971556,1.291251
15247000,0.041559,44.991667,1.289430
15248000,0.041559,45.011720,1.287615
15249000,0.041559,45.031713,1.285805
15250000,0.041559,45.051648,1.284001
15251000,0.041559,45.071525,1.282201
15252000,0.041559,45.091343,1.280407
15253000,0.041559,45.111102,1.278619
15254000,0.041559,45.130804,1.276835
15255000,0.041559,45.150448,1.275057
15256000,0.041559,45.170034,1.273284
15257000,0.041559,45.189563,1.271516
15258000,0.041559,45.209034,1.269753
15259000,0.041559,45.228448,1.267996
15260000,0.041559,45.247805,1.266244
15261000,0.041559,45.267105,1.264497
15262000,0.041559,45.286348,1.262755
15263000,0.041559,45.305535,1.261018
15264000,0.041559,45.324665,1.259286
15265000,0.041559,45.343739,1.257559
15266000,0.041559,45.362757,1.255838
15267000,0.041559,45.381719,1.254121
15268000,0.041559,45.400626,1.252410
15269000,0.041559,45.419476,1.250703
15270000,0.041559,45.438272,1.249002
15271000,0.041559,45.457012,1.247305
15272000,0.041559,45.475696,1.245614
15273000,0.041559,45.494326,1.243928
15274000,0.041559,45.512901,1.242246
15275000,0.041559,45.531422,1.240570
15276000,0.041559,45.549888,1.238898
15277000,0.041559,45.568299,1.237231
15278000,0.041559,45.586656,1.235569
15279000,0.041559,45.604960,1.233913
15280000,0.041559,45.623209,1.232261
15281000,0.041559,45.641405,1.230613
15282000,0.041559,45.659547,1.228971
15283000,0.041559,45.677635,1.227334
15284000,0.041559,45.695671,1.225701
15285000,0.041559,45.713653,1.224073
15286000,0.041559,45.731582,1.222450
15287000,0.041559,45.749459,1.220832
15288000,0.041559,45.767283,1.219218
15289000,0.041559,45.785054,1.217610
15290000,0.041559,45.802773,1.216006
15291000,0.041559,45.820440,1.214406
15292000,0.041559,45.838054,1.212812
15293000,0.041559,45.855617,1.211222
15294000,0.041559,45.873128,1.209637
15295000,0.041559,45.890587,1.208056
15296000,0.041559,45.907995,1.206480
15297000,0.041559,45.925352,1.204909
15298000,0.041559,45.942657,1.203343
15299000,0.041559,45.959912,1.201781
15300000,0.041559,45.977115,1.200223
15301000,0.041559,45.994268,1.198671
15302000,0.041559,46.011370,1.197122
15303000,0.041559,46.028422,1.195579
15304000,0.041559,46.045424,1.194040
15305000,0.041559,46.062375,1.192505
15306000,0.041559,46.079276,1.190975
15307000,0.041559,46.096128,1.189450
15308000,0.041559,46.112930,1.187929
15309000,0.041559,46.129682,1.186412
15310000,0.041559,46.146384,1.184900
15311000,0.041559,46.163038,1.183393
15312000,0.041559,46.179642,1.181890
15313000,0.041559,46.196197,1.180391
15314000,0.041559,46.212704,1.178897
15315000,0.041559,46.229162,1.177407
15316000,0.041559,46.245571,1.175921
15317000,0.041559,46.261931,1.174440
15318000,0.041559,46.278244,1.172964
15319000,0.041559,46.294508,1.171491
15320000,0.041559,46.310724,1.170023
15321000,0.041559,46.326892,1.168560
15322000,0.041559,46.343013,1.167100
15323000,0.041559,46.359086,1.165645
15324000,0.041559,46.375111,1.164195
15325000,0.041559,46.391089,1.162748
15326000,0.041559,46.407020,1.161306
15327000,0.041559,46.422904,1.159868
15328000,0.041559,46.438741,1.158435
15329000,0.041559,46.454531,1.157005
15330000,0.041559,46.470274,1.155580
15331000,0.041559,46.485971,1.154159
15332000,0.041559,46.501621,1.152742
15333000,0.041559,46.517226,1.151330
15334000,0.041559,46.532784,1.149921
15335000,0.041559,46.548296,1.148517
15336000,0.041559,46.563762,1.147117
15337000,0.041559,46.579182,1.145721
15338000,0.041559,46.594557,1.144329
15339000,0.041559,46.609887,1.142941
15340000,0.041559,46.625171,1.141558
15341000,0.041559,46.640410,1.140178
15342000,0.041559,46.655604,1.138803
15343000,0.041559,46.670752,1.137432
15344000,0.041559,46.685857,1.136064
15345000,0.041559,46.700916,1.134701
15346000,0.041559,46.715931,1.133342
15347000,0.041559,46.730901,1.131987
15348000,0.041559,46.745827,1.130635
15349000,0.041559,46.760709,1.129288
15350000,0.041559,46.775547,1.127945
15351000,0.041559,46.790341,1.126606
15352000,0.041559,46.805091,1.125270
15353000,0.041559,46.819798,1.123939
15354000,0.041559,46.834461,1.122612
15355000,0.041559,46.849081,1.121288
15356000,0.041559,46.863657,1.119969
15357000,0.041559,46.878190,1.118653
15358000,0.041559,46.892680,1.117341
15359000,0.041559,46.907128,1.116033
15360000,0.041559,46.921532,1.114729
15361000,0.041559,46.935894,1.113429
15362000,0.041559,46.950213,1.112133
15363000,0.041559,46.964490,1.110841
15364000,0.041559,46.978725,1.109552
15365000,0.041559,46.992917,1.108267
15366000,0.041559,47.007067,1.106986
15367000,0.041559,47.021176,1.105709
15368000,0.041559,47.035243,1.104436
15369000,0.041559,47.049268,1.103166
15370000,0.041559,47.063251,1.101900
15371000,0.041559,47.077193,1.100638
15372000,0.041559,47.091094,1.099380
15373000,0.041559,47.104953,1.098125
15374000,0.041559,47.118771,1.096874
15375000,0.041559,47.132549,1.095627
15376000,0.041559,47.146285,1.094383
15377000,0.041559,47.159981,1.093144
15378000,0.041559,47.173637,1.091907
15379000,0.041559,47.187251,1.090675
15380000,0.041559,47.200826,1.089446
15381000,0.041559,47.214360,1.088221
15382000,0.041559,47.227854,1.086999
15383000,0.041559,47.241308,1.085781
15384000,0.041559,47.254722,1.084567
15385000,0.041559,47.268097,1.083356
15386000,0.041559,47.281431,1.082149
15387000,0.041559,47.294726,1.080946
15388000,0.041559,47.307982,1.079746
15389000,0.041559,47.321198,1.078549
15390000,0.041559,47.334376,1.077356
15391000,0.041559,47.347514,1.076167
15392000,0.041559,47.360613,1.074981
15393000,0.041559,47.373673,1.073799
15394000,0.041559,47.386694,1.072620
15395000,0.041559,47.399677,1.071445
15396000,0.041559,47.412621,1.070273
15397000,0.041559,47.425527,1.069105
15398000,0.041559,47.438395,1.067940
15399000,0.201424,47.985101,21.640709
15400000,0.201424,48.530182,21.591364
15401000,0.201424,49.073639,21.542166
15402000,0.201424,49.615474,21.493115
15403000,0.201424,50.155686,21.444210
15404000,0.201424,50.694277,21.395452
15405000,0.201424,51.231249,21.346839
15406000,0.201424,51.766601,21.298374
15407000,0.201424,52.300336,21.250054
15408000,0.201424,52.832454,21.201880
15409000,0.201424,53.362957,21.153852
15410000,0.201424,53.891845,21.105970
15411000,0.201424,54.419121,21.058233
15412000,0.201424,54.944784,21.010643
15413000,0.201424,55.468837,20.963197
15414000,0.201424,55.991280,20.915897
15415000,0.201424,56.512116,20.868743
15416000,0.201424,57.031345,20.821733
15417000,0.201424,57.548968,20.774868
15418000,0.201424,58.064988,20.728149
15419000,0.201424,58.579406,20.681574
15420000,0.201424,59.092223,20.635144
15421000,0.201424,59.603440,20.588858
15422000,0.201424,60.113060,20.542716
15423000,0.201424,60.621083,20.496719
15424000,0.201424,61.127512,20.450866
15425000,0.201424,61.632347,20.405157
15426000,0.201424,62.135591,20.359591
15427000,0.201424,62.637246,20.314169
15428000,0.201424,63.137312,20.268891
15429000,0.201424,63.635792,20.223756
15430000,0.201424,64.132688,20.178764
15431000,0.201424,64.628001,20.133915
15432000,0.201424,65.121732,20.089209
15433000,0.201424,65.613885,20.044646
15434000,0.201424,66.104460,20.000226
15435000,0.201424,66.593460,19.955947
15436000,0.201424,67.080886,19.911811
15437000,0.201424,67.566740,19.867817
15438000,0.201424,68.051025,19.823965
15439000,0.201424,68.533742,19.780254
15440000,0.201424,69.014893,19.736685
15441000,0.201424,69.494481,19.693257
15442000,0.201424,69.972507,19.649971
15443000,0.201424,70.448973,19.606825
15444000,0.201424,70.923882,19.563820
15445000,0.201424,71.397236,19.520956
15446000,0.201424,71.869036,19.478232
15447000,0.201424,72.339285,19.435648
15448000,0.201424,72.807985,19.393204
15449000,0.201424,73.275138,19.350900
15450000,0.201424,73.740747,19.308736
15451000,0.201424,74.204813,19.266711
15452000,0.201424,74.667340,19.224826
15453000,0.201424,75.128328,19.183079
15454000,0.201424,75.587782,19.141471
15455000,0.201424,76.045702,19.100002
15456000,0.201424,76.502091,19.058671
15457000,0.201424,76.956952,19.017478
15458000,0.201424,77.410287,18.976423
15459000,0.201424,77.862098,18.935506
15460000,0.201424,78.312388,18.894726
15461000,0.201424,78.761159,18.854084
15462000,0.201424,79.208414,18.813579
15463000,0.201424,79.654155,18.773210
15464000,0.201424,80.098385,18.732979
15465000,0.201424,80.541106,18.692883
15466000,0.201424,80.982321,18.652924
15467000,0.201424,81.422032,18.613101
15468000,0.201424,81.860241,18.573414
15469000,0.201424,82.296953,18.533862
15470000,0.201424,82.732168,18.494445
15471000,0.201424,83.165890,18.455164
15472000,0.201424,83.598121,18.416017
15473000,0.201424,84.028864,18.377004
15474000,0.201424,84.458122,18.338126
15475000,0.201424,84.885896,18.299382
15476000,0.201424,85.312191,18.260772
15477000,0.201424,85.737009,18.222296
15478000,0.201424,86.160352,18.183953
15479000,0.201424,86.582223,18.145742
15480000,0.201424,87.002626,18.107665
15481000,0.201424,87.421561,18.069721
15482000,0.201424,87.839034,18.031908
15483000,0.201424,88.255046,17.994228
15484000,0.201424,88.669600,17.956680
15485000,0.201424,89.082699,17.919263
15486000,0.201424,89.494345,17.881977
15487000,0.201424,89.904543,17.844823
15488000,0.201424,90.313294,17.807799
15489000,0.201424,90.720601,17.770906
15490000,0.201424,91.126468,17.734143
15491000,0.201424,91.530897,17.697511
15492000,0.201424,91.933892,17.661008
15493000,0.201424,92.335454,17.624634
15494000,0.201424,92.735588,17.588390
15495000,0.201424,93.134296,17.552275
15496000,0.201424,93.531581,17.516288
15497000,0.201424,93.927446,17.480430
15498000,0.201424,94.321894,17.444700
15499000,0.201424,94.714928,17.409098
15500000,0.201424,95.106551,17.373624
15501000,0.201424,95.496766,17.338276
15502000,0.201424,95.885577,17.303056
15503000,0.201424,96.272985,17.267963
15504000,0.201424,96.658995,17.232996
15505000,0.201424,97.043610,17.198156
15506000,0.201424,97.426832,17.163441
15507000,0.201424,97.808664,17.128853
15508000,0.201424,98.189110,17.094389
15509000,0.201424,98.568173,17.060051
15510000,0.201424,98.945856,17.025837
15511000,0.201424,99.322162,16.991748
15512000,0.201424,99.697095,16.957784
15513000,0.201424,100.070656,16.923943
15514000,0.201424,100.442850,16.890226
15515000,0.201424,100.813680,16.856633
15516000,0.201424,101.183149,16.823162
15517000,0.201424,101.551260,16.789815
15518000,0.201424,101.918016,16.756590
15519000,0.201424,102.283421,16.723487
15520000,0.201424,102.647477,16.690507
15521000,0.201424,103.010188,16.657648
15522000,0.201424,103.371558,16.624910
15523000,0.201424,103.731588,16.592293
15524000,0.201424,104.090284,16.559798
15525000,0.201424,104.447647,16.527423
15526000,0.201424,104.803682,16.495168
15527000,0.201424,105.158391,16.463033
15528000,0.201424,105.511778,16.431017
15529000,0.201424,105.863845,16.399121
15530000,0.201424,106.214597,16.367345
15531000,0.201424,106.564037,16.335686
15532000,0.201424,106.912167,16.304147
15533000,0.201424,107.258991,16.272725
15534000,0.201424,107.604513,16.241421
15535000,0.201424,107.948736,16.210235
15536000,0.201424,108.291662,16.179166
15537000,0.201424,108.633296,16.148215
15538000,0.201424,108.973641,16.117379
15539000,0.201424,109.312700,16.086661
15540000,0.201424,109.650476,16.056058
15541000,0.201424,109.986974,16.025571
15542000,0.201424,110.322195,15.995199
15543000,0.201424,110.656143,15.964943
15544000,0.201424,110.988823,15.934801
15545000,0.201424,111.320236,15.904774
15546000,0.201424,111.650387,15.874862
15547000,0.201424,111.979279,15.845063
15548000,0.201424,112.306916,15.815378
15549000,0.201424,112.633299,15.785806
15550000,0.201424,112.958434,15.756347
15551000,0.201424,113.282324,15.727001
15552000,0.201424,113.604971,15.697768
15553000,0.201424,113.926379,15.668646
15554000,0.201424,114.246552,15.639636
15555000,0.201424,114.565493,15.610738
15556000,0.201424,114.883205,15.581951
15557000,0.201424,115.199692,15.553275
15558000,0.201424,115.514957,15.524710
15559000,0.201424,115.829003,15.496255
15560000,0.201424,116.141835,15.467909
15561000,0.201424,116.453455,15.439674
15562000,0.201424,116.763866,15.411548
15563000,0.201424,117.073073,15.383530
15564000,0.201424,117.381078,15.355622
15565000,0.201424,117.687886,15.327822
15566000,0.201424,117.993499,15.300130
15567000,0.201424,118.297921,15.272546
15568000,0.201424,118.601154,15.245070
15569000,0.201424,118.903204,15.217700
15570000,0.201424,119.204073,15.190438
15571000,0.201424,119.503764,15.163282
15572000,0.201424,119.802281,15.136233
15573000,0.201424,120.099628,15.109289
15574000,0.201424,120.395807,15.082451
15575000,0.201424,120.690823,15.055719
15576000,0.201424,120.984678,15.029091
15577000,0.201424,121.277376,15.002568
15578000,0.201424,121.568920,14.976150
15579000,0.201424,121.859315,14.949836
15580000,0.201424,122.148563,14.923625
15581000,0.201424,122.436667,14.897518
15582000,0.201424,122.723632,14.871515
15583000,0.201424,123.009460,14.845614
15584000,0.201424,123.294155,14.819816
15585000,0.201424,123.577721,14.794120
15586000,0.201424,123.860161,14.768526
15587000,0.201424,124.141477,14.743033
15588000,0.201424,124.421675,14.717642
15589000,0.201424,124.700756,14.692352
15590000,0.201424,124.978725,14.667163
15591000,0.201424,125.255585,14.642074
15592000,0.201424,125.531339,14.617085
15593000,0.201424,125.805991,14.592196
15594000,0.201424,126.079544,14.567406
15595000,0.201424,126.352001,14.542716
15596000,0.201424,126.623367,14.518124
15597000,0.201424,126.893644,14.493632
15598000,0.201424,127.162835,14.469237
15599000,0.201424,127.430945,14.444940
15600000,0.201424,127.697976,14.420741
15601000,0.201424,127.963933,14.396639
15602000,0.192447,128.198839,13.217367
15603000,0.155319,128.308805,8.417860
15604000,0.136484,128.355428,5.984014
15605000,0.127973,128.373440,4.884443
15606000,0.124425,128.379529,4.426174
15607000,0.123007,128.380861,4.243228
15608000,0.122452,128.380331,4.171580
15609000,0.122235,128.379079,4.143725
15610000,0.122150,128.377549,4.132911
15611000,0.122116,128.375912,4.128700
15612000,0.122102,128.374235,4.127042
15613000,0.122096,128.372543,4.126372
15614000,0.122092,128.370847,4.126083
15615000,0.122090,128.369150,4.125941
15616000,0.122088,128.367453,4.125856
15617000,0.122086,128.365758,4.125793
15618000,0.122085,128.364064,4.125738
15619000,0.122083,128.362372,4.125687
15620000,0.122082,128.360682,4.125638
15621000,0.122080,128.358993,4.125588
15622000,0.122078,128.357305,4.125539
15623000,0.122077,128.355619,4.125490
15624000,0.122075,128.353935,4.125442
15625000,0.122074,128.352252,4.125393
15626000,0.122072,128.350571,4.125344
15627000,0.122071,128.348892,4.125295
15628000,0.122069,128.347214,4.125247
15629000,0.122068,128.345537,4.125198
15630000,0.122066,128.343863,4.125149
15631000,0.122064,128.342189,4.125101
15632000,0.122063,128.340518,4.125052
15633000,0.122061,128.338848,4.125003
15634000,0.122060,128.337179,4.124955
15635000,0.122058,128.335512,4.124906
15636000,0.122057,128.333847,4.124858
15637000,0.122055,128.332183,4.124809
15638000,0.122054,128.330521,4.124761
15639000,0.122052,128.328860,4.124712
15640000,0.122051,128.327201,4.124664
15641000,0.122049,128.325543,4.124616
15642000,0.122047,128.323887,4.124567
15643000,0.122046,128.322233,4.124519
15644000,0.122044,128.320580,4.124471
15645000,0.122043,128.318929,4.124423
15646000,0.122041,128.317279,4.124374
15647000,0.122040,128.315631,4.124326
15648000,0.122038,128.313984,4.124278
15649000,0.122037,128.312339,4.124230
15650000,0.122035,128.310695,4.124182
15651000,0.122034,128.309053,4.124134
15652000,0.122032,128.307412,4.124086
15653000,0.122031,128.305773,4.124038
15654000,0.122029,128.304136,4.123990
15655000,0.122028,128.302500,4.123942
15656000,0.122026,128.300865,4.123894
15657000,0.122025,128.299232,4.123846
15658000,0.122023,128.297601,4.123798
15659000,0.122021,128.295971,4.123751
15660000,0.122020,128.294343,4.123703
15661000,0.122018,128.292716,4.123655
15662000,0.122017,128.291091,4.123607
15663000,0.122015,128.289467,4.123560
15664000,0.122014,128.287844,4.123512
15665000,0.122012,128.286224,4.123464
15666000,0.122011,128.284604,4.123417
15667000,0.122009,128.282987,4.123369
15668000,0.122008,128.281370,4.123322
15669000,0.122006,128.279756,4.123274
15670000,0.122005,128.278142,4.123227
15671000,0.122003,128.276531,4.123179
15672000,0.122002,128.274920,4.123132
15673000,0.122000,128.273311,4.123084
15674000,0.121999,128.271704,4.123037
15675000,0.121997,128.270098,4.122990
15676000,0.121996,128.268494,4.122942
15677000,0.121994,128.266891,4.122895
15678000,0.121993,128.265290,4.122848
15679000,0.121991,128.263690,4.122801
15680000,0.121990,128.262092,4.122753
15681000,0.121988,128.260495,4.122706
15682000,0.121987,128.258900,4.122659
15683000,0.121986,128.257306,4.122612
15684000,0.121984,128.255713,4.122565
15685000,0.121983,128.254122,4.122518
15686000,0.121981,128.252533,4.122471
15687000,0.121980,128.250945,4.122424
15688000,0.121978,128.249358,4.122377
15689000,0.121977,128.247773,4.122330
15690000,0.121975,128.246190,4.122283
15691000,0.121974,128.244608,4.122236
15692000,0.121972,128.243027,4.122190
15693000,0.121971,128.241448,4.122143
15694000,0.121969,128.239870,4.122096
15695000,0.121968,128.238294,4.122049
15696000,0.121966,128.236719,4.122003
15697000,0.121965,128.235146,4.121956
15698000,0.121963,128.233574,4.121909
15699000,0.121962,128.232003,4.121863
15700000,0.121960,128.230434,4.121816
15701000,0.121959,128.228867,4.121770
15702000,0.121958,128.227300,4.121723
15703000,0.121956,128.225736,4.121677
15704000,0.121955,128.224173,4.121630
15705000,0.121953,128.222611,4.121584
15706000,0.121952,128.221050,4.121538
15707000,0.121950,128.219492,4.121491
15708000,0.121949,128.217934,4.121445
15709000,0.121947,128.216378,4.121399
15710000,0.121946,128.214823,4.121352
15711000,0.121944,128.213270,4.121306
15712000,0.121943,128.211719,4.121260
15713000,0.121942,128.210168,4.121214
15714000,0.121940,128.208619,4.121168
15715000,0.121939,128.207072,4.121122
15716000,0.121937,128.205526,4.121075
15717000,0.121936,128.203981,4.121029
15718000,0.121934,128.202438,4.120983
15719000,0.121933,128.200896,4.120937
15720000,0.121931,128.199356,4.120892
15721000,0.121930,128.197817,4.120846
15722000,0.121929,128.196279,4.120800
15723000,0.121927,128.194743,4.120754
15724000,0.121926,128.193209,4.120708
15725000,0.121924,128.191675,4.120662
15726000,0.121923,128.190143,4.120617
15727000,0.121921,128.188613,4.120571
15728000,0.121920,128.187084,4.120525
15729000,0.121919,128.185556,4.120479
15730000,0.121917,128.184030,4.120434
15731000,0.121916,128.182505,4.120388
15732000,0.121914,128.180981,4.120343
15733000,0.121913,128.179459,4.120297
15734000,0.121911,128.177939,4.120252
15735000,0.121910,128.176419,4.120206
15736000,0.121909,128.174901,4.120161
15737000,0.121907,128.173385,4.120115
15738000,0.121906,128.171870,4.120070
15739000,0.121904,128.170356,4.120025
15740000,0.121903,128.168844,4.119979
15741000,0.121902,128.167333,4.119934
15742000,0.121900,128.165823,4.119889
15743000,0.121899,128.164315,4.119843
15744000,0.121897,128.162808,4.119798
15745000,0.121896,128.161303,4.119753
15746000,0.121894,128.159798,4.119708
15747000,0.121893,128.158296,4.119663
15748000,0.121892,128.156794,4.119618
15749000,0.121890,128.155294,4.119573
15750000,0.121889,128.153796,4.119528
15751000,0.121887,128.152299,4.119483
15752000,0.121886,128.150803,4.119438
15753000,0.121885,128.149308,4.119393
15754000,0.121883,128.147815,4.119348
15755000,0.121882,128.146323,4.119303
15756000,0.121880,128.144833,4.119259
15757000,0.121879,128.143344,4.119214
15758000,0.121878,128.141856,4.119169
15759000,0.121876,128.140370,4.119124
15760000,0.121875,128.138885,4.119080
15761000,0.121874,128.137401,4.119035
15762000,0.121872,128.135919,4.118990
15763000,0.121871,128.134438,4.118946
15764000,0.121869,128.132959,4.118901
15765000,0.121868,128.131480,4.118857
15766000,0.121867,128.130003,4.118812
15767000,0.121865,128.128528,4.118768
15768000,0.121864,128.127054,4.118723
15769000,0.121862,128.125581,4.118679
15770000,0.121861,128.124109,4.118635
15771000,0.121860,128.122639,4.118590
15772000,0.121858,128.121170,4.118546
15773000,0.121857,128.119703,4.118502
15774000,0.121856,128.118237,4.118457
15775000,0.121854,128.116772,4.118413
15776000,0.121853,128.115308,4.118369
15777000,0.121851,128.113846,4.118325
15778000,0.121850,128.112385,4.118281
15779000,0.121849,128.110926,4.118237
15780000,0.121847,128.109468,4.118193
15781000,0.121846,128.108011,4.118149
15782000,0.121845,128.106555,4.118105
15783000,0.121843,128.105101,4.118061
15784000,0.121842,128.103648,4.118017
15785000,0.121841,128.102196,4.117973
15786000,0.121839,128.100746,4.117929
15787000,0.121838,128.099297,4.117885
15788000,0.121837,128.097849,4.117841
15789000,0.121835,128.096403,4.117798
15790000,0.121834,128.094958,4.117754
15791000,0.121832,128.093514,4.117710
15792000,0.121831,128.092072,4.117667
15793000,0.121830,128.090631,4.117623
15794000,0.121828,128.089191,4.117579
15795000,0.121827,128.087753,4.117536
15796000,0.121826,128.086315,4.117492
15797000,0.121824,128.084880,4.117449
15798000,0.121823,128.083445,4.117405
15799000,0.121822,128.082012,4.117362
15800000,0.121820,128.080580,4.117318
15801000,0.121819,128.079149,4.117275
15802000,0.121818,128.077720,4.117232
15803000,0.121816,128.076291,4.117188
15804000,0.121815,128.074865,4.117145
15805000,0.121814,128.073439,4.117102
15806000,0.121812,128.072015,4.117059
15807000,0.121811,128.070592,4.117015
15808000,0.121810,128.069170,4.116972
15809000,0.121808,128.067750,4.116929
15810000,0.121807,128.066331,4.116886
15811000,0.121806,128.064913,4.116843
15812000,0.121804,128.063496,4.116800
15813000,0.121803,128.062081,4.116757
15814000,0.121802,128.060667,4.116714
15815000,0.121800,128.059254,4.116671
15816000,0.121799,128.057843,4.116628
15817000,0.121798,128.056433,4.116585
15818000,0.121796,128.055024,4.116543
15819000,0.121795,128.053616,4.116500
15820000,0.121794,128.052210,4.116457
15821000,0.121792,128.050805,4.116414
15822000,0.121791,128.049401,4.116372
15823000,0.121790,128.047999,4.116329
15824000,0.121788,128.046597,4.116286
15825000,0.121787,128.045197,4.116244
15826000,0.121786,128.043798,4.116201
15827000,0.121785,128.042401,4.116158
15828000,0.121783,128.041005,4.116116
15829000,0.121782,128.039610,4.116073
15830000,0.121781,128.038216,4.116031
15831000,0.121779,128.036824,4.115989
15832000,0.121778,128.035432,4.115946
15833000,0.121777,128.034042,4.115904
15834000,0.121775,128.032654,4.115862
15835000,0.121774,128.031266,4.115819
15836000,0.121773,128.029880,4.115777
15837000,0.121771,128.028495,4.115735
15838000,0.121770,128.027111,4.115693
15839000,0.121769,128.025729,4.115650
15840000,0.121768,128.024348,4.115608
15841000,0.121766,128.022968,4.115566
15842000,0.121765,128.021589,4.115524
15843000,0.121764,128.020211,4.115482
15844000,0.121762,128.018835,4.115440
15845000,0.121761,128.017460,4.115398
15846000,0.121760,128.016086,4.115356
15847000,0.121759,128.014714,4.115314
15848000,0.121757,128.013342,4.115272
15849000,0.121756,128.011972,4.115231
15850000,0.121755,128.010603,4.115189
15851000,0.121753,128.009236,4.115147
15852000,0.121752,128.007869,4.115105
15853000,0.121751,128.006504,4.115064
15854000,0.121750,128.005140,4.115022
15855000,0.121748,128.003777,4.114980
15856000,0.121747,128.002416,4.114939
15857000,0.121746,128.001056,4.114897
15858000,0.121744,127.999697,4.114856
15859000,0.121743,127.998339,4.114814
15860000,0.121742,127.996982,4.114773
15861000,0.121741,127.995627,4.114731
15862000,0.121739,127.994272,4.114690
15863000,0.121738,127.992919,4.114648
15864000,0.121737,127.991568,4.114607
15865000,0.121735,127.990217,4.114566
15866000,0.121734,127.988868,4.114524
15867000,0.121733,127.987520,4.114483
15868000,0.121732,127.986173,4.114442
15869000,0.121730,127.984827,4.114401
15870000,0.121729,127.983482,4.114359
15871000,0.121728,127.982139,4.114318
15872000,0.121727,127.980797,4.114277
15873000,0.121725,127.979456,4.114236
15874000,0.121724,127.978116,4.114195
15875000,0.121723,127.976778,4.114154
15876000,0.121722,127.975440,4.114113
15877000,0.121720,127.974104,4.114072
15878000,0.121719,127.972769,4.114031
15879000,0.121718,127.971436,4.113990
15880000,0.121717,127.970103,4.113949
15881000,0.121715,127.968772,4.113909
15882000,0.121714,127.967442,4.113868
15883000,0.121713,127.966113,4.113827
15884000,0.121712,127.964785,4.113786
15885000,0.121710,127.963458,4.113746
15886000,0.121709,127.962133,4.113705
15887000,0.121708,127.960809,4.113664
15888000,0.121707,127.959486,4.113624
15889000,0.121705,127.958164,4.113583
15890000,0.121704,127.956843,4.113543
15891000,0.121703,127.955523,4.113502
15892000,0.121702,127.954205,4.113462
15893000,0.121700,127.952888,4.113421
15894000,0.121699,127.951572,4.113381
15895000,0.121698,127.950257,4.113341
15896000,0.121697,127.948944,4.113300
15897000,0.121695,127.947631,4.113260
15898000,0.121694,127.946320,4.113220
15899000,0.121693,127.945010,4.113179
15900000,0.121692,127.943701,4.113139
15901000,0.121691,127.942393,4.113099
15902000,0.121689,127.941086,4.113059
15903000,0.121688,127.939781,4.113019
15904000,0.121687,127.938477,4.112979
15905000,0.121686,127.937174,4.112939
15906000,0.121684,127.935872,4.112899
15907000,0.121683,127.934571,4.112859
15908000,0.121682,127.933271,4.112819
15909000,0.121681,127.931973,4.112779
15910000,0.121680,127.930676,4.112739
15911000,0.121678,127.929379,4.112699
15912000,0.121677,127.928084,4.112659
15913000,0.121676,127.926791,4.112619
15914000,0.121675,127.925498,4.112580
15915000,0.121673,127.924206,4.112540
15916000,0.121672,127.922916,4.112500
15917000,0.121671,127.921627,4.112461
15918000,0.121670,127.920339,4.112421
15919000,0.121669,127.919052,4.112381
15920000,0.121667,127.917766,4.112342
15921000,0.121666,127.916481,4.112302
15922000,0.121665,127.915198,4.112263
15923000,0.121664,127.913915,4.112223
15924000,0.121663,127.912634,4.112184
15925000,0.121661,127.911354,4.112144
15926000,0.121660,127.910075,4.112105
15927000,0.121659,127.908797,4.112066
15928000,0.121658,127.907521,4.112026
15929000,0.121657,127.906245,4.111987
15930000,0.121655,127.904971,4.111948
15931000,0.121654,127.903697,4.111908
15932000,0.121653,127.902425,4.111869
15933000,0.121652,127.901154,4.111830
15934000,0.121651,127.899884,4.111791
15935000,0.121649,127.898616,4.111752
15936000,0.121648,127.897348,4.111713
15937000,0.121647,127.896082,4.111674
15938000,0.121646,127.894816,4.111635
15939000,0.121645,127.893552,4.111596
15940000,0.121643,127.892289,4.111557
15941000,0.121642,127.891027,4.111518
15942000,0.121641,127.889766,4.111479
15943000,0.121640,127.888506,4.111440
15944000,0.121639,127.887248,4.111401
15945000,0.121637,127.885990,4.111363
15946000,0.121636,127.884734,4.111324
15947000,0.121635,127.883478,4.111285
15948000,0.121634,127.882224,4.111246
15949000,0.121633,127.880971,4.111208
15950000,0.121632,127.879719,4.111169
15951000,0.121630,127.878468,4.111130
15952000,0.121629,127.877219,4.111092
15953000,0.121628,127.875970,4.111053
15954000,0.121627,127.874723,4.111015
15955000,0.121626,127.873476,4.110976
15956000,0.121624,127.872231,4.110938
15957000,0.121623,127.870987,4.110900
15958000,0.121622,127.869744,4.110861
15959000,0.121621,127.868502,4.110823
15960000,0.121620,127.867261,4.110785
15961000,0.121619,127.866021,4.110746
15962000,0.121617,127.864782,4.110708
15963000,0.121616,127.863545,4.110670
15964000,0.121615,127.862308,4.110632
15965000,0.121614,127.861073,4.110593
15966000,0.121613,127.859839,4.110555
15967000,0.121612,127.858606,4.110517
15968000,0.121610,127.857374,4.110479
15969000,0.121609,127.856143,4.110441
15970000,0.121608,127.854913,4.110403
15971000,0.121607,127.853684,4.110365
15972000,0.121606,127.852456,4.110327
15973000,0.121605,127.851229,4.110289
15974000,0.121604,127.850004,4.110251
15975000,0.121602,127.848779,4.110214
15976000,0.121601,127.847556,4.110176
15977000,0.121600,127.846334,4.110138
15978000,0.121599,127.845113,4.110100
15979000,0.121598,127.843892,4.110062
15980000,0.121597,127.842673,4.110025
15981000,0.121595,127.841455,4.109987
15982000,0.121594,127.840239,4.109949
15983000,0.121593,127.839023,4.109912
15984000,0.121592,127.837808,4.109874
15985000,0.121591,127.836594,4.109837
15986000,0.121590,127.835382,4.109799
15987000,0.121589,127.834170,4.109762
15988000,0.121587,127.832960,4.109724
15989000,0.121586,127.831750,4.109687
15990000,0.121585,127.830542,4.109649
15991000,0.121584,127.829335,4.109612
15992000,0.121583,127.828129,4.109575
15993000,0.121582,127.826924,4.109538
15994000,0.121581,127.825720,4.109500
15995000,0.121580,127.824517,4.109463
15996000,0.121578,127.823315,4.109426
15997000,0.121577,127.822114,4.109389
15998000,0.121576,127.820914,4.109352
15999000,0.121575,127.819715,4.109314
16000000,0.121574,127.818518,4.109277
16001000,0.121573,127.817321,4.109240
16002000,0.121572,127.816126,4.109203
16003000,0.121570,127.814931,4.109166
16004000,0.121569,127.813738,4.109129
16005000,0.121568,127.812545,4.109092
16006000,0.121567,127.811354,4.109056
16007000,0.121566,127.810164,4.109019
16008000,0.121565,127.808975,4.108982
16009000,0.121564,127.807787,4.108945
16010000,0.121563,127.806599,4.108908
16011000,0.121562,127.805413,4.108872
16012000,0.121560,127.804228,4.108835
16013000,0.121559,127.803044,4.108798
16014000,0.121558,127.801862,4.108762
16015000,0.121557,127.800680,4.108725
16016000,0.121556,127.799499,4.108688
16017000,0.121555,127.798319,4.108652
16018000,0.121554,127.797140,4.108615
16019000,0.121553,127.795963,4.108579
16020000,0.121552,127.794786,4.108542
16021000,0.121550,127.793610,4.108506
16022000,0.121549,127.792436,4.108469
16023000,0.121548,127.791262,4.108433
16024000,0.121547,127.790090,4.108397
16025000,0.121546,127.788918,4.108360
16026000,0.121545,127.787748,4.108324
16027000,0.121544,127.786579,4.108288
16028000,0.121543,127.785410,4.108252
16029000,0.121542,127.784243,4.108216
16030000,0.121540,127.783077,4.108179
16031000,0.121539,127.781911,4.108143
16032000,0.121538,127.780747,4.108107
16033000,0.121537,127.779584,4.108071
16034000,0.121536,127.778422,4.108035
16035000,0.121535,127.777260,4.107999
16036000,0.121534,127.776100,4.107963
16037000,0.121533,127.774941,4.107927
16038000,0.121532,127.773783,4.107891
16039000,0.121531,127.772626,4.107855
16040000,0.121530,127.771470,4.107819
16041000,0.121528,127.770315,4.107784
16042000,0.121527,127.769161,4.107748
16043000,0.121526,127.768008,4.107712
16044000,0.121525,127.766856,4.107676
16045000,0.121524,127.765705,4.107641
16046000,0.121523,127.764555,4.107605
16047000,0.121522,127.763406,4.107569
16048000,0.121521,127.762258,4.107534
16049000,0.121520,127.761111,4.107498
16050000,0.121519,127.759966,4.107463
16051000,0.121518,127.758821,4.107427
16052000,0.121517,127.757677,4.107392
16053000,0.121515,127.756534,4.107356
16054000,0.121514,127.755392,4.107321
16055000,0.121513,127.754251,4.107285
16056000,0.121512,127.753111,4.107250
16057000,0.121511,127.751973,4.107215
16058000,0.121510,127.750835,4.107179
16059000,0.121509,127.749698,4.107144
16060000,0.121508,127.748562,4.107109
16061000,0.121507,127.747427,4.107073
16062000,0.121506,127.746294,4.107038
16063000,0.121505,127.745161,4.107003
16064000,0.121504,127.744029,4.106968
16065000,0.121503,127.742898,4.106933
16066000,0.121502,127.741768,4.106898
16067000,0.121500,127.740639,4.106863
16068000,0.121499,127.739512,4.106828
16069000,0.121498,127.738385,4.106793
16070000,0.121497,127.737259,4.106758
16071000,0.121496,127.736134,4.106723
16072000,0.121495,127.735010,4.106688
16073000,0.121494,127.733887,4.106653
16074000,0.121493,127.732765,4.106618
16075000,0.121492,127.731645,4.106584
16076000,0.121491,127.730525,4.106549
16077000,0.121490,127.729406,4.106514
16078000,0.121489,127.728288,4.106479
16079000,0.121488,127.727171,4.106445
16080000,0.121487,127.726055,4.106410
16081000,0.121486,127.724940,4.106375
16082000,0.121485,127.723826,4.106341
16083000,0.121484,127.722713,4.106306
16084000,0.121482,127.721601,4.106272
16085000,0.121481,127.720490,4.106237
16086000,0.121480,127.719380,4.106203
16087000,0.121479,127.718271,4.106168
16088000,0.121478,127.717162,4.106134
16089000,0.121477,127.716055,4.106099
16090000,0.121476,127.714949,4.106065
16091000,0.121475,127.713844,4.106031
16092000,0.121474,127.712740,4.105996
16093000,0.121473,127.711636,4.105962
16094000,0.121472,127.710534,4.105928
16095000,0.121471,127.709433,4.105894
16096000,0.121470,127.708332,4.105859
16097000,0.121469,127.707233,4.105825
16098000,0.121468,127.706135,4.105791
16099000,0.121467,127.705037,4.105757
16100000,0.121466,127.703941,4.105723
16101000,0.121465,127.702845,4.105689
16102000,0.121464,127.701751,4.105655
16103000,0.121463,127.700657,4.105621
16104000,0.121462,127.699564,4.105587
16105000,0.121461,127.698473,4.105553
16106000,0.121460,127.697382,4.105519
16107000,0.121459,127.696292,4.105485
16108000,0.121458,127.695204,4.105452
16109000,0.121457,127.694116,4.105418
16110000,0.121456,127.693029,4.105384
16111000,0.121455,127.691943,4.105350
16112000,0.121453,127.690858,4.105317
16113000,0.121452,127.689774,4.105283
16114000,0.121451,127.688691,4.105249
16115000,0.121450,127.687609,4.105216
16116000,0.121449,127.686528,4.105182
16117000,0.121448,127.685448,4.105148
16118000,0.121447,127.684368,4.105115
16119000,0.121446,127.683290,4.105081
16120000,0.121445,127.682213,4.105048
16121000,0.121444,127.681136,4.105014
16122000,0.121443,127.680061,4.104981
16123000,0.121442,127.678986,4.104948
16124000,0.121441,127.677913,4.104914
16125000,0.121440,127.676840,4.104881
16126000,0.121439,127.675769,4.104848
16127000,0.121438,127.674698,4.104814
16128000,0.121437,127.673628,4.104781
16129000,0.121436,127.672559,4.104748
16130000,0.121435,127.671491,4.104715
16131000,0.121434,127.670424,4.104681
16132000,0.121433,127.669358,4.104648
16133000,0.121432,127.668293,4.104615
16134000,0.121431,127.667229,4.104582
16135000,0.121430,127.666166,4.104549
16136000,0.121429,127.665104,4.104516
16137000,0.121428,127.664042,4.104483
16138000,0.121427,127.662982,4.104450
16139000,0.121426,127.661922,4.104417
16140000,0.121425,127.660864,4.104384
16141000,0.121424,127.659806,4.104351
16142000,0.121423,127.658749,4.104318
16143000,0.121422,127.657694,4.104286
16144000,0.121421,127.656639,4.104253
16145000,0.121420,127.655585,4.104220
16146000,0.121419,127.654532,4.104187
16147000,0.121418,127.653480,4.104155
16148000,0.121417,127.652429,4.104122
16149000,0.121416,127.651379,4.104089
16150000,0.121415,127.650329,4.104057
16151000,0.121414,127.649281,4.104024
16152000,0.121413,127.648233,4.103992
16153000,0.121412,127.647187,4.103959
16154000,0.121411,127.646141,4.103927
16155000,0.121410,127.645097,4.103894
16156000,0.121409,127.644053,4.103862
16157000,0.121408,127.643010,4.103829
16158000,0.121407,127.641968,4.103797
16159000,0.121406,127.640927,4.103764
16160000,0.121405,127.639887,4.103732
16161000,0.121404,127.638848,4.103700
16162000,0.121403,127.637810,4.103667
16163000,0.121402,127.636772,4.103635
16164000,0.121401,127.635736,4.103603
16165000,0.121401,127.634700,4.103571
16166000,0.121400,127.633666,4.103539
16167000,0.121399,127.632632,4.103506
16168000,0.121398,127.631599,4.103474
16169000,0.121397,127.630567,4.103442
16170000,0.121396,127.629536,4.103410
16171000,0.121395,127.628506,4.103378
16172000,0.121394,127.627477,4.103346
16173000,0.121393,127.626449,4.103314
16174000,0.121392,127.625421,4.103282
16175000,0.121391,127.624395,4.103250
16176000,0.121390,127.623369,4.103218
16177000,0.121389,127.622345,4.103187
16178000,0.121388,127.621321,4.103155
16179000,0.121387,127.620298,4.103123
16180000,0.121386,127.619276,4.103091
16181000,0.121385,127.618255,4.103059
16182000,0.121384,127.617235,4.103028
16183000,0.121383,127.616215,4.102996
16184000,0.121382,127.615197,4.102964
16185000,0.121381,127.614179,4.102933
16186000,0.121380,127.613163,4.102901
16187000,0.121379,127.612147,4.102870
16188000,0.121378,127.611132,4.102838
16189000,0.121377,127.610118,4.102806
16190000,0.121376,127.609105,4.102775
16191000,0.121375,127.608093,4.102743
16192000,0.121374,127.607082,4.102712
16193000,0.121373,127.606072,4.102681
16194000,0.121373,127.605062,4.102649
16195000,0.121372,127.604054,4.102618
16196000,0.121371,127.603046,4.102587
16197000,0.121370,127.602039,4.102555
16198000,0.121369,127.601033,4.102524
16199000,0.121368,127.600028,4.102493
16200000,0.121367,127.599024,4.102461
16201000,0.121366,127.598021,4.102430
16202000,0.121365,127.597018,4.102399
16203000,0.121364,127.596017,4.102368
16204000,0.121363,127.595016,4.102337
16205000,0.121362,127.594016,4.102306
16206000,0.121361,127.593017,4.102275
16207000,0.121360,127.592019,4.102244
16208000,0.121359,127.591022,4.102213
16209000,0.121358,127.590026,4.102182
16210000,0.121357,127.589031,4.102151
16211000,0.121356,127.588036,4.102120
16212000,0.121356,127.587042,4.102089
16213000,0.121355,127.586050,4.102058
16214000,0.121354,127.585058,4.102027
16215000,0.121353,127.584067,4.101996
16216000,0.121352,127.583077,4.101966
16217000,0.121351,127.582087,4.101935
16218000,0.121350,127.581099,4.101904
16219000,0.121349,127.580111,4.101873
16220000,0.121348,127.579125,4.101843
16221000,0.121347,127.578139,4.101812
16222000,0.121346,127.577154,4.101782
16223000,0.121345,127.576170,4.101751
16224000,0.121344,127.575187,4.101720
16225000,0.121343,127.574204,4.101690
16226000,0.121342,127.573223,4.101659
16227000,0.121342,127.572242,4.101629
16228000,0.121341,127.571262,4.101598
16229000,0.121340,127.570283,4.101568
16230000,0.121339,127.569305,4.101538
16231000,0.121338,127.568328,4.101507
16232000,0.121337,127.567352,4.101477
16233000,0.121336,127.566376,4.101447
16234000,0.121335,127.565402,4.101416
16235000,0.121334,127.564428,4.101386
16236000,0.121333,127.563455,4.101356
16237000,0.121332,127.562483,4.101325
16238000,0.121331,127.561512,4.101295
16239000,0.121331,127.560541,4.101265
16240000,0.121330,127.559572,4.101235
16241000,0.121329,127.558603,4.101205
16242000,0.121328,127.557635,4.101175
16243000,0.121327,127.556669,4.101145
16244000,0.121326,127.555702,4.101115
16245000,0.121325,127.554737,4.101085
16246000,0.121324,127.553773,4.101055
16247000,0.121323,127.552809,4.101025
16248000,0.121322,127.551847,4.100995
16249000,0.121321,127.550885,4.100965
16250000,0.121321,127.549924,4.100935
16251000,0.121320,127.548963,4.100905
16252000,0.121319,127.548004,4.100875
16253000,0.121318,127.547046,4.100846
16254000,0.121317,127.546088,4.100816
16255000,0.121316,127.545131,4.100786
16256000,0.121315,127.544175,4.100756
16257000,0.121314,127.543220,4.100727
16258000,0.121313,127.542266,4.100697
16259000,0.121312,127.541312,4.100667
16260000,0.121311,127.540360,4.100638
16261000,0.121311,127.539408,4.100608
16262000,0.121310,127.538457,4.100579
16263000,0.121309,127.537507,4.100549
16264000,0.121308,127.536558,4.100520
16265000,0.121307,127.535609,4.100490
16266000,0.121306,127.534662,4.100461
16267000,0.121305,127.533715,4.100431
16268000,0.121304,127.532769,4.100402
16269000,0.121303,127.531824,4.100373
16270000,0.121303,127.530879,4.100343
16271000,0.121302,127.529936,4.100314
16272000,0.121301,127.528993,4.100285
16273000,0.121300,127.528052,4.100255
16274000,0.121299,127.527111,4.100226
16275000,0.121298,127.526170,4.100197
16276000,0.121297,127.525231,4.100168
16277000,0.121296,127.524293,4.100139
16278000,0.121295,127.523355,4.100110
16279000,0.121295,127.522418,4.100080
16280000,0.121294,127.521482,4.100051
16281000,0.121293,127.520547,4.100022
16282000,0.121292,127.519612,4.099993
16283000,0.121291,127.518679,4.099964
16284000,0.121290,127.517746,4.099935
16285000,0.121289,127.516814,4.099906
16286000,0.121288,127.515883,4.099877
16287000,0.121288,127.514953,4.099849
16288000,0.121287,127.514023,4.099820
16289000,0.121286,127.513095,4.099791
16290000,0.121285,127.512167,4.099762
16291000,0.121284,127.511240,4.099733
16292000,0.121283,127.510314,4.099704
16293000,0.121282,127.509388,4.099676
16294000,0.121281,127.508464,4.099647
16295000,0.121281,127.507540,4.099618
16296000,0.121280,127.506617,4.099590
16297000,0.121279,127.505695,4.099561
16298000,0.121278,127.504773,4.099532
16299000,0.121277,127.503853,4.099504
16300000,0.121276,127.502933,4.099475
16301000,0.121275,127.502014,4.099447
16302000,0.121274,127.501096,4.099418
16303000,0.121274,127.500179,4.099390
16304000,0.121273,127.499262,4.099361
16305000,0.121272,127.498346,4.099333
16306000,0.121271,127.497432,4.099304
16307000,0.121270,127.496517,4.099276
16308000,0.121269,127.495604,4.099248
16309000,0.121268,127.494692,4.099219
16310000,0.121268,127.493780,4.099191
16311000,0.121267,127.492869,4.099163
16312000,0.121266,127.491959,4.099134
16313000,0.121265,127.491050,4.099106
16314000,0.121264,127.490141,4.099078
16315000,0.121263,127.489233,4.099050
16316000,0.121262,127.488327,4.099022
16317000,0.121262,127.487420,4.098994
16318000,0.121261,127.486515,4.098965
16319000,0.121260,127.485611,4.098937
16320000,0.121259,127.484707,4.098909
16321000,0.121258,127.483804,4.098881
16322000,0.121257,127.482902,4.098853
16323000,0.121256,127.482001,4.098825
16324000,0.121256,127.481100,4.098797
16325000,0.121255,127.480200,4.098769
16326000,0.121254,127.479301,4.098742
16327000,0.121253,127.478403,4.098714
16328000,0.121252,127.477506,4.098686
16329000,0.121251,127.476609,4.098658
16330000,0.121251,127.475713,4.098630
16331000,0.121250,127.474818,4.098602
16332000,0.121249,127.473924,4.098575
16333000,0.121248,127.473031,4.098547
16334000,0.121247,127.472138,4.098519
16335000,0.121246,127.471246,4.098492
16336000,0.121245,127.470355,4.098464
16337000,0.121245,127.469465,4.098436
16338000,0.121244,127.468575,4.098409
16339000,0.121243,127.467686,4.098381
16340000,0.121242,127.466798,4.098354
16341000,0.121241,127.465911,4.098326
16342000,0.121240,127.465025,4.098299
16343000,0.121240,127.464139,4.098271
16344000,0.121239,127.463254,4.098244
16345000,0.121238,127.462370,4.098216
16346000,0.121237,127.461487,4.098189
16347000,0.121236,127.460604,4.098161
16348000,0.121235,127.459723,4.098134
16349000,0.121235,127.458842,4.098107
16350000,0.121234,127.457961,4.098079
16351000,0.121233,127.457082,4.098052
16352000,0.121232,127.456203,4.098025
16353000,0.121231,127.455325,4.097998
16354000,0.121230,127.454448,4.097970
16355000,0.121230,127.453572,4.097943
16356000,0.121229,127.452696,4.097916
16357000,0.121228,127.451821,4.097889
16358000,0.121227,127.450947,4.097862
16359000,0.121226,127.450074,4.097835
16360000,0.121226,127.449202,4.097808
16361000,0.121225,127.448330,4.097781
16362000,0.121224,127.447459,4.097754
16363000,0.121223,127.446589,4.097727
16364000,0.121222,127.445719,4.097700
16365000,0.121221,127.444851,4.097673
16366000,0.121221,127.443983,4.097646
16367000,0.121220,127.443116,4.097619
16368000,0.121219,127.442249,4.097592
16369000,0.121218,127.441383,4.097565
16370000,0.121217,127.440519,4.097538
16371000,0.121217,127.439654,4.097512
16372000,0.121216,127.438791,4.097485
16373000,0.121215,127.437929,4.097458
16374000,0.121214,127.437067,4.097431
16375000,0.121213,127.436206,4.097405
16376000,0.121212,127.435345,4.097378
16377000,0.121212,127.434486,4.097351
16378000,0.121211,127.433627,4.097325
16379000,0.121210,127.432769,4.097298
16380000,0.121209,127.431912,4.097272
16381000,0.121208,127.431055,4.097245
16382000,0.121208,127.430199,4.097219
16383000,0.121207,127.429344,4.097192
16384000,0.121206,127.428490,4.097166
16385000,0.121205,127.427636,4.097139
16386000,0.121204,127.426783,4.097113
16387000,0.121204,127.425931,4.097086
16388000,0.121203,127.425080,4.097060
16389000,0.121202,127.424230,4.097034
16390000,0.121201,127.423380,4.097007
16391000,0.121200,127.422531,4.096981
16392000,0.121200,127.421682,4.096955
16393000,0.121199,127.420835,4.096928
16394000,0.121198,127.419988,4.096902
16395000,0.121197,127.419142,4.096876
16396000,0.121196,127.418297,4.096850
16397000,0.121196,127.417452,4.096824
16398000,0.121195,127.416608,4.096797
16399000,0.121194,127.415765,4.096771
16400000,0.121193,127.414923,4.096745
16401000,0.121192,127.414081,4.096719
16402000,0.121192,127.413240,4.096693
16403000,0.121191,127.412400,4.096667
16404000,0.121190,127.411561,4.096641
16405000,0.121189,127.410722,4.096615
16406000,0.121188,127.409884,4.096589
16407000,0.121188,127.409047,4.096563
16408000,0.121187,127.408210,4.096537
16409000,0.121186,127.407375,4.096511
16410000,0.121185,127.406540,4.096486
16411000,0.121185,127.405705,4.096460
16412000,0.121184,127.404872,4.096434
16413000,0.121183,127.404039,4.096408
16414000,0.121182,127.403207,4.096382
16415000,0.121181,127.402376,4.096357
16416000,0.121181,127.401545,4.096331
16417000,0.121180,127.400715,4.096305
16418000,0.121179,127.399886,4.096280
16419000,0.121178,127.399058,4.096254
16420000,0.121177,127.398230,4.096228
16421000,0.121177,127.397403,4.096203
16422000,0.121176,127.396577,4.096177
16423000,0.121175,127.395751,4.096152
16424000,0.121174,127.394926,4.096126
16425000,0.121174,127.394102,4.096101
16426000,0.121173,127.393279,4.096075
16427000,0.121172,127.392456,4.096050
16428000,0.121171,127.391635,4.096024
16429000,0.121170,127.390813,4.095999
16430000,0.121170,127.389993,4.095973
16431000,0.121169,127.389173,4.095948
16432000,0.121168,127.388354,4.095923
16433000,0.121167,127.387536,4.095897
16434000,0.121167,127.386718,4.095872
16435000,0.121166,127.385902,4.095847
16436000,0.121165,127.385086,4.095822
16437000,0.121164,127.384270,4.095796
16438000,0.121164,127.383455,4.095771
16439000,0.121163,127.382641,4.095746
16440000,0.121162,127.381828,4.095721
16441000,0.121161,127.381016,4.095696
16442000,0.121160,127.380204,4.095671
16443000,0.121160,127.379393,4.095645
16444000,0.121159,127.378582,4.095620
16445000,0.121158,127.377773,4.095595
16446000,0.121157,127.376964,4.095570
16447000,0.121157,127.376155,4.095545
16448000,0.121156,127.375348,4.095520
16449000,0.121155,127.374541,4.095495
16450000,0.121154,127.373735,4.095470
16451000,0.121154,127.372930,4.095446
16452000,0.121153,127.372125,4.095421
16453000,0.121152,127.371321,4.095396
16454000,0.121151,127.370518,4.095371
16455000,0.121151,127.369715,4.095346
16456000,0.121150,127.368913,4.095321
16457000,0.121149,127.368112,4.095297
16458000,0.121148,127.367311,4.095272
16459000,0.121148,127.366512,4.095247
16460000,0.121147,127.365713,4.095222
16461000,0.121146,127.364914,4.095198
16462000,0.121145,127.364117,4.095173
16463000,0.121145,127.363320,4.095148
16464000,0.121144,127.362523,4.095124
16465000,0.121143,127.361728,4.095099
16466000,0.121142,127.360933,4.095075
16467000,0.121142,127.360139,4.095050
16468000,0.121141,127.359345,4.095026
16469000,0.121140,127.358553,4.095001
16470000,0.121139,127.357761,4.094977
16471000,0.121139,127.356969,4.094952
16472000,0.121138,127.356179,4.094928
16473000,0.121137,127.355389,4.094903
16474000,0.121136,127.354599,4.094879
16475000,0.121136,127.353811,4.094855
16476000,0.121135,127.353023,4.094830
16477000,0.121134,127.352236,4.094806
16478000,0.121133,127.351449,4.094782
16479000,0.121133,127.350663,4.094757
16480000,0.121132,127.349878,4.094733
16481000,0.121131,127.349094,4.094709
16482000,0.121130,127.348310,4.094685
16483000,0.121130,127.347527,4.094660
16484000,0.121129,127.346745,4.094636
16485000,0.121128,127.345963,4.094612
16486000,0.121127,127.345182,4.094588
16487000,0.121127,127.344402,4.094564
16488000,0.121126,127.343622,4.094540
16489000,0.121125,127.342843,4.094516
16490000,0.121125,127.342065,4.094492
16491000,0.121124,127.341287,4.094468
16492000,0.121123,127.340510,4.094444
16493000,0.121122,127.339734,4.094420
16494000,0.121122,127.338959,4.094396
16495000,0.121121,127.338184,4.094372
16496000,0.121120,127.337410,4.094348
16497000,0.121119,127.336636,4.094324
16498000,0.121119,127.335864,4.094300
16499000,0.121118,127.335092,4.094276
16500000,0.121117,127.334320,4.094253
16501000,0.121117,127.333549,4.094229
16502000,0.121116,127.332779,4.094205
16503000,0.121115,127.332010,4.094181
16504000,0.121114,127.331241,4.094157
16505000,0.121114,127.330473,4.094134
16506000,0.121113,127.329706,4.094110
16507000,0.121112,127.328939,4.094086
16508000,0.121111,127.328173,4.094063
16509000,0.121111,127.327408,4.094039
16510000,0.121110,127.326643,4.094016
16511000,0.121109,127.325879,4.093992
16512000,0.121109,127.325116,4.093968
16513000,0.121108,127.324353,4.093945
16514000,0.121107,127.323591,4.093921
16515000,0.121106,127.322830,4.093898
16516000,0.121106,127.322070,4.093874
16517000,0.121105,127.321310,4.093851
16518000,0.121104,127.320550,4.093828
16519000,0.121104,127.319792,4.093804
16520000,0.121103,127.319034,4.093781
16521000,0.121102,127.318276,4.093757
16522000,0.121101,127.317520,4.093734
16523000,0.121101,127.316764,4.093711
16524000,0.121100,127.316009,4.093687
16525000,0.121099,127.315254,4.093664
16526000,0.121099,127.314500,4.093641
16527000,0.121098,127.313747,4.093618
16528000,0.121097,127.312994,4.093594
16529000,0.121096,127.312242,4.093571
16530000,0.121096,127.311491,4.093548
16531000,0.121095,127.310740,4.093525
16532000,0.121094,127.309990,4.093502
16533000,0.121094,127.309241,4.093479
16534000,0.121093,127.308492,4.093456
16535000,0.121092,127.307744,4.093433
16536000,0.121092,127.306997,4.093410
16537000,0.121091,127.306250,4.093387
16538000,0.121090,127.305504,4.093364
16539000,0.121089,127.304759,4.093341
16540000,0.121089,127.304014,4.093318
16541000,0.121088,127.303270,4.093295
16542000,0.121087,127.302527,4.093272
16543000,0.121087,127.301784,4.093249
16544000,0.121086,127.301042,4.093226
16545000,0.121085,127.300301,4.093203
16546000,0.121085,127.299560,4.093180
16547000,0.121084,127.298820,4.093157
16548000,0.121083,127.298080,4.093135
16549000,0.121082,127.297342,4.093112
16550000,0.121082,127.296603,4.093089
16551000,0.121081,127.295866,4.093066
16552000,0.121080,127.295129,4.093044
16553000,0.121080,127.294393,4.093021
16554000,0.121079,127.293657,4.092998
16555000,0.121078,127.292922,4.092976
16556000,0.121078,127.292188,4.092953
16557000,0.121077,127.291455,4.092931
16558000,0.121076,127.290722,4.092908
16559000,0.121076,127.289989,4.092885
16560000,0.121075,127.289258,4.092863
16561000,0.121074,127.288527,4.092840
16562000,0.121073,127.287796,4.092818
16563000,0.121073,127.287066,4.092795
16564000,0.121072,127.286337,4.092773
16565000,0.121071,127.285609,4.092750
16566000,0.121071,127.284881,4.092728
16567000,0.121070,127.284154,4.092706
16568000,0.121069,127.283427,4.092683
16569000,0.121069,127.282701,4.092661
16570000,0.121068,127.281976,4.092639
16571000,0.121067,127.281252,4.092616
16572000,0.121067,127.280528,4.092594
16573000,0.121066,127.279804,4.092572
16574000,0.121065,127.279082,4.092549
16575000,0.121065,127.278360,4.092527
16576000,0.121064,127.277638,4.092505
16577000,0.121063,127.276917,4.092483
16578000,0.121063,127.276197,4.092461
16579000,0.121062,127.275478,4.092439
16580000,0.121061,127.274759,4.092416
16581000,0.121060,127.274041,4.092394
16582000,0.121060,127.273323,4.092372
16583000,0.121059,127.272606,4.092350
16584000,0.121058,127.271890,4.092328
16585000,0.121058,127.271174,4.092306
16586000,0.121057,127.270459,4.092284
16587000,0.121056,127.269744,4.092262
16588000,0.121056,127.269031,4.092240
16589000,0.121055,127.268317,4.092218
16590000,0.121054,127.267605,4.092196
16591000,0.121054,127.266893,4.092174
16592000,0.121053,127.266182,4.092152
16593000,0.121052,127.265471,4.092131
16594000,0.121052,127.264761,4.092109
16595000,0.121051,127.264051,4.092087
16596000,0.121050,127.263343,4.092065
16597000,0.121050,127.262634,4.092043
16598000,0.121049,127.261927,4.092022
16599000,0.121048,127.261220,4.092000
16600000,0.121048,127.260514,4.091978
16601000,0.121047,127.259808,4.091956
16602000,0.121046,127.259103,4.091935
16603000,0.121046,127.258398,4.091913
16604000,0.121045,127.257695,4.091891
16605000,0.121044,127.256991,4.091870
16606000,0.121044,127.256289,4.091848
16607000,0.121043,127.255587,4.091827
16608000,0.121042,127.254886,4.091805
16609000,0.121042,127.254185,4.091783
16610000,0.121041,127.253485,4.091762
16611000,0.121040,127.252785,4.091740
16612000,0.121040,127.252086,4.091719
16613000,0.121039,127.251388,4.091698
16614000,0.121039,127.250691,4.091676
16615000,0.121038,127.249994,4.091655
16616000,0.121037,127.249297,4.091633
16617000,0.121037,127.248601,4.091612
16618000,0.121036,127.247906,4.091591
16619000,0.121035,127.247212,4.091569
16620000,0.121035,127.246518,4.091548
16621000,0.121034,127.245824,4.091527
16622000,0.121033,127.245132,4.091505
16623000,0.121033,127.244440,4.091484
16624000,0.121032,127.243748,4.091463
16625000,0.121031,127.243057,4.091441
16626000,0.121031,127.242367,4.091420
16627000,0.121030,127.241677,4.091399
16628000,0.121029,127.240988,4.091378
16629000,0.121029,127.240300,4.091357
16630000,0.121028,127.239612,4.091336
16631000,0.121027,127.238925,4.091315
16632000,0.121027,127.238238,4.091293
16633000,0.121026,127.237552,4.091272
16634000,0.121026,127.236867,4.091251
16635000,0.121025,127.236182,4.091230
16636000,0.121024,127.235498,4.091209
16637000,0.121024,127.234814,4.091188
16638000,0.121023,127.234131,4.091167
16639000,0.121022,127.233449,4.091146
16640000,0.121022,127.232767,4.091125
16641000,0.121021,127.232086,4.091105
16642000,0.121020,127.231405,4.091084
16643000,0.121020,127.230725,4.091063
16644000,0.121019,127.230046,4.091042
16645000,0.121018,127.229367,4.091021
16646000,0.121018,127.228689,4.091000
16647000,0.121017,127.228011,4.090979
16648000,0.121017,127.227334,4.090959
16649000,0.121016,127.226658,4.090938
16650000,0.121015,127.225982,4.090917
16651000,0.121015,127.225307,4.090896
16652000,0.121014,127.224632,4.090876
16653000,0.121013,127.223958,4.090855
16654000,0.121013,127.223285,4.090834
16655000,0.121012,127.222612,4.090814
16656000,0.121011,127.221940,4.090793
16657000,0.121011,127.221268,4.090772
16658000,0.121010,127.220597,4.090752
16659000,0.121010,127.219927,4.090731
16660000,0.121009,127.219257,4.090711
16661000,0.121008,127.218588,4.090690
16662000,0.121008,127.217919,4.090670
16663000,0.121007,127.217251,4.090649
16664000,0.121006,127.216584,4.090629
16665000,0.121006,127.215917,4.090608
16666000,0.121005,127.215251,4.090588
16667000,0.121005,127.214585,4.090567
16668000,0.121004,127.213920,4.090547
16669000,0.121003,127.213255,4.090527
16670000,0.121003,127.212591,4.090506
16671000,0.121002,127.211928,4.090486
16672000,0.121001,127.211265,4.090466
16673000,0.121001,127.210603,4.090445
16674000,0.121000,127.209941,4.090425
16675000,0.121000,127.209280,4.090405
16676000,0.120999,127.208620,4.090384
16677000,0.120998,127.207960,4.090364
16678000,0.120998,127.207301,4.090344
16679000,0.120997,127.206642,4.090324
16680000,0.120996,127.205984,4.090304
16681000,0.120996,127.205327,4.090283
16682000,0.120995,127.204670,4.090263
16683000,0.120995,127.204013,4.090243
16684000,0.120994,127.203358,4.090223
16685000,0.120993,127.202702,4.090203
16686000,0.120993,127.202048,4.090183
16687000,0.120992,127.201394,4.090163
16688000,0.120992,127.200740,4.090143
16689000,0.120991,127.200087,4.090123
16690000,0.120990,127.199435,4.090103
16691000,0.120990,127.198783,4.090083
16692000,0.120989,127.198132,4.090063
16693000,0.120988,127.197482,4.090043
16694000,0.120988,127.196832,4.090023
16695000,0.120987,127.196182,4.090003
16696000,0.120987,127.195534,4.089983
16697000,0.120986,127.194885,4.089963
16698000,0.120985,127.194238,4.089944
16699000,0.120985,127.193590,4.089924
16700000,0.120984,127.192944,4.089904
16701000,0.120984,127.192298,4.089884
16702000,0.120983,127.191653,4.089864
16703000,0.120982,127.191008,4.089845
16704000,0.120982,127.190363,4.089825
16705000,0.120981,127.189720,4.089805
16706000,0.120981,127.189077,4.089786
16707000,0.120980,127.188434,4.089766
16708000,0.120979,127.187792,4.089746
16709000,0.120979,127.187151,4.089727
16710000,0.120978,127.186510,4.089707
16711000,0.120978,127.185870,4.089687
16712000,0.120977,127.185230,4.089668
16713000,0.120976,127.184591,4.089648
16714000,0.120976,127.183952,4.089629
16715000,0.120975,127.183314,4.089609
16716000,0.120975,127.182677,4.089590
16717000,0.120974,127.182040,4.089570
16718000,0.120973,127.181403,4.089551
16719000,0.120973,127.180768,4.089531
16720000,0.120972,127.180132,4.089512
16721000,0.120972,127.179498,4.089492
16722000,0.120971,127.178864,4.089473
16723000,0.120970,127.178230,4.089453
16724000,0.120970,127.177597,4.089434
16725000,0.120969,127.176965,4.089415
16726000,0.120969,127.176333,4.089395
16727000,0.120968,127.175702,4.089376
16728000,0.120967,127.175071,4.089357
16729000,0.120967,127.174441,4.089338
16730000,0.120966,127.173811,4.089318
16731000,0.120966,127.173182,4.089299
16732000,0.120965,127.172554,4.089280
16733000,0.120964,127.171926,4.089261
16734000,0.120964,127.171299,4.089241
16735000,0.120963,127.170672,4.089222
16736000,0.120963,127.170045,4.089203
16737000,0.120962,127.169420,4.089184
16738000,0.120962,127.168795,4.089165
16739000,0.120961,127.168170,4.089146
16740000,0.120960,127.167546,4.089127
16741000,0.120960,127.166922,4.089108
16742000,0.120959,127.166300,4.089089
16743000,0.120959,127.165677,4.089069
16744000,0.120958,127.165055,4.089050
16745000,0.120957,127.164434,4.089031
16746000,0.120957,127.163813,4.089012
16747000,0.120956,127.163193,4.088994
16748000,0.120956,127.162573,4.088975
16749000,0.120955,127.161954,4.088956
16750000,0.120955,127.161336,4.088937
16751000,0.120954,127.160718,4.088918
16752000,0.120953,127.160100,4.088899
16753000,0.120953,127.159484,4.088880
16754000,0.120952,127.158867,4.088861
16755000,0.120952,127.158251,4.088842
16756000,0.120951,127.157636,4.088824
16757000,0.120950,127.157021,4.088805
16758000,0.120950,127.156407,4.088786
16759000,0.120949,127.155794,4.088767
16760000,0.120949,127.155181,4.088749
16761000,0.120948,127.154568,4.088730
16762000,0.120948,127.153956,4.088711
16763000,0.120947,127.153345,4.088692
16764000,0.120946,127.152734,4.088674
16765000,0.120946,127.152123,4.088655
16766000,0.120945,127.151513,4.088637
16767000,0.120945,127.150904,4.088618
16768000,0.120944,127.150295,4.088599
16769000,0.120944,127.149687,4.088581
16770000,0.120943,127.149080,4.088562
16771000,0.120942,127.148472,4.088544
16772000,0.120942,127.147866,4.088525
16773000,0.120941,127.147260,4.088507
16774000,0.120941,127.146654,4.088488
16775000,0.120940,127.146049,4.088470
16776000,0.120940,127.145445,4.088451
16777000,0.120939,127.144841,4.088433
16778000,0.120938,127.144238,4.088414
16779000,0.120938,127.143635,4.088396
16780000,0.120937,127.143032,4.088378
16781000,0.120937,127.142431,4.088359
16782000,0.120936,127.141829,4.088341
16783000,0.120936,127.141229,4.088322
16784000,0.120935,127.140629,4.088304
16785000,0.120935,127.140029,4.088286
16786000,0.120934,127.139430,4.088267
16787000,0.120933,127.138831,4.088249
16788000,0.120933,127.138233,4.088231
16789000,0.120932,127.137636,4.088213
16790000,0.120932,127.137039,4.088195
16791000,0.120931,127.136442,4.088176
16792000,0.120931,127.135846,4.088158
16793000,0.120930,127.135251,4.088140
16794000,0.120929,127.134656,4.088122
16795000,0.120929,127.134062,4.088104
16796000,0.120928,127.133468,4.088086
16797000,0.120928,127.132875,4.088067
16798000,0.120927,127.132282,4.088049
16799000,0.120927,127.131690,4.088031
16800000,0.120926,127.131098,4.088013
16801000,0.120926,127.130507,4.087995
16802000,0.120925,127.129916,4.087977
16803000,0.120924,127.129326,4.087959
16804000,0.120924,127.128736,4.087941
16805000,0.120923,127.128147,4.087923
16806000,0.120923,127.127559,4.087905
16807000,0.120922,127.126971,4.087887
16808000,0.120922,127.126383,4.087869
16809000,0.120921,127.125796,4.087851
16810000,0.120921,127.125210,4.087834
16811000,0.120920,127.124624,4.087816
16812000,0.120919,127.124038,4.087798
16813000,0.120919,127.123453,4.087780
16814000,0.120918,127.122869,4.087762
16815000,0.120918,127.122285,4.087744
16816000,0.120917,127.121702,4.087727
16817000,0.120917,127.121119,4.087709
16818000,0.120916,127.120537,4.087691
16819000,0.120916,127.119955,4.087673
16820000,0.120915,127.119373,4.087656
16821000,0.120915,127.118793,4.087638
16822000,0.120914,127.118212,4.087620
16823000,0.120913,127.117633,4.087603
16824000,0.120913,127.117053,4.087585
16825000,0.120912,127.116475,4.087567
16826000,0.120912,127.115897,4.087550
16827000,0.120911,127.115319,4.087532
16828000,0.120911,127.114742,4.087514
16829000,0.120910,127.114165,4.087497
16830000,0.120910,127.113589,4.087479
16831000,0.120909,127.113013,4.087462
16832000,0.120909,127.112438,4.087444
16833000,0.120908,127.111863,4.087427
16834000,0.120908,127.111289,4.087409
16835000,0.120907,127.110716,4.087392
16836000,0.120906,127.110143,4.087374
16837000,0.120906,127.109570,4.087357
16838000,0.120905,127.108998,4.087339
16839000,0.120905,127.108426,4.087322
16840000,0.120904,127.107855,4.087305
16841000,0.120904,127.107285,4.087287
16842000,0.120903,127.106715,4.087270
16843000,0.120903,127.106145,4.087253
16844000,0.120902,127.105576,4.087235
16845000,0.120902,127.105008,4.087218
16846000,0.120901,127.104440,4.087201
16847000,0.120901,127.103872,4.087183
16848000,0.120900,127.103305,4.087166
16849000,0.120899,127.102739,4.087149
16850000,0.120899,127.102173,4.087132
16851000,0.120898,127.101607,4.087114
16852000,0.120898,127.101042,4.087097
16853000,0.120897,127.100478,4.087080
16854000,0.120897,127.099914,4.087063
16855000,0.120896,127.099350,4.087046
16856000,0.120896,127.098787,4.087028
16857000,0.120895,127.098225,4.087011
16858000,0.120895,127.097663,4.086994
16859000,0.120894,127.097101,4.086977
16860000,0.120894,127.096540,4.086960
16861000,0.120893,127.095980,4.086943
16862000,0.120893,127.095420,4.086926
16863000,0.120892,127.094860,4.086909
16864000,0.120892,127.094301,4.086892
16865000,0.120891,127.093743,4.086875
16866000,0.120891,127.093185,4.086858
16867000,0.120890,127.092627,4.086841
16868000,0.120889,127.092070,4.086824
16869000,0.120889,127.091514,4.086807
16870000,0.120888,127.090957,4.086790
16871000,0.120888,127.090402,4.086773
16872000,0.120887,127.089847,4.086756
16873000,0.120887,127.089292,4.086739
16874000,0.120886,127.088738,4.086723
16875000,0.120886,127.088185,4.086706
16876000,0.120885,127.087632,4.086689
16877000,0.120885,127.087079,4.086672
16878000,0.120884,127.086527,4.086655
16879000,0.120884,127.085975,4.086639
16880000,0.120883,127.085424,4.086622
16881000,0.120883,127.084874,4.086605
16882000,0.120882,127.084323,4.086588
16883000,0.120882,127.083774,4.086572
16884000,0.120881,127.083225,4.086555
16885000,0.120881,127.082676,4.086538
16886000,0.120880,127.082128,4.086522
16887000,0.120880,127.081580,4.086505
16888000,0.120879,127.081033,4.086488
16889000,0.120879,127.080486,4.086472
16890000,0.120878,127.079940,4.086455
16891000,0.120878,127.079394,4.086438
16892000,0.120877,127.078849,4.086422
16893000,0.120877,127.078304,4.086405
16894000,0.120876,127.077760,4.086389
16895000,0.120876,127.077216,4.086372
16896000,0.120875,127.076673,4.086356
16897000,0.120875,127.076130,4.086339
16898000,0.120874,127.075588,4.086323
16899000,0.120874,127.075046,4.086306
16900000,0.120873,127.074504,4.086290
16901000,0.120872,127.073963,4.086273
16902000,0.120872,127.073423,4.086257
16903000,0.120871,127.072883,4.086241
16904000,0.120871,127.072344,4.086224
16905000,0.120870,127.071805,4.086208
16906000,0.120870,127.071266,4.086191
16907000,0.120869,127.070728,4.086175
16908000,0.120869,127.070191,4.086159
16909000,0.120868,127.069653,4.086142
16910000,0.120868,127.069117,4.086126
16911000,0.120867,127.068581,4.086110
16912000,0.120867,127.068045,4.086094
16913000,0.120866,127.067510,4.086077
16914000,0.120866,127.066975,4.086061
16915000,0.120865,127.066441,4.086045
16916000,0.120865,127.065907,4.086029
16917000,0.120864,127.065374,4.086012
16918000,0.120864,127.064841,4.085996
16919000,0.120863,127.064309,4.085980
16920000,0.120863,127.063777,4.085964
16921000,0.120862,127.063246,4.085948
16922000,0.120862,127.062715,4.085932
16923000,0.120861,127.062184,4.085916
16924000,0.120861,127.061654,4.085899
16925000,0.120860,127.061125,4.085883
16926000,0.120860,127.060596,4.085867
16927000,0.120859,127.060067,4.085851
16928000,0.120859,127.059539,4.085835
16929000,0.120858,127.059012,4.085819
16930000,0.120858,127.058485,4.085803
16931000,0.120857,127.057958,4.085787
16932000,0.120857,127.057432,4.085771
16933000,0.120856,127.056906,4.085755
16934000,0.120856,127.056381,4.085739
16935000,0.120856,127.055856,4.085723
16936000,0.120855,127.055332,4.085707
16937000,0.120855,127.054808,4.085692
16938000,0.120854,127.054284,4.085676
16939000,0.120854,127.053762,4.085660
16940000,0.120853,127.053239,4.085644
16941000,0.120853,127.052717,4.085628
16942000,0.120852,127.052196,4.085612
16943000,0.120852,127.051675,4.085597
16944000,0.120851,127.051154,4.085581
16945000,0.120851,127.050634,4.085565
16946000,0.120850,127.050114,4.085549
16947000,0.120850,127.049595,4.085533
16948000,0.120849,127.049076,4.085518
16949000,0.120849,127.048558,4.085502
16950000,0.120848,127.048040,4.085486
16951000,0.120848,127.047523,4.085471
16952000,0.120847,127.047006,4.085455
16953000,0.120847,127.046489,4.085439
16954000,0.120846,127.045973,4.085424
16955000,0.120846,127.045458,4.085408
16956000,0.120845,127.044943,4.085392
16957000,0.120845,127.044428,4.085377
16958000,0.120844,127.043914,4.085361
16959000,0.120844,127.043400,4.085346
16960000,0.120843,127.042887,4.085330
16961000,0.120843,127.042374,4.085314
16962000,0.120842,127.041862,4.085299
16963000,0.120842,127.041350,4.085283
16964000,0.120841,127.040839,4.085268
16965000,0.120841,127.040328,4.085252
16966000,0.120840,127.039817,4.085237
16967000,0.120840,127.039307,4.085221
16968000,0.120840,127.038798,4.085206
16969000,0.120839,127.038289,4.085191
16970000,0.120839,127.037780,4.085175
16971000,0.120838,127.037272,4.085160
16972000,0.120838,127.036764,4.085144
16973000,0.120837,127.036257,4.085129
16974000,0.120837,127.035750,4.085114
16975000,0.120836,127.035243,4.085098
16976000,0.120836,127.034738,4.085083
16977000,0.120835,127.034232,4.085068
16978000,0.120835,127.033727,4.085052
16979000,0.120834,127.033222,4.085037
16980000,0.120834,127.032718,4.085022
16981000,0.120833,127.032214,4.085006
16982000,0.120833,127.031711,4.084991
16983000,0.120832,127.031208,4.084976
16984000,0.120832,127.030706,4.084961
16985000,0.120831,127.030204,4.084946
16986000,0.120831,127.029703,4.084930
16987000,0.120831,127.029202,4.084915
16988000,0.120830,127.028701,4.084900
16989000,0.120830,127.028201,4.084885
16990000,0.120829,127.027701,4.084870
16991000,0.120829,127.027202,4.084855
16992000,0.120828,127.026703,4.084839
16993000,0.120828,127.026205,4.084824
16994000,0.120827,127.025707,4.084809
16995000,0.120827,127.025210,4.084794
16996000,0.120826,127.024713,4.084779
16997000,0.120826,127.024216,4.084764
16998000,0.120825,127.023720,4.084749
16999000,0.120825,127.023224,4.084734
17000000,0.120824,127.022729,4.084719
17001000,0.120824,127.022234,4.084704
17002000,0.120824,127.021740,4.084689
17003000,0.120823,127.021246,4.084674
17004000,0.120823,127.020752,4.084659
17005000,0.120822,127.020259,4.084644
17006000,0.120822,127.019767,4.084629
17007000,0.120821,127.019275,4.084614
17008000,0.120821,127.018783,4.084600
17009000,0.120820,127.018292,4.084585
17010000,0.120820,127.017801,4.084570
17011000,0.120819,127.017310,4.084555
17012000,0.120819,127.016820,4.084540
17013000,0.120818,127.016331,4.084525
17014000,0.120818,127.015842,4.084511
17015000,0.120818,127.015353,4.084496
17016000,0.120817,127.014865,4.084481
17017000,0.120817,127.014377,4.084466
17018000,0.120816,127.013890,4.084451
17019000,0.120816,127.013403,4.084437
17020000,0.120815,127.012916,4.084422
17021000,0.120815,127.012430,4.084407
17022000,0.120814,127.011945,4.084393
17023000,0.120814,127.011459,4.084378
17024000,0.120813,127.010975,4.084363
17025000,0.120813,127.010490,4.084349
17026000,0.120813,127.010006,4.084334
17027000,0.120812,127.009523,4.084319
17028000,0.120812,127.009040,4.084305
17029000,0.120811,127.008557,4.084290
17030000,0.120811,127.008075,4.084276
17031000,0.120810,127.007593,4.084261
17032000,0.120810,127.007112,4.084246
17033000,0.120809,127.006631,4.084232
17034000,0.120809,127.006151,4.084217
17035000,0.120808,127.005671,4.084203
17036000,0.120808,127.005191,4.084188
17037000,0.120808,127.004712,4.084174
17038000,0.120807,127.004233,4.084159
17039000,0.120807,127.003755,4.084145
17040000,0.120806,127.003277,4.084130
17041000,0.120806,127.002800,4.084116
17042000,0.120805,127.002323,4.084102
17043000,0.120805,127.001846,4.084087
17044000,0.120804,127.001370,4.084073
17045000,0.120804,127.000894,4.084058
17046000,0.120804,127.000419,4.084044
17047000,0.120803,126.999944,4.084030
17048000,0.120803,126.999469,4.084015
17049000,0.120802,126.998995,4.084001
17050000,0.120802,126.998522,4.083987
17051000,0.120801,126.998049,4.083972
17052000,0.120801,126.997576,4.083958
17053000,0.120800,126.997103,4.083944
17054000,0.120800,126.996632,4.083930
17055000,0.120800,126.996160,4.083915
17056000,0.120799,126.995689,4.083901
17057000,0.120799,126.995218,4.083887
17058000,0.120798,126.994748,4.083873
17059000,0.120798,126.994278,4.083858
17060000,0.120797,126.993809,4.083844
17061000,0.120797,126.993340,4.083830
17062000,0.120796,126.992871,4.083816
17063000,0.120796,126.992403,4.083802
17064000,0.120796,126.991935,4.083788
17065000,0.120795,126.991468,4.083774
17066000,0.120795,126.991001,4.083759
17067000,0.120794,126.990534,4.083745
17068000,0.120794,126.990068,4.083731
17069000,0.120793,126.989603,4.083717
17070000,0.120793,126.989138,4.083703
17071000,0.120793,126.988673,4.083689
17072000,0.120792,126.988208,4.083675
17073000,0.120792,126.987744,4.083661
17074000,0.120791,126.987281,4.083647
17075000,0.120791,126.986818,4.083633
17076000,0.120790,126.986355,4.083619
17077000,0.120790,126.985892,4.083605
17078000,0.120790,126.985431,4.083591
17079000,0.120789,126.984969,4.083577
17080000,0.120789,126.984508,4.083563
17081000,0.120788,126.984047,4.083549
17082000,0.120788,126.983587,4.083535
17083000,0.120787,126.983127,4.083522
17084000,0.120787,126.982668,4.083508
17085000,0.120786,126.982209,4.083494
17086000,0.120786,126.981750,4.083480
17087000,0.120786,126.981292,4.083466
17088000,0.120785,126.980834,4.083452
17089000,0.120785,126.980376,4.083439
17090000,0.120784,126.979919,4.083425
17091000,0.120784,126.979463,4.083411
17092000,0.120783,126.979007,4.083397
17093000,0.120783,126.978551,4.083383
17094000,0.120783,126.978096,4.083370
17095000,0.120782,126.977641,4.083356
17096000,0.120782,126.977186,4.083342
17097000,0.120781,126.976732,4.083329
17098000,0.120781,126.976278,4.083315
17099000,0.120781,126.975825,4.083301
17100000,0.120780,126.975372,4.083287
17101000,0.120780,126.974919,4.083274
17102000,0.120779,126.974467,4.083260
17103000,0.120779,126.974015,4.083247
17104000,0.120778,126.973564,4.083233
17105000,0.120778,126.973113,4.083219
17106000,0.120778,126.972663,4.083206
17107000,0.120777,126.972213,4.083192
17108000,0.120777,126.971763,4.083179
17109000,0.120776,126.971314,4.083165
17110000,0.120776,126.970865,4.083151
17111000,0.120775,126.970416,4.083138
17112000,0.120775,126.969968,4.083124
17113000,0.120775,126.969520,4.083111
17114000,0.120774,126.969073,4.083097
17115000,0.120774,126.968626,4.083084
17116000,0.120773,126.968180,4.083071
17117000,0.120773,126.967734,4.083057
17118000,0.120773,126.967288,4.083044
17119000,0.120772,126.966843,4.083030
17120000,0.120772,126.966398,4.083017
17121000,0.120771,126.965953,4.083003
17122000,0.120771,126.965509,4.082990
17123000,0.120770,126.965065,4.082977
17124000,0.120770,126.964622,4.082963
17125000,0.120770,126.964179,4.082950
17126000,0.120769,126.963737,4.082937
17127000,0.120769,126.963295,4.082923
17128000,0.120768,126.962853,4.082910
17129000,0.120768,126.962411,4.082897
17130000,0.120768,126.961971,4.082883
17131000,0.120767,126.961530,4.082870
17132000,0.120767,126.961090,4.082857
17133000,0.120766,126.960650,4.082843
17134000,0.120766,126.960211,4.082830
17135000,0.120765,126.959772,4.082817
17136000,0.120765,126.959333,4.082804
17137000,0.120765,126.958895,4.082791
17138000,0.120764,126.958457,4.082777
17139000,0.120764,126.958020,4.082764
17140000,0.120763,126.957583,4.082751
17141000,0.120763,126.957146,4.082738
17142000,0.120763,126.956710,4.082725
17143000,0.120762,126.956274,4.082712
17144000,0.120762,126.955839,4.082698
17145000,0.120761,126.955404,4.082685
17146000,0.120761,126.954969,4.082672
17147000,0.120761,126.954535,4.082659
17148000,0.120760,126.954101,4.082646
17149000,0.120760,126.953667,4.082633
17150000,0.120759,126.953234,4.082620
17151000,0.120759,126.952801,4.082607
17152000,0.120759,126.952369,4.082594
17153000,0.120758,126.951937,4.082581
17154000,0.120758,126.951505,4.082568
17155000,0.120757,126.951074,4.082555
17156000,0.120757,126.950643,4.082542
17157000,0.120757,126.950213,4.082529
17158000,0.120756,126.949783,4.082516
17159000,0.120756,126.949353,4.082503
17160000,0.120755,126.948924,4.082490
17161000,0.120755,126.948495,4.082477
17162000,0.120755,126.948067,4.082464
17163000,0.120754,126.947639,4.082451
17164000,0.120754,126.947211,4.082439
17165000,0.120753,126.946784,4.082426
17166000,0.120753,126.946357,4.082413
17167000,0.120753,126.945930,4.082400
17168000,0.120752,126.945504,4.082387
17169000,0.120752,126.945078,4.082374
17170000,0.120751,126.944653,4.082361
17171000,0.120751,126.944228,4.082349
17172000,0.120751,126.943803,4.082336
17173000,0.120750,126.943379,4.082323
17174000,0.120750,126.942955,4.082310
17175000,0.120749,126.942531,4.082298
17176000,0.120749,126.942108,4.082285
17177000,0.120749,126.941685,4.082272
17178000,0.120748,126.941263,4.082259
17179000,0.120748,126.940841,4.082247
17180000,0.120747,126.940419,4.082234
17181000,0.120747,126.939998,4.082221
17182000,0.120747,126.939577,4.082209
17183000,0.120746,126.939156,4.082196
17184000,0.120746,126.938736,4.082183
17185000,0.120745,126.938317,4.082171
17186000,0.120745,126.937897,4.082158
17187000,0.120745,126.937478,4.082145
17188000,0.120744,126.937060,4.082133
17189000,0.120744,126.936641,4.082120
17190000,0.120743,126.936223,4.082108
17191000,0.120743,126.935806,4.082095
17192000,0.120743,126.935389,4.082083
17193000,0.120742,126.934972,4.082070
17194000,0.120742,126.934556,4.082058
17195000,0.120741,126.934140,4.082045
17196000,0.120741,126.933724,4.082033
17197000,0.120741,126.933309,4.082020
17198000,0.120740,126.932894,4.082008
17199000,0.120740,126.932479,4.081995
17200000,0.120740,126.932065,4.081983
17201000,0.120739,126.931651,4.081970
17202000,0.120739,126.931238,4.081958
17203000,0.120738,126.930825,4.081945
17204000,0.120738,126.930412,4.081933
17205000,0.120738,126.930000,4.081921
17206000,0.120737,126.929588,4.081908
17207000,0.120737,126.929176,4.081896
17208000,0.120736,126.928765,4.081883
17209000,0.120736,126.928354,4.081871
17210000,0.120736,126.927944,4.081859
17211000,0.120735,126.927534,4.081846
17212000,0.120735,126.927124,4.081834
17213000,0.120735,126.926715,4.081822
17214000,0.120734,126.926306,4.081809
17215000,0.120734,126.925897,4.081797
17216000,0.120733,126.925489,4.081785
17217000,0.120733,126.925081,4.081773
17218000,0.120733,126.924673,4.081760
17219000,0.120732,126.924266,4.081748
17220000,0.120732,126.923859,4.081736
17221000,0.120731,126.923453,4.081724
17222000,0.120731,126.923047,4.081711
17223000,0.120731,126.922641,4.081699
17224000,0.120730,126.922236,4.081687
17225000,0.120730,126.921831,4.081675
17226000,0.120730,126.921426,4.081663
17227000,0.120729,126.921022,4.081651
17228000,0.120729,126.920618,4.081638
17229000,0.120728,126.920215,4.081626
17230000,0.120728,126.919811,4.081614
17231000,0.120728,126.919409,4.081602
17232000,0.120727,126.919006,4.081590
17233000,0.120727,126.918604,4.081578
17234000,0.120727,126.918202,4.081566
17235000,0.120726,126.917801,4.081554
17236000,0.120726,126.917400,4.081542
17237000,0.120725,126.916999,4.081530
17238000,0.120725,126.916599,4.081518
17239000,0.120725,126.916199,4.081506
17240000,0.120724,126.915800,4.081494
17241000,0.120724,126.915400,4.081482
17242000,0.120724,126.915002,4.081470
17243000,0.120723,126.914603,4.081458
17244000,0.120723,126.914205,4.081446
17245000,0.120722,126.913807,4.081434
17246000,0.120722,126.913410,4.081422
17247000,0.120722,126.913013,4.081410
17248000,0.120721,126.912616,4.081398
17249000,0.120721,126.912220,4.081386
17250000,0.120721,126.911824,4.081374
17251000,0.120720,126.911428,4.081362
17252000,0.120720,126.911033,4.081350
17253000,0.120719,126.910638,4.081339
17254000,0.120719,126.910243,4.081327
17255000,0.120719,126.909849,4.081315
17256000,0.120718,126.909455,4.081303
17257000,0.120718,126.909061,4.081291
17258000,0.120718,126.908668,4.081279
17259000,0.120717,126.908275,4.081268
17260000,0.120717,126.907883,4.081256
17261000,0.120717,126.907491,4.081244
17262000,0.120716,126.907099,4.081232
17263000,0.120716,126.906708,4.081220
17264000,0.120715,126.906317,4.081209
17265000,0.120715,126.905926,4.081197
17266000,0.120715,126.905536,4.081185
17267000,0.120714,126.905146,4.081174
17268000,0.120714,126.904756,4.081162
17269000,0.120714,126.904367,4.081150
17270000,0.120713,126.903978,4.081139
17271000,0.120713,126.903589,4.081127
17272000,0.120713,126.903201,4.081115
17273000,0.120712,126.902813,4.081104
17274000,0.120712,126.902425,4.081092
17275000,0.120711,126.902038,4.081080
17276000,0.120711,126.901651,4.081069
17277000,0.120711,126.901265,4.081057
17278000,0.120710,126.900879,4.081045
17279000,0.120710,126.900493,4.081034
17280000,0.120710,126.900107,4.081022
17281000,0.120709,126.899722,4.081011
17282000,0.120709,126.899337,4.080999
17283000,0.120709,126.898953,4.080988
17284000,0.120708,126.898569,4.080976
17285000,0.120708,126.898185,4.080965
17286000,0.120707,126.897802,4.080953
17287000,0.120707,126.897418,4.080942
17288000,0.120707,126.897036,4.080930
17289000,0.120706,126.896653,4.080919
17290000,0.120706,126.896271,4.080907
17291000,0.120706,126.895890,4.080896
17292000,0.120705,126.895508,4.080884
17293000,0.120705,126.895127,4.080873
17294000,0.120705,126.894747,4.080861
17295000,0.120704,126.894366,4.080850
17296000,0.120704,126.893986,4.080839
17297000,0.120704,126.893607,4.080827
17298000,0.120703,126.893227,4.080816
17299000,0.120703,126.892848,4.080804
17300000,0.120703,126.892470,4.080793
17301000,0.120702,126.892091,4.080782
17302000,0.120702,126.891713,4.080770
17303000,0.120701,126.891336,4.080759
17304000,0.120701,126.890959,4.080748
17305000,0.120701,126.890582,4.080737
17306000,0.120700,126.890205,4.080725
17307000,0.120700,126.889829,4.080714
17308000,0.120700,126.889453,4.080703
17309000,0.120699,126.889077,4.080691
17310000,0.120699,126.888702,4.080680
17311000,0.120699,126.888327,4.080669
17312000,0.120698,126.887953,4.080658
17313000,0.120698,126.887578,4.080646
17314000,0.120698,126.887204,4.080635
17315000,0.120697,126.886831,4.080624
17316000,0.120697,126.886458,4.080613
17317000,0.120697,126.886085,4.080602
17318000,0.120696,126.885712,4.080590
17319000,0.120696,126.885340,4.080579
17320000,0.120695,126.884968,4.080568
17321000,0.120695,126.884596,4.080557
17322000,0.120695,126.884225,4.080546
17323000,0.120694,126.883854,4.080535
17324000,0.120694,126.883484,4.080524
17325000,0.120694,126.883114,4.080513
17326000,0.120693,126.882744,4.080501
17327000,0.120693,126.882374,4.080490
17328000,0.120693,126.882005,4.080479
17329000,0.120692,126.881636,4.080468
17330000,0.120692,126.881267,4.080457
17331000,0.120692,126.880899,4.080446
17332000,0.120691,126.880531,4.080435
17333000,0.120691,126.880164,4.080424
17334000,0.120691,126.879796,4.080413
17335000,0.120690,126.879430,4.080402
17336000,0.120690,126.879063,4.080391
17337000,0.120690,126.878697,4.080380
17338000,0.120689,126.878331,4.080369
17339000,0.120689,126.877965,4.080358
17340000,0.120689,126.877600,4.080347
17341000,0.120688,126.877235,4.080336
17342000,0.120688,126.876870,4.080325
17343000,0.120688,126.876506,4.080315
17344000,0.120687,126.876142,4.080304
17345000,0.120687,126.875778,4.080293
17346000,0.120687,126.875415,4.080282
17347000,0.120686,126.875052,4.080271
17348000,0.120686,126.874690,4.080260
17349000,0.120686,126.874327,4.080249
17350000,0.120685,126.873965,4.080238
17351000,0.120685,126.873604,4.080228
17352000,0.120685,126.873242,4.080217
17353000,0.120684,126.872881,4.080206
17354000,0.120684,126.872520,4.080195
17355000,0.120684,126.872160,4.080184
17356000,0.120683,126.871800,4.080174
17357000,0.120683,126.871440,4.080163
17358000,0.120683,126.871081,4.080152
17359000,0.120682,126.870722,4.080141
17360000,0.120682,126.870363,4.080130
17361000,0.120682,126.870005,4.080120
17362000,0.120681,126.869646,4.080109
17363000,0.120681,126.869289,4.080098
17364000,0.120681,126.868931,4.080088
17365000,0.120680,126.868574,4.080077
17366000,0.120680,126.868217,4.080066
17367000,0.120680,126.867861,4.080056
17368000,0.120679,126.867504,4.080045
17369000,0.120679,126.867149,4.080034
17370000,0.120679,126.866793,4.080024
17371000,0.120678,126.866438,4.080013
17372000,0.120678,126.866083,4.080002
17373000,0.120678,126.865728,4.079992
17374000,0.120677,126.865374,4.079981
17375000,0.120677,126.865020,4.079970
17376000,0.120677,126.864666,4.079960
17377000,0.120676,126.864313,4.079949
17378000,0.120676,126.863960,4.079939
17379000,0.120676,126.863607,4.079928
17380000,0.120675,126.863255,4.079918
17381000,0.120675,126.862903,4.079907
17382000,0.120675,126.862551,4.079897
17383000,0.120674,126.862200,4.079886
17384000,0.120674,126.861849,4.079876
17385000,0.120674,126.861498,4.079865
17386000,0.120673,126.861147,4.079855
17387000,0.120673,126.860797,4.079844
17388000,0.120673,126.860447,4.079834
17389000,0.120672,126.860098,4.079823
17390000,0.120672,126.859749,4.079813
17391000,0.120672,126.859400,4.079802
17392000,0.120671,126.859051,4.079792
17393000,0.120671,126.858703,4.079781
17394000,0.120671,126.858355,4.079771
17395000,0.120670,126.858007,4.079761
17396000,0.120670,126.857660,4.079750
17397000,0.120670,126.857313,4.079740
17398000,0.120669,126.856966,4.079729
17399000,0.120669,126.856620,4.079719
17400000,0.120669,126.856274,4.079709
17401000,0.120668,126.855928,4.079698
17402000,0.120668,126.855582,4.079688
17403000,0.120668,126.855237,4.079678
17404000,0.120667,126.854892,4.079667
17405000,0.120667,126.854548,4.079657
17406000,0.120667,126.854204,4.079647
17407000,0.120666,126.853860,4.079636
17408000,0.120666,126.853516,4.079626
17409000,0.120666,126.853173,4.079616
17410000,0.120665,126.852830,4.079606
17411000,0.120665,126.852487,4.079595
17412000,0.120665,126.852145,4.079585
17413000,0.120664,126.851803,4.079575
17414000,0.120664,126.851461,4.079565
17415000,0.120664,126.851119,4.079554
17416000,0.120664,126.850778,4.079544
17417000,0.120663,126.850437,4.079534
17418000,0.120663,126.850097,4.079524
17419000,0.120663,126.849757,4.079514
17420000,0.120662,126.849417,4.079504
17421000,0.120662,126.849077,4.079493
17422000,0.120662,126.848738,4.079483
17423000,0.120661,126.848399,4.079473
17424000,0.120661,126.848060,4.079463
17425000,0.120661,126.847722,4.079453
17426000,0.120660,126.847383,4.079443
17427000,0.120660,126.847046,4.079433
17428000,0.120660,126.846708,4.079423
17429000,0.120659,126.846371,4.079412
17430000,0.120659,126.846034,4.079402
17431000,0.120659,126.845698,4.079392
17432000,0.120658,126.845361,4.079382
17433000,0.120658,126.845025,4.079372
17434000,0.120658,126.844690,4.079362
17435000,0.120658,126.844354,4.079352
17436000,0.120657,126.844019,4.079342
17437000,0.120657,126.843684,4.079332
17438000,0.120657,126.843350,4.079322
17439000,0.120656,126.843016,4.079312
17440000,0.120656,126.842682,4.079302
17441000,0.120656,126.842348,4.079292
17442000,0.120655,126.842015,4.079282
17443000,0.120655,126.841682,4.079272
17444000,0.120655,126.841349,4.079262
17445000,0.120654,126.841017,4.079252
17446000,0.120654,126.840685,4.079243
17447000,0.120654,126.840353,4.079233
17448000,0.120653,126.840022,4.079223
17449000,0.120653,126.839691,4.079213
17450000,0.120653,126.839360,4.079203
17451000,0.120653,126.839029,4.079193
17452000,0.120652,126.838699,4.079183
17453000,0.120652,126.838369,4.079173
17454000,0.120652,126.838039,4.079163
17455000,0.120651,126.837710,4.079154
17456000,0.120651,126.837381,4.079144
17457000,0.120651,126.837052,4.079134
17458000,0.120650,126.836723,4.079124
17459000,0.120650,126.836395,4.079114
17460000,0.120650,126.836067,4.079105
17461000,0.120649,126.835740,4.079095
17462000,0.120649,126.835412,4.079085
17463000,0.120649,126.835085,4.079075
17464000,0.120649,126.834759,4.079065
17465000,0.120648,126.834432,4.079056
17466000,0.120648,126.834106,4.079046
17467000,0.120648,126.833780,4.079036
17468000,0.120647,126.833455,4.079026
17469000,0.120647,126.833129,4.079017
17470000,0.120647,126.832804,4.079007
17471000,0.120646,126.832480,4.078997
17472000,0.120646,126.832155,4.078988
17473000,0.120646,126.831831,4.078978
17474000,0.120646,126.831507,4.078968
17475000,0.120645,126.831184,4.078959
17476000,0.120645,126.830861,4.078949
17477000,0.120645,126.830538,4.078939
17478000,0.120644,126.830215,4.078930
17479000,0.120644,126.829893,4.078920
17480000,0.120644,126.829571,4.078910
17481000,0.120643,126.829249,4.078901
17482000,0.120643,126.828927,4.078891
17483000,0.120643,126.828606,4.078882
17484000,0.120643,126.828285,4.078872
17485000,0.120642,126.827965,4.078862
17486000,0.120642,126.827644,4.078853
17487000,0.120642,126.827324,4.078843
17488000,0.120641,126.827005,4.078834
17489000,0.120641,126.826685,4.078824
17490000,0.120641,126.826366,4.078815
17491000,0.120640,126.826047,4.078805
17492000,0.120640,126.825728,4.078796
17493000,0.120640,126.825410,4.078786
17494000,0.120640,126.825092,4.078777
17495000,0.120639,126.824774,4.078767
17496000,0.120639,126.824457,4.078758
17497000,0.120639,126.824140,4.078748
17498000,0.120638,126.823823,4.078739
17499000,0.120638,126.823506,4.078729
17500000,0.120638,126.823190,4.078720
17501000,0.120637,126.822874,4.078710
17502000,0.120637,126.822558,4.078701
17503000,0.120637,126.822243,4.078692
17504000,0.120637,126.821928,4.078682
17505000,0.120636,126.821613,4.078673
17506000,0.120636,126.821298,4.078663
17507000,0.120636,126.820984,4.078654
17508000,0.120635,126.820670,4.078645
17509000,0.120635,126.820356,4.078635
17510000,0.120635,126.820042,4.078626
17511000,0.120635,126.819729,4.078617
17512000,0.120634,126.819416,4.078607
17513000,0.120634,126.819104,4.078598
17514000,0.120634,126.818791,4.078589
17515000,0.120633,126.818479,4.078579
17516000,0.120633,126.818168,4.078570
17517000,0.120633,126.817856,4.078561
17518000,0.120632,126.817545,4.078551
17519000,0.120632,126.817234,4.078542
17520000,0.120632,126.816923,4.078533
17521000,0.120632,126.816613,4.078524
17522000,0.120631,126.816303,4.078514
17523000,0.120631,126.815993,4.078505
17524000,0.120631,126.815683,4.078496
17525000,0.120630,126.815374,4.078487
17526000,0.120630,126.815065,4.078477
17527000,0.120630,126.814756,4.078468
17528000,0.120630,126.814448,4.078459
17529000,0.120629,126.814140,4.078450
17530000,0.120629,126.813832,4.078441
17531000,0.120629,126.813524,4.078431
17532000,0.120628,126.813217,4.078422
17533000,0.120628,126.812910,4.078413
17534000,0.120628,126.812603,4.078404
17535000,0.120628,126.812297,4.078395
17536000,0.120627,126.811990,4.078386
17537000,0.120627,126.811684,4.078377
17538000,0.120627,126.811379,4.078367
17539000,0.120626,126.811073,4.078358
17540000,0.120626,126.810768,4.078349
17541000,0.120626,126.810463,4.078340
17542000,0.120626,126.810159,4.078331
17543000,0.120625,126.809855,4.078322
17544000,0.120625,126.809551,4.078313
17545000,0.120625,126.809247,4.078304
17546000,0.120624,126.808943,4.078295
17547000,0.120624,126.808640,4.078286
17548000,0.120624,126.808337,4.078277
17549000,0.120624,126.808035,4.078268
17550000,0.120623,126.807732,4.078259
17551000,0.120623,126.807430,4.078250
17552000,0.120623,126.807128,4.078241
17553000,0.120622,126.806827,4.078232
17554000,0.120622,126.806525,4.078223
17555000,0.120622,126.806224,4.078214
17556000,0.120622,126.805924,4.078205
17557000,0.120621,126.805623,4.078196
17558000,0.120621,126.805323,4.078187
17559000,0.120621,126.805023,4.078178
17560000,0.120621,126.804723,4.078169
17561000,0.120620,126.804424,4.078160
17562000,0.120620,126.804125,4.078151
17563000,0.120620,126.803826,4.078142
17564000,0.120619,126.803527,4.078133
17565000,0.120619,126.803229,4.078124
17566000,0.120619,126.802931,4.078115
17567000,0.120619,126.802633,4.078107
17568000,0.120618,126.802336,4.078098
17569000,0.120618,126.802038,4.078089
17570000,0.120618,126.801741,4.078080
17571000,0.120617,126.801445,4.078071
17572000,0.120617,126.801148,4.078062
17573000,0.120617,126.800852,4.078053
17574000,0.120617,126.800556,4.078045
17575000,0.120616,126.800260,4.078036
17576000,0.120616,126.799965,4.078027
17577000,0.120616,126.799670,4.078018
17578000,0.120616,126.799375,4.078009
17579000,0.120615,126.799081,4.078001
17580000,0.120615,126.798786,4.077992
17581000,0.120615,126.798492,4.077983
17582000,0.120614,126.798198,4.077974
17583000,0.120614,126.797905,4.077966
17584000,0.120614,126.797612,4.077957
17585000,0.120614,126.797319,4.077948
17586000,0.120613,126.797026,4.077939
17587000,0.120613,126.796733,4.077931
17588000,0.120613,126.796441,4.077922
17589000,0.120613,126.796149,4.077913
17590000,0.120612,126.795858,4.077905
17591000,0.120612,126.795566,4.077896
17592000,0.120612,126.795275,4.077887
17593000,0.120611,126.794984,4.077879
17594000,0.120611,126.794693,4.077870
17595000,0.120611,126.794403,4.077861
17596000,0.120611,126.794113,4.077853
17597000,0.120610,126.793823,4.077844
17598000,0.120610,126.793534,4.077835
17599000,0.120610,126.793244,4.077827
17600000,0.120610,126.792955,4.077818
17601000,0.120609,126.792666,4.077810
17602000,0.120609,126.792378,4.077801
17603000,0.120609,126.792090,4.077792
17604000,0.120608,126.791802,4.077784
17605000,0.120608,126.791514,4.077775
17606000,0.120608,126.791226,4.077767
17607000,0.120608,126.790939,4.077758
17608000,0.120607,126.790652,4.077750
17609000,0.120607,126.790365,4.077741
17610000,0.120607,126.790079,4.077732
17611000,0.120607,126.789793,4.077724
17612000,0.120606,126.789507,4.077715
17613000,0.120606,126.789221,4.077707
17614000,0.120606,126.788936,4.077698
17615000,0.120606,126.788650,4.077690
17616000,0.120605,126.788366,4.077681
17617000,0.120605,126.788081,4.077673
17618000,0.120605,126.787796,4.077664
17619000,0.120604,126.787512,4.077656
17620000,0.120604,126.787228,4.077648
17621000,0.120604,126.786945,4.077639
17622000,0.120604,126.786661,4.077631
17623000,0.120603,126.786378,4.077622
17624000,0.120603,126.786095,4.077614
17625000,0.120603,126.785813,4.077605
17626000,0.120603,126.785530,4.077597
17627000,0.120602,126.785248,4.077589
17628000,0.120602,126.784967,4.077580
17629000,0.120602,126.784685,4.077572
17630000,0.120602,126.784404,4.077563
17631000,0.120601,126.784122,4.077555
17632000,0.120601,126.783842,4.077547
17633000,0.120601,126.783561,4.077538
17634000,0.120601,126.783281,4.077530
17635000,0.120600,126.783001,4.077522
17636000,0.120600,126.782721,4.077513
17637000,0.120600,126.782441,4.077505
17638000,0.120599,126.782162,4.077497
17639000,0.120599,126.781883,4.077488
17640000,0.120599,126.781604,4.077480
17641000,0.120599,126.781325,4.077472
17642000,0.120598,126.781047,4.077463
17643000,0.120598,126.780769,4.077455
17644000,0.120598,126.780491,4.077447
17645000,0.120598,126.780214,4.077439
17646000,0.120597,126.779936,4.077430
17647000,0.120597,126.779659,4.077422
17648000,0.120597,126.779383,4.077414
17649000,0.120597,126.779106,4.077406
17650000,0.120596,126.778830,4.077397
17651000,0.120596,126.778554,4.077389
17652000,0.120596,126.778278,4.077381
17653000,0.120596,126.778002,4.077373
17654000,0.120595,126.777727,4.077365
17655000,0.120595,126.777452,4.077356
17656000,0.120595,126.777177,4.077348
17657000,0.120595,126.776902,4.077340
17658000,0.120594,126.776628,4.077332
17659000,0.120594,126.776354,4.077324
17660000,0.120594,126.776080,4.077316
17661000,0.120594,126.775807,4.077307
17662000,0.120593,126.775533,4.077299
17663000,0.120593,126.775260,4.077291
17664000,0.120593,126.774987,4.077283
17665000,0.120593,126.774715,4.077275
17666000,0.120592,126.774442,4.077267
17667000,0.120592,126.774170,4.077259
17668000,0.120592,126.773898,4.077251
17669000,0.120591,126.773627,4.077243
17670000,0.120591,126.773355,4.077235
17671000,0.120591,126.773084,4.077226
17672000,0.120591,126.772813,4.077218
17673000,0.120590,126.772543,4.077210
17674000,0.120590,126.772272,4.077202
17675000,0.120590,126.772002,4.077194
17676000,0.120590,126.771732,4.077186
17677000,0.120589,126.771463,4.077178
17678000,0.120589,126.771193,4.077170
17679000,0.120589,126.770924,4.077162
17680000,0.120589,126.770655,4.077154
17681000,0.120588,126.770386,4.077146
17682000,0.120588,126.770118,4.077138
17683000,0.120588,126.769850,4.077130
17684000,0.120588,126.769582,4.077122
17685000,0.120587,126.769314,4.077114
17686000,0.120587,126.769047,4.077106
17687000,0.120587,126.768779,4.077098
17688000,0.120587,126.768512,4.077090
17689000,0.120586,126.768246,4.077082
17690000,0.120586,126.767979,4.077075
17691000,0.120586,126.767713,4.077067
17692000,0.120586,126.767447,4.077059
17693000,0.120585,126.767181,4.077051
17694000,0.120585,126.766915,4.077043
17695000,0.120585,126.766650,4.077035
17696000,0.120585,126.766385,4.077027
17697000,0.120584,126.766120,4.077019
17698000,0.120584,126.765856,4.077011
17699000,0.120584,126.765591,4.077004
17700000,0.120584,126.765327,4.076996
17701000,0.120584,126.765063,4.076988
17702000,0.120583,126.764800,4.076980
17703000,0.120583,126.764536,4.076972
17704000,0.120583,126.764273,4.076964
17705000,0.120583,126.764010,4.076956
17706000,0.120582,126.763747,4.076949
17707000,0.120582,126.763485,4.076941
17708000,0.120582,126.763223,4.076933
17709000,0.120582,126.762961,4.076925
17710000,0.120581,126.762699,4.076918
17711000,0.120581,126.762437,4.076910
17712000,0.120581,126.762176,4.076902
17713000,0.120581,126.761915,4.076894
17714000,0.120580,126.761654,4.076886
17715000,0.120580,126.761394,4.076879
17716000,0.120580,126.761133,4.076871
17717000,0.120580,126.760873,4.076863
17718000,0.120579,126.760613,4.076855
17719000,0.120579,126.760354,4.076848
17720000,0.120579,126.760094,4.076840
17721000,0.120579,126.759835,4.076832
17722000,0.120578,126.759576,4.076825
17723000,0.120578,126.759318,4.076817
17724000,0.120578,126.759059,4.076809
17725000,0.120578,126.758801,4.076802
17726000,0.120577,126.758543,4.076794
17727000,0.120577,126.758285,4.076786
17728000,0.120577,126.758028,4.076779
17729000,0.120577,126.757770,4.076771
17730000,0.120576,126.757513,4.076763
17731000,0.120576,126.757256,4.076756
17732000,0.120576,126.757000,4.076748
17733000,0.120576,126.756743,4.076740
17734000,0.120576,126.756487,4.076733
17735000,0.120575,126.756231,4.076725
17736000,0.120575,126.755976,4.076718
17737000,0.120575,126.755720,4.076710
17738000,0.120575,126.755465,4.076702
17739000,0.120574,126.755210,4.076695
17740000,0.120574,126.754955,4.076687
17741000,0.120574,126.754701,4.076680
17742000,0.120574,126.754446,4.076672
17743000,0.120573,126.754192,4.076665
17744000,0.120573,126.753939,4.076657
17745000,0.120573,126.753685,4.076650
17746000,0.120573,126.753432,4.076642
17747000,0.120572,126.753178,4.076634
17748000,0.120572,126.752926,4.076627
17749000,0.120572,126.752673,4.076619
17750000,0.120572,126.752420,4.076612
17751000,0.120571,126.752168,4.076604
17752000,0.120571,126.751916,4.076597
17753000,0.120571,126.751664,4.076589
17754000,0.120571,126.751413,4.076582
17755000,0.120571,126.751161,4.076575
17756000,0.120570,126.750910,4.076567
17757000,0.120570,126.750659,4.076560
17758000,0.120570,126.750409,4.076552
17759000,0.120570,126.750158,4.076545
17760000,0.120569,126.749908,4.076537
17761000,0.120569,126.749658,4.076530
17762000,0.120569,126.749408,4.076522
17763000,0.120569,126.749159,4.076515
17764000,0.120568,126.748910,4.076508
17765000,0.120568,126.748661,4.076500
17766000,0.120568,126.748412,4.076493
17767000,0.120568,126.748163,4.076485
17768000,0.120568,126.747915,4.076478
17769000,0.120567,126.747667,4.076471
17770000,0.120567,126.747419,4.076463
17771000,0.120567,126.747171,4.076456
17772000,0.120567,126.746923,4.076449
17773000,0.120566,126.746676,4.076441
17774000,0.120566,126.746429,4.076434
17775000,0.120566,126.746182,4.076427
17776000,0.120566,126.745936,4.076419
17777000,0.120565,126.745689,4.076412
17778000,0.120565,126.745443,4.076405
17779000,0.120565,126.745197,4.076397
17780000,0.120565,126.744951,4.076390
17781000,0.120565,126.744706,4.076383
17782000,0.120564,126.744461,4.076375
17783000,0.120564,126.744216,4.076368
17784000,0.120564,126.743971,4.076361
17785000,0.120564,126.743726,4.076354
17786000,0.120563,126.743482,4.076346
17787000,0.120563,126.743238,4.076339
17788000,0.120563,126.742994,4.076332
17789000,0.120563,126.742750,4.076325
17790000,0.120562,126.742506,4.076317
17791000,0.120562,126.742263,4.076310
17792000,0.120562,126.742020,4.076303
17793000,0.120562,126.741777,4.076296
17794000,0.120562,126.741535,4.076288
17795000,0.120561,126.741292,4.076281
17796000,0.120561,126.741050,4.076274
17797000,0.120561,126.740808,4.076267
17798000,0.120561,126.740566,4.076260
17799000,0.120560,126.740325,4.076253
17800000,0.120560,126.740083,4.076245
17801000,0.120560,126.739842,4.076238
17802000,0.120560,126.739601,4.076231
17803000,0.120560,126.739361,4.076224
17804000,0.120559,126.739120,4.076217
17805000,0.120559,126.738880,4.076210
17806000,0.120559,126.738640,4.076203
17807000,0.120559,126.738400,4.076195
17808000,0.120558,126.738161,4.076188
17809000,0.120558,126.737921,4.076181
17810000,0.120558,126.737682,4.076174
17811000,0.120558,126.737443,4.076167
17812000,0.120558,126.737204,4.076160
17813000,0.120557,126.736966,4.076153
17814000,0.120557,126.736728,4.076146
17815000,0.120557,126.736490,4.076139
17816000,0.120557,126.736252,4.076132
17817000,0.120556,126.736014,4.076125
17818000,0.120556,126.735777,4.076117
17819000,0.120556,126.735540,4.076110
17820000,0.120556,126.735303,4.076103
17821000,0.120556,126.735066,4.076096
17822000,0.120555,126.734829,4.076089
17823000,0.120555,126.734593,4.076082
17824000,0.120555,126.734357,4.076075
17825000,0.120555,126.734121,4.076068
17826000,0.120554,126.733885,4.076061
17827000,0.120554,126.733650,4.076054
17828000,0.120554,126.733414,4.076047
17829000,0.120554,126.733179,4.076040
17830000,0.120554,126.732944,4.076033
17831000,0.120553,126.732710,4.076026
17832000,0.120553,126.732475,4.076019
17833000,0.120553,126.732241,4.076013
17834000,0.120553,126.732007,4.076006
17835000,0.120552,126.731773,4.075999
17836000,0.120552,126.731540,4.075992
17837000,0.120552,126.731306,4.075985
17838000,0.120552,126.731073,4.075978
17839000,0.120552,126.730840,4.075971
17840000,0.120551,126.730607,4.075964
17841000,0.120551,126.730375,4.075957
17842000,0.120551,126.730142,4.075950
17843000,0.120551,126.729910,4.075943
17844000,0.120550,126.729678,4.075936
17845000,0.120550,126.729447,4.075930
17846000,0.120550,126.729215,4.075923
17847000,0.120550,126.728984,4.075916
17848000,0.120550,126.728753,4.075909
17849000,0.120549,126.728522,4.075902
17850000,0.120549,126.728291,4.075895
17851000,0.120549,126.728061,4.075888
17852000,0.120549,126.727831,4.075882
17853000,0.120549,126.727601,4.075875
17854000,0.120548,126.727371,4.075868
17855000,0.120548,126.727141,4.075861
17856000,0.120548,126.726912,4.075854
17857000,0.120548,126.726682,4.075848
17858000,0.120547,126.726453,4.075841
17859000,0.120547,126.726225,4.075834
17860000,0.120547,126.725996,4.075827
17861000,0.120547,126.725768,4.075820
17862000,0.120547,126.725540,4.075814
17863000,0.120546,126.725312,4.075807
17864000,0.120546,126.725084,4.075800
17865000,0.120546,126.724856,4.075793
17866000,0.120546,126.724629,4.075787
17867000,0.120546,126.724402,4.075780
17868000,0.120545,126.724175,4.075773
17869000,0.120545,126.723948,4.075766
17870000,0.120545,126.723722,4.075760
17871000,0.120545,126.723495,4.075753
17872000,0.120545,126.723269,4.075746
17873000,0.120544,126.723043,4.075740
17874000,0.120544,126.722818,4.075733
17875000,0.120544,126.722592,4.075726
17876000,0.120544,126.722367,4.075719
17877000,0.120543,126.722142,4.075713
17878000,0.120543,126.721917,4.075706
17879000,0.120543,126.721692,4.075699
17880000,0.120543,126.721468,4.075693
17881000,0.120543,126.721243,4.075686
17882000,0.120542,126.721019,4.075679
17883000,0.120542,126.720795,4.075673
17884000,0.120542,126.720572,4.075666
17885000,0.120542,126.720348,4.075660
17886000,0.120542,126.720125,4.075653
17887000,0.120541,126.719902,4.075646
17888000,0.120541,126.719679,4.075640
17889000,0.120541,126.719456,4.075633
17890000,0.120541,126.719234,4.075627
17891000,0.120541,126.719012,4.075620
17892000,0.120540,126.718789,4.075613
17893000,0.120540,126.718568,4.075607
17894000,0.120540,126.718346,4.075600
17895000,0.120540,126.718124,4.075594
17896000,0.120540,126.717903,4.075587
17897000,0.120539,126.717682,4.075580
17898000,0.120539,126.717461,4.075574
17899000,0.120539,126.717241,4.075567
17900000,0.120539,126.717020,4.075561
17901000,0.120538,126.716800,4.075554
17902000,0.120538,126.716580,4.075548
17903000,0.120538,126.716360,4.075541
17904000,0.120538,126.716140,4.075535
17905000,0.120538,126.715921,4.075528
17906000,0.120537,126.715702,4.075522
17907000,0.120537,126.715482,4.075515
17908000,0.120537,126.715264,4.075509
17909000,0.120537,126.715045,4.075502
17910000,0.120537,126.714826,4.075496
17911000,0.120536,126.714608,4.075489
17912000,0.120536,126.714390,4.075483
17913000,0.120536,126.714172,4.075476
17914000,0.120536,126.713954,4.075470
17915000,0.120536,126.713737,4.075463
17916000,0.120535,126.713520,4.075457
17917000,0.120535,126.713303,4.075451
17918000,0.120535,126.713086,4.075444
17919000,0.120535,126.712869,4.075438
17920000,0.120535,126.712652,4.075431
17921000,0.120534,126.712436,4.075425
17922000,0.120534,126.712220,4.075418
17923000,0.120534,126.712004,4.075412
17924000,0.120534,126.711788,4.075406
17925000,0.120534,126.711573,4.075399
17926000,0.120533,126.711357,4.075393
17927000,0.120533,126.711142,4.075387
17928000,0.120533,126.710927,4.075380
17929000,0.120533,126.710713,4.075374
17930000,0.120533,126.710498,4.075367
17931000,0.120532,126.710284,4.075361
17932000,0.120532,126.710069,4.075355
17933000,0.120532,126.709855,4.075348
17934000,0.120532,126.709642,4.075342
17935000,0.120532,126.709428,4.075336
17936000,0.120531,126.709215,4.075329
17937000,0.120531,126.709001,4.075323
17938000,0.120531,126.708788,4.075317
17939000,0.120531,126.708576,4.075310
17940000,0.120531,126.708363,4.075304
17941000,0.120530,126.708151,4.075298
17942000,0.120530,126.707938,4.075292
17943000,0.120530,126.707726,4.075285
17944000,0.120530,126.707514,4.075279
17945000,0.120530,126.707303,4.075273
17946000,0.120529,126.707091,4.075266
17947000,0.120529,126.706880,4.075260
17948000,0.120529,126.706669,4.075254
17949000,0.120529,126.706458,4.075248
17950000,0.120529,126.706247,4.075241
17951000,0.120528,126.706037,4.075235
17952000,0.120528,126.705826,4.075229
17953000,0.120528,126.705616,4.075223
17954000,0.120528,126.705406,4.075216
17955000,0.120528,126.705196,4.075210
17956000,0.120527,126.704987,4.075204
17957000,0.120527,126.704777,4.075198
17958000,0.120527,126.704568,4.075192
17959000,0.120527,126.704359,4.075185
17960000,0.120527,126.704150,4.075179
17961000,0.120526,126.703942,4.075173
17962000,0.120526,126.703733,4.075167
17963000,0.120526,126.703525,4.075161
17964000,0.120526,126.703317,4.075155
17965000,0.120526,126.703109,4.075148
17966000,0.120526,126.702901,4.075142
17967000,0.120525,126.702694,4.075136
17968000,0.120525,126.702487,4.075130
17969000,0.120525,126.702280,4.075124
17970000,0.120525,126.702073,4.075118
17971000,0.120525,126.701866,4.075112
17972000,0.120524,126.701659,4.075105
17973000,0.120524,126.701453,4.075099
17974000,0.120524,126.701247,4.075093
17975000,0.120524,126.701041,4.075087
17976000,0.120524,126.700835,4.075081
17977000,0.120523,126.700629,4.075075
17978000,0.120523,126.700424,4.075069
17979000,0.120523,126.700218,4.075063
17980000,0.120523,126.700013,4.075057
17981000,0.120523,126.699809,4.075051
17982000,0.120522,126.699604,4.075045
17983000,0.120522,126.699399,4.075038
17984000,0.120522,126.699195,4.075032
17985000,0.120522,126.698991,4.075026
17986000,0.120522,126.698787,4.075020
17987000,0.120522,126.698583,4.075014
17988000,0.120521,126.698379,4.075008
17989000,0.120521,126.698176,4.075002
17990000,0.120521,126.697973,4.074996
17991000,0.120521,126.697770,4.074990
17992000,0.120521,126.697567,4.074984
17993000,0.120520,126.697364,4.074978
17994000,0.120520,126.697162,4.074972
17995000,0.120520,126.696959,4.074966
17996000,0.120520,126.696757,4.074960
17997000,0.120520,126.696555,4.074954
17998000,0.120519,126.696354,4.074948
17999000,0.120519,126.696152,4.074942
18000000,0.120519,126.695951,4.074936
18001000,0.120519,126.695749,4.074930
18002000,0.120519,126.695548,4.074924
18003000,0.120518,126.695347,4.074918
18004000,0.120518,126.695147,4.074912
18005000,0.120518,126.694946,4.074906
18006000,0.120518,126.694746,4.074901
18007000,0.120518,126.694546,4.074895
18008000,0.120518,126.694346,4.074889
18009000,0.120517,126.694146,4.074883
18010000,0.120517,126.693947,4.074877
18011000,0.120517,126.693747,4.074871
18012000,0.120517,126.693548,4.074865
18013000,0.120517,126.693349,4.074859
18014000,0.120516,126.693150,4.074853
18015000,0.120516,126.692951,4.074847
18016000,0.120516,126.692753,4.074842
18017000,0.120516,126.692554,4.074836
18018000,0.120516,126.692356,4.074830
18019000,0.120516,126.692158,4.074824
18020000,0.120515,126.691961,4.074818
18021000,0.120515,126.691763,4.074812
18022000,0.120515,126.691565,4.074806
18023000,0.120515,126.691368,4.074801
18024000,0.120515,126.691171,4.074795
18025000,0.120514,126.690974,4.074789
18026000,0.120514,126.690778,4.074783
18027000,0.120514,126.690581,4.074777
18028000,0.120514,126.690385,4.074771
18029000,0.120514,126.690188,4.074766
18030000,0.120513,126.689992,4.074760
18031000,0.120513,126.689797,4.074754
18032000,0.120513,126.689601,4.074748
18033000,0.120513,126.689405,4.074742
18034000,0.120513,126.689210,4.074737
18035000,0.120513,126.689015,4.074731
18036000,0.120512,126.688820,4.074725
18037000,0.120512,126.688625,4.074719
18038000,0.120512,126.688431,4.074713
18039000,0.120512,126.688236,4.074708
18040000,0.120512,126.688042,4.074702
18041000,0.120511,126.687848,4.074696
18042000,0.120511,126.687654,4.074690
18043000,0.120511,126.687460,4.074685
18044000,0.120511,126.687267,4.074679
18045000,0.120511,126.687073,4.074673
18046000,0.120511,126.686880,4.074668
18047000,0.120510,126.686687,4.074662
18048000,0.120510,126.686494,4.074656
18049000,0.120510,126.686302,4.074650
18050000,0.120510,126.686109,4.074645
18051000,0.120510,126.685917,4.074639
18052000,0.120510,126.685725,4.074633
18053000,0.120509,126.685533,4.074628
18054000,0.120509,126.685341,4.074622
18055000,0.120509,126.685149,4.074616
18056000,0.120509,126.684958,4.074611
18057000,0.120509,126.684767,4.074605
18058000,0.120508,126.684576,4.074599
18059000,0.120508,126.684385,4.074594
18060000,0.120508,126.684194,4.074588
18061000,0.120508,126.684003,4.074582
18062000,0.120508,126.683813,4.074577
18063000,0.120508,126.683623,4.074571
18064000,0.120507,126.683433,4.074565
18065000,0.120507,126.683243,4.074560
18066000,0.120507,126.683053,4.074554
18067000,0.120507,126.682863,4.074549
18068000,0.120507,126.682674,4.074543
18069000,0.120506,126.682485,4.074537
18070000,0.120506,126.682296,4.074532
18071000,0.120506,126.682107,4.074526
18072000,0.120506,126.681918,4.074521
18073000,0.120506,126.681730,4.074515
18074000,0.120506,126.681541,4.074509
18075000,0.120505,126.681353,4.074504
18076000,0.120505,126.681165,4.074498
18077000,0.120505,126.680977,4.074493
18078000,0.120505,126.680790,4.074487
18079000,0.120505,126.680602,4.074482
18080000,0.120505,126.680415,4.074476
18081000,0.120504,126.680228,4.074471
18082000,0.120504,126.680041,4.074465
18083000,0.120504,126.679854,4.074460
18084000,0.120504,126.679667,4.074454
18085000,0.120504,126.679481,4.074448
18086000,0.120504,126.679294,4.074443
18087000,0.120503,126.679108,4.074437
18088000,0.120503,126.678922,4.074432
18089000,0.120503,126.678736,4.074426
18090000,0.120503,126.678551,4.074421
18091000,0.120503,126.678365,4.074415
18092000,0.120502,126.678180,4.074410
18093000,0.120502,126.677995,4.074404
18094000,0.120502,126.677810,4.074399
18095000,0.120502,126.677625,4.074394
18096000,0.120502,126.677440,4.074388
18097000,0.120502,126.677256,4.074383
18098000,0.120501,126.677071,4.074377
18099000,0.120501,126.676887,4.074372
18100000,0.120501,126.676703,4.074366
18101000,0.120501,126.676519,4.074361
18102000,0.120501,126.676336,4.074355
18103000,0.120501,126.676152,4.074350
18104000,0.120500,126.675969,4.074345
18105000,0.120500,126.675786,4.074339
18106000,0.120500,126.675603,4.074334
18107000,0.120500,126.675420,4.074328
18108000,0.120500,126.675237,4.074323
18109000,0.120500,126.675055,4.074317
18110000,0.120499,126.674873,4.074312
18111000,0.120499,126.674690,4.074307
18112000,0.120499,126.674509,4.074301
18113000,0.120499,126.674327,4.074296
18114000,0.120499,126.674145,4.074291
18115000,0.120499,126.673964,4.074285
18116000,0.120498,126.673782,4.074280
18117000,0.120498,126.673601,4.074274
18118000,0.120498,126.673420,4.074269
18119000,0.120498,126.673239,4.074264
18120000,0.120498,126.673058,4.074258
18121000,0.120498,126.672878,4.074253
18122000,0.120497,126.672698,4.074248
18123000,0.120497,126.672517,4.074242
18124000,0.120497,126.672337,4.074237
18125000,0.120497,126.672158,4.074232
18126000,0.120497,126.671978,4.074226
18127000,0.120497,126.671798,4.074221
18128000,0.120496,126.671619,4.074216
18129000,0.120496,126.671440,4.074210
18130000,0.120496,126.671261,4.074205
18131000,0.120496,126.671082,4.074200
18132000,0.120496,126.670903,4.074195
18133000,0.120496,126.670725,4.074189
18134000,0.120495,126.670546,4.074184
18135000,0.120495,126.670368,4.074179
18136000,0.120495,126.670190,4.074173
18137000,0.120495,126.670012,4.074168
18138000,0.120495,126.669834,4.074163
18139000,0.120495,126.669657,4.074158
18140000,0.120494,126.669479,4.074152
18141000,0.120494,126.669302,4.074147
18142000,0.120494,126.669125,4.074142
18143000,0.120494,126.668948,4.074137
18144000,0.120494,126.668771,4.074131
18145000,0.120494,126.668594,4.074126
18146000,0.120493,126.668418,4.074121
18147000,0.120493,126.668242,4.074116
18148000,0.120493,126.668065,4.074111
18149000,0.120493,126.667889,4.074105
18150000,0.120493,126.667714,4.074100
18151000,0.120493,126.667538,4.074095
18152000,0.120492,126.667362,4.074090
18153000,0.120492,126.667187,4.074085
18154000,0.120492,126.667012,4.074079
18155000,0.120492,126.666837,4.074074
18156000,0.120492,126.666662,4.074069
18157000,0.120492,126.666487,4.074064
18158000,0.120491,126.666313,4.074059
18159000,0.120491,126.666138,4.074054
18160000,0.120491,126.665964,4.074048
18161000,0.120491,126.665790,4.074043
18162000,0.120491,126.665616,4.074038
18163000,0.120491,126.665442,4.074033
18164000,0.120490,126.665268,4.074028
18165000,0.120490,126.665095,4.074023
18166000,0.120490,126.664922,4.074018
18167000,0.120490,126.664749,4.074012
18168000,0.120490,126.664576,4.074007
18169000,0.120490,126.664403,4.074002
18170000,0.120489,126.664230,4.073997
18171000,0.120489,126.664058,4.073992
18172000,0.120489,126.663885,4.073987
18173000,0.120489,126.663713,4.073982
18174000,0.120489,126.663541,4.073977
18175000,0.120489,126.663369,4.073972
18176000,0.120489,126.663197,4.073967
18177000,0.120488,126.663026,4.073962
18178000,0.120488,126.662854,4.073956
18179000,0.120488,126.662683,4.073951
18180000,0.120488,126.662512,4.073946
18181000,0.120488,126.662341,4.073941
18182000,0.120488,126.662170,4.073936
18183000,0.120487,126.661999,4.073931
18184000,0.120487,126.661829,4.073926
18185000,0.120487,126.661658,4.073921
18186000,0.120487,126.661488,4.073916
18187000,0.120487,126.661318,4.073911
18188000,0.120487,126.661148,4.073906
18189000,0.120486,126.660979,4.073901
18190000,0.120486,126.660809,4.073896
18191000,0.120486,126.660640,4.073891
18192000,0.120486,126.660470,4.073886
18193000,0.120486,126.660301,4.073881
18194000,0.120486,126.660132,4.073876
18195000,0.120486,126.659963,4.073871
18196000,0.120485,126.659795,4.073866
18197000,0.120485,126.659626,4.073861
18198000,0.120485,126.659458,4.073856
18199000,0.120485,126.659290,4.073851
18200000,0.120485,126.659122,4.073846
18201000,0.120485,126.658954,4.073841
18202000,0.120484,126.658786,4.073836
18203000,0.120484,126.658618,4.073831
18204000,0.120484,126.658451,4.073826
18205000,0.120484,126.658284,4.073821
18206000,0.120484,126.658116,4.073816
18207000,0.120484,126.657949,4.073811
18208000,0.120483,126.657783,4.073806
18209000,0.120483,126.657616,4.073801
18210000,0.120483,126.657449,4.073797
18211000,0.120483,126.657283,4.073792
18212000,0.120483,126.657117,4.073787
18213000,0.120483,126.656951,4.073782
18214000,0.120483,126.656785,4.073777
18215000,0.120482,126.656619,4.073772
18216000,0.120482,126.656453,4.073767
18217000,0.120482,126.656288,4.073762
18218000,0.120482,126.656123,4.073757
18219000,0.120482,126.655957,4.073752
18220000,0.120482,126.655792,4.073748
18221000,0.120481,126.655627,4.073743
18222000,0.120481,126.655463,4.073738
18223000,0.120481,126.655298,4.073733
18224000,0.120481,126.655134,4.073728
18225000,0.120481,126.654969,4.073723
18226000,0.120481,126.654805,4.073718
18227000,0.120481,126.654641,4.073714
18228000,0.120480,126.654477,4.073709
18229000,0.120480,126.654314,4.073704
18230000,0.120480,126.654150,4.073699
18231000,0.120480,126.653987,4.073694
18232000,0.120480,126.653823,4.073689
18233000,0.120480,126.653660,4.073684
18234000,0.120479,126.653497,4.073680
18235000,0.120479,126.653335,4.073675
18236000,0.120479,126.653172,4.073670
18237000,0.120479,126.653009,4.073665
18238000,0.120479,126.652847,4.073660
18239000,0.120479,126.652685,4.073656
18240000,0.120479,126.652523,4.073651
18241000,0.120478,126.652361,4.073646
18242000,0.120478,126.652199,4.073641
18243000,0.120478,126.652037,4.073637
18244000,0.120478,126.651876,4.073632
18245000,0.120478,126.651715,4.073627
18246000,0.120478,126.651553,4.073622
18247000,0.120478,126.651392,4.073617
18248000,0.120477,126.651231,4.073613
18249000,0.120477,126.651071,4.073608
18250000,0.120477,126.650910,4.073603
18251000,0.120477,126.650750,4.073598
18252000,0.120477,126.650589,4.073594
18253000,0.120477,126.650429,4.073589
18254000,0.120476,126.650269,4.073584
18255000,0.120476,126.650109,4.073579
18256000,0.120476,126.649949,4.073575
18257000,0.120476,126.649790,4.073570
18258000,0.120476,126.649630,4.073565
18259000,0.120476,126.649471,4.073561
18260000,0.120476,126.649312,4.073556
18261000,0.120475,126.649153,4.073551
18262000,0.120475,126.648994,4.073547
18263000,0.120475,126.648835,4.073542
18264000,0.120475,126.648677,4.073537
18265000,0.120475,126.648518,4.073532
18266000,0.120475,126.648360,4.073528
18267000,0.120475,126.648202,4.073523
18268000,0.120474,126.648044,4.073518
18269000,0.120474,126.647886,4.073514
18270000,0.120474,126.647728,4.073509
18271000,0.120474,126.647570,4.073504
18272000,0.120474,126.647413,4.073500
18273000,0.120474,126.647256,4.073495
18274000,0.120474,126.647099,4.073490
18275000,0.120473,126.646942,4.073486
18276000,0.120473,126.646785,4.073481
18277000,0.120473,126.646628,4.073477
18278000,0.120473,126.646471,4.073472
18279000,0.120473,126.646315,4.073467
18280000,0.120473,126.646159,4.073463
18281000,0.120473,126.646002,4.073458
18282000,0.120472,126.645846,4.073453
18283000,0.120472,126.645691,4.073449
18284000,0.120472,126.645535,4.073444
18285000,0.120472,126.645379,4.073440
18286000,0.120472,126.645224,4.073435
18287000,0.120472,126.645068,4.073430
18288000,0.120471,126.644913,4.073426
18289000,0.120471,126.644758,4.073421
18290000,0.120471,126.644603,4.073417
18291000,0.120471,126.644449,4.073412
18292000,0.120471,126.644294,4.073408
18293000,0.120471,126.644139,4.073403
18294000,0.120471,126.643985,4.073398
18295000,0.120470,126.643831,4.073394
18296000,0.120470,126.643677,4.073389
18297000,0.120470,126.643523,4.073385
18298000,0.120470,126.643369,4.073380
18299000,0.120470,126.643215,4.073376
18300000,0.120470,126.643062,4.073371
18301000,0.120470,126.642909,4.073367
18302000,0.120469,126.642755,4.073362
18303000,0.120469,126.642602,4.073358
18304000,0.120469,126.642449,4.073353
18305000,0.120469,126.642297,4.073349
18306000,0.120469,126.642144,4.073344
18307000,0.120469,126.641991,4.073340
18308000,0.120469,126.641839,4.073335
18309000,0.120468,126.641687,4.073331
18310000,0.120468,126.641535,4.073326
18311000,0.120468,126.641383,4.073322
18312000,0.120468,126.641231,4.073317
18313000,0.120468,126.641079,4.073313
18314000,0.120468,126.640927,4.073308
18315000,0.120468,126.640776,4.073304
18316000,0.120467,126.640625,4.073299
18317000,0.120467,126.640474,4.073295
18318000,0.120467,126.640323,4.073290
18319000,0.120467,126.640172,4.073286
18320000,0.120467,126.640021,4.073281
18321000,0.120467,126.639870,4.073277
18322000,0.120467,126.639720,4.073272
18323000,0.120467,126.639569,4.073268
18324000,0.120466,126.639419,4.073264
18325000,0.120466,126.639269,4.073259
18326000,0.120466,126.639119,4.073255
18327000,0.120466,126.638969,4.073250
18328000,0.120466,126.638820,4.073246
18329000,0.120466,126.638670,4.073241
18330000,0.120466,126.638521,4.073237
18331000,0.120465,126.638372,4.073233
18332000,0.120465,126.638223,4.073228
18333000,0.120465,126.638074,4.073224
18334000,0.120465,126.637925,4.073219
18335000,0.120465,126.637776,4.073215
18336000,0.120465,126.637627,4.073211
18337000,0.120465,126.637479,4.073206
18338000,0.120464,126.637331,4.073202
18339000,0.120464,126.637182,4.073197
18340000,0.120464,126.637034,4.073193
18341000,0.120464,126.636887,4.073189
18342000,0.120464,126.636739,4.073184
18343000,0.120464,126.636591,4.073180
18344000,0.120464,126.636444,4.073176
18345000,0.120463,126.636296,4.073171
18346000,0.120463,126.636149,4.073167
18347000,0.120463,126.636002,4.073162
18348000,0.120463,126.635855,4.073158
18349000,0.120463,126.635708,4.073154
18350000,0.120463,126.635561,4.073149
18351000,0.120463,126.635415,4.073145
18352000,0.120463,126.635268,4.073141
18353000,0.120462,126.635122,4.073137
18354000,0.120462,126.634976,4.073132
18355000,0.120462,126.634830,4.073128
18356000,0.120462,126.634684,4.073124
18357000,0.120462,126.634538,4.073119
18358000,0.120462,126.634393,4.073115
18359000,0.120462,126.634247,4.073111
18360000,0.120461,126.634102,4.073106
18361000,0.120461,126.633956,4.073102
18362000,0.120461,126.633811,4.073098
18363000,0.120461,126.633666,4.073093
18364000,0.120461,126.633521,4.073089
18365000,0.120461,126.633377,4.073085
18366000,0.120461,126.633232,4.073081
18367000,0.120460,126.633088,4.073076
18368000,0.120460,126.632943,4.073072
18369000,0.120460,126.632799,4.073068
18370000,0.120460,126.632655,4.073064
18371000,0.120460,126.632511,4.073059
18372000,0.120460,126.632367,4.073055
18373000,0.120460,126.632224,4.073051
18374000,0.120460,126.632080,4.073047
18375000,0.120459,126.631937,4.073042
18376000,0.120459,126.631793,4.073038
18377000,0.120459,126.631650,4.073034
18378000,0.120459,126.631507,4.073030
18379000,0.120459,126.631364,4.073025
18380000,0.120459,126.631221,4.073021
18381000,0.120459,126.631079,4.073017
18382000,0.120458,126.630936,4.073013
18383000,0.120458,126.630794,4.073009
18384000,0.120458,126.630652,4.073004
18385000,0.120458,126.630510,4.073000
18386000,0.120458,126.630368,4.072996
18387000,0.120458,126.630226,4.072992
18388000,0.120458,126.630084,4.072988
18389000,0.120458,126.629942,4.072983
18390000,0.120457,126.629801,4.072979
18391000,0.120457,126.629659,4.072975
18392000,0.120457,126.629518,4.072971
18393000,0.120457,126.629377,4.072967
18394000,0.120457,126.629236,4.072963
18395000,0.120457,126.629095,4.072958
18396000,0.120457,126.628955,4.072954
18397000,0.120456,126.628814,4.072950
18398000,0.120456,126.628674,4.072946
18399000,0.120456,126.628533,4.072942
18400000,0.120456,126.628393,4.072938
18401000,0.120456,126.628253,4.072934
18402000,0.120456,126.628113,4.072929
18403000,0.120456,126.627973,4.072925
18404000,0.120456,126.627833,4.072921
18405000,0.120455,126.627694,4.072917
18406000,0.120455,126.627554,4.072913
18407000,0.120455,126.627415,4.072909
18408000,0.120455,126.627276,4.072905
18409000,0.120455,126.627137,4.072901
18410000,0.120455,126.626998,4.072896
18411000,0.120455,126.626859,4.072892
18412000,0.120455,126.626720,4.072888
18413000,0.120454,126.626582,4.072884
18414000,0.120454,126.626443,4.072880
18415000,0.120454,126.626305,4.072876
18416000,0.120454,126.626167,4.072872
18417000,0.120454,126.626029,4.072868
18418000,0.120454,126.625891,4.072864
18419000,0.120454,126.625753,4.072860
18420000,0.120454,126.625615,4.072856
18421000,0.120453,126.625478,4.072852
18422000,0.120453,126.625340,4.072847
18423000,0.120453,126.625203,4.072843
18424000,0.120453,126.625066,4.072839
18425000,0.120453,126.624929,4.072835
18426000,0.120453,126.624792,4.072831
18427000,0.120453,126.624655,4.072827
18428000,0.120452,126.624518,4.072823
18429000,0.120452,126.624382,4.072819
18430000,0.120452,126.624245,4.072815
18431000,0.120452,126.624109,4.072811
18432000,0.120452,126.623973,4.072807
18433000,0.120452,126.623837,4.072803
18434000,0.120452,126.623701,4.072799
18435000,0.120452,126.623565,4.072795
18436000,0.120451,126.623429,4.072791
18437000,0.120451,126.623294,4.072787
18438000,0.120451,126.623158,4.072783
18439000,0.120451,126.623023,4.072779
18440000,0.120451,126.622888,4.072775
18441000,0.120451,126.622752,4.072771
18442000,0.120451,126.622617,4.072767
18443000,0.120451,126.622483,4.072763
18444000,0.120450,126.622348,4.072759
18445000,0.120450,126.622213,4.072755
18446000,0.120450,126.622079,4.072751
18447000,0.120450,126.621944,4.072747
18448000,0.120450,126.621810,4.072743
18449000,0.120450,126.621676,4.072739
18450000,0.120450,126.621542,4.072735
18451000,0.120450,126.621408,4.072731
18452000,0.120449,126.621274,4.072727
18453000,0.120449,126.621141,4.072723
18454000,0.120449,126.621007,4.072720
18455000,0.120449,126.620874,4.072716
18456000,0.120449,126.620741,4.072712
18457000,0.120449,126.620607,4.072708
18458000,0.120449,126.620474,4.072704
18459000,0.120449,126.620341,4.072700
18460000,0.120448,126.620209,4.072696
18461000,0.120448,126.620076,4.072692
18462000,0.120448,126.619943,4.072688
18463000,0.120448,126.619811,4.072684
18464000,0.120448,126.619679,4.072680
18465000,0.120448,126.619547,4.072676
18466000,0.120448,126.619414,4.072672
18467000,0.120448,126.619283,4.072669
18468000,0.120447,126.619151,4.072665
18469000,0.120447,126.619019,4.072661
18470000,0.120447,126.618887,4.072657
18471000,0.120447,126.618756,4.072653
18472000,0.120447,126.618625,4.072649
18473000,0.120447,126.618493,4.072645
18474000,0.120447,126.618362,4.072641
18475000,0.120447,126.618231,4.072638
18476000,0.120447,126.618100,4.072634
18477000,0.120446,126.617970,4.072630
18478000,0.120446,126.617839,4.072626
18479000,0.120446,126.617708,4.072622
18480000,0.120446,126.617578,4.072618
18481000,0.120446,126.617448,4.072614
18482000,0.120446,126.617318,4.072611
18483000,0.120446,126.617187,4.072607
18484000,0.120446,126.617058,4.072603
18485000,0.120445,126.616928,4.072599
18486000,0.120445,126.616798,4.072595
18487000,0.120445,126.616668,4.072591
18488000,0.120445,126.616539,4.072588
18489000,0.120445,126.616410,4.072584
18490000,0.120445,126.616280,4.072580
18491000,0.120445,126.616151,4.072576
18492000,0.120445,126.616022,4.072572
18493000,0.120444,126.615893,4.072568
18494000,0.120444,126.615765,4.072565
18495000,0.120444,126.615636,4.072561
18496000,0.120444,126.615507,4.072557
18497000,0.120444,126.615379,4.072553
18498000,0.120444,126.615251,4.072549
18499000,0.120444,126.615123,4.072546
18500000,0.120444,126.614995,4.072542
18501000,0.120443,126.614867,4.072538
18502000,0.120443,126.614739,4.072534
18503000,0.120443,126.614611,4.072531
18504000,0.120443,126.614483,4.072527
18505000,0.120443,126.614356,4.072523
18506000,0.120443,126.614229,4.072519
18507000,0.120443,126.614101,4.072516
18508000,0.120443,126.613974,4.072512
18509000,0.120443,126.613847,4.072508
18510000,0.120442,126.613720,4.072504
18511000,0.120442,126.613593,4.072501
18512000,0.120442,126.613467,4.072497
18513000,0.120442,126.613340,4.072493
18514000,0.120442,126.613214,4.072489
18515000,0.120442,126.613087,4.072486
18516000,0.120442,126.612961,4.072482
18517000,0.120442,126.612835,4.072478
18518000,0.120441,126.612709,4.072474
18519000,0.120441,126.612583,4.072471
18520000,0.120441,126.612457,4.072467
18521000,0.120441,126.612332,4.072463
18522000,0.120441,126.612206,4.072460
18523000,0.120441,126.612081,4.072456
18524000,0.120441,126.611956,4.072452
18525000,0.120441,126.611830,4.072448
18526000,0.120441,126.611705,4.072445
18527000,0.120440,126.611580,4.072441
18528000,0.120440,126.611455,4.072437
18529000,0.120440,126.611331,4.072434
18530000,0.120440,126.611206,4.072430
18531000,0.120440,126.611082,4.072426
18532000,0.120440,126.610957,4.072423
18533000,0.120440,126.610833,4.072419
18534000,0.120440,126.610709,4.072415
18535000,0.120440,126.610585,4.072412
18536000,0.120439,126.610461,4.072408
18537000,0.120439,126.610337,4.072404
18538000,0.120439,126.610213,4.072401
18539000,0.120439,126.610089,4.072397
18540000,0.120439,126.609966,4.072393
18541000,0.120439,126.609843,4.072390
18542000,0.120439,126.609719,4.072386
18543000,0.120439,126.609596,4.072383
18544000,0.120438,126.609473,4.072379
18545000,0.120438,126.609350,4.072375
18546000,0.120438,126.609227,4.072372
18547000,0.120438,126.609105,4.072368
18548000,0.120438,126.608982,4.072364
18549000,0.120438,126.608859,4.072361
18550000,0.120438,126.608737,4.072357
18551000,0.120438,126.608615,4.072354
18552000,0.120438,126.608493,4.072350
18553000,0.120437,126.608371,4.072346
18554000,0.120437,126.608249,4.072343
18555000,0.120437,126.608127,4.072339
18556000,0.120437,126.608005,4.072336
18557000,0.120437,126.607883,4.072332
18558000,0.120437,126.607762,4.072328
18559000,0.120437,126.607641,4.072325
18560000,0.120437,126.607519,4.072321
18561000,0.120437,126.607398,4.072318
18562000,0.120436,126.607277,4.072314
18563000,0.120436,126.607156,4.072310
18564000,0.120436,126.607035,4.072307
18565000,0.120436,126.606914,4.072303
18566000,0.120436,126.606794,4.072300
18567000,0.120436,126.606673,4.072296
18568000,0.120436,126.606553,4.072293
18569000,0.120436,126.606433,4.072289
18570000,0.120436,126.606312,4.072286
18571000,0.120435,126.606192,4.072282
18572000,0.120435,126.606072,4.072278
18573000,0.120435,126.605952,4.072275
18574000,0.120435,126.605833,4.072271
18575000,0.120435,126.605713,4.072268
18576000,0.120435,126.605594,4.072264
18577000,0.120435,126.605474,4.072261
18578000,0.120435,126.605355,4.072257
18579000,0.120435,126.605236,4.072254
18580000,0.120434,126.605116,4.072250
18581000,0.120434,126.604997,4.072247
18582000,0.120434,126.604879,4.072243
18583000,0.120434,126.604760,4.072240
18584000,0.120434,126.604641,4.072236
18585000,0.120434,126.604523,4.072233
18586000,0.120434,126.604404,4.072229
18587000,0.120434,126.604286,4.072226
18588000,0.120434,126.604167,4.072222
18589000,0.120433,126.604049,4.072219
18590000,0.120433,126.603931,4.072215
18591000,0.120433,126.603813,4.072212
18592000,0.120433,126.603696,4.072208
18593000,0.120433,126.603578,4.072205
18594000,0.120433,126.603460,4.072201
18595000,0.120433,126.603343,4.072198
18596000,0.120433,126.603225,4.072194
18597000,0.120433,126.603108,4.072191
18598000,0.120432,126.602991,4.072188
18599000,0.120432,126.602874,4.072184
18600000,0.120432,126.602757,4.072181
18601000,0.120432,126.602640,4.072177
18602000,0.120432,126.602523,4.072174
18603000,0.120432,126.602407,4.072170
18604000,0.120432,126.602290,4.072167
18605000,0.120432,126.602174,4.072163
18606000,0.120432,126.602057,4.072160
18607000,0.120431,126.601941,4.072157
18608000,0.120431,126.601825,4.072153
18609000,0.120431,126.601709,4.072150
18610000,0.120431,126.601593,4.072146
18611000,0.120431,126.601477,4.072143
18612000,0.120431,126.601361,4.072139
18613000,0.120431,126.601246,4.072136
18614000,0.120431,126.601130,4.072133
18615000,0.120431,126.601015,4.072129
18616000,0.120430,126.600900,4.072126
18617000,0.120430,126.600784,4.072122
18618000,0.120430,126.600669,4.072119
18619000,0.120430,126.600554,4.072116
18620000,0.120430,126.600440,4.072112
18621000,0.120430,126.600325,4.072109
18622000,0.120430,126.600210,4.072105
18623000,0.120430,126.600096,4.072102
18624000,0.120430,126.599981,4.072099
18625000,0.120430,126.599867,4.072095
18626000,0.120429,126.599753,4.072092
18627000,0.120429,126.599638,4.072089
18628000,0.120429,126.599524,4.072085
18629000,0.120429,126.599410,4.072082
18630000,0.120429,126.599297,4.072078
18631000,0.120429,126.599183,4.072075
18632000,0.120429,126.599069,4.072072
18633000,0.120429,126.598956,4.072068
18634000,0.120429,126.598842,4.072065
18635000,0.120428,126.598729,4.072062
18636000,0.120428,126.598616,4.072058
18637000,0.120428,126.598503,4.072055
18638000,0.120428,126.598390,4.072052
18639000,0.120428,126.598277,4.072048
18640000,0.120428,126.598164,4.072045
18641000,0.120428,126.598051,4.072042
18642000,0.120428,126.597939,4.072038
18643000,0.120428,126.597826,4.072035
18644000,0.120428,126.597714,4.072032
18645000,0.120427,126.597601,4.072028
18646000,0.120427,126.597489,4.072025
18647000,0.120427,126.597377,4.072022
18648000,0.120427,126.597265,4.072018
18649000,0.120427,126.597153,4.072015
18650000,0.120427,126.597041,4.072012
18651000,0.120427,126.596930,4.072009
18652000,0.120427,126.596818,4.072005
18653000,0.120427,126.596707,4.072002
18654000,0.120426,126.596595,4.071999
18655000,0.120426,126.596484,4.071995
18656000,0.120426,126.596373,4.071992
18657000,0.120426,126.596262,4.071989
18658000,0.120426,126.596151,4.071986
18659000,0.120426,126.596040,4.071982
18660000,0.120426,126.595929,4.071979
18661000,0.120426,126.595818,4.071976
18662000,0.120426,126.595708,4.071973
18663000,0.120426,126.595597,4.071969
18664000,0.120425,126.595487,4.071966
18665000,0.120425,126.595377,4.071963
18666000,0.120425,126.595267,4.071960
18667000,0.120425,126.595156,4.071956
18668000,0.120425,126.595046,4.071953
18669000,0.120425,126.594937,4.071950
18670000,0.120425,126.594827,4.071947
18671000,0.120425,126.594717,4.071943
18672000,0.120425,126.594608,4.071940
18673000,0.120425,126.594498,4.071937
18674000,0.120424,126.594389,4.071934
18675000,0.120424,126.594279,4.071930
18676000,0.120424,126.594170,4.071927
18677000,0.120424,126.594061,4.071924
18678000,0.120424,126.593952,4.071921
18679000,0.120424,126.593843,4.071918
18680000,0.120424,126.593734,4.071914
18681000,0.120424,126.593626,4.071911
18682000,0.120424,126.593517,4.071908
18683000,0.120424,126.593409,4.071905
18684000,0.120423,126.593300,4.071901
18685000,0.120423,126.593192,4.071898
18686000,0.120423,126.593084,4.071895
18687000,0.120423,126.592976,4.071892
18688000,0.120423,126.592868,4.071889
18689000,0.120423,126.592760,4.071886
18690000,0.120423,126.592652,4.071882
18691000,0.120423,126.592544,4.071879
18692000,0.120423,126.592437,4.071876
18693000,0.120423,126.592329,4.071873
18694000,0.120422,126.592222,4.071870
18695000,0.120422,126.592114,4.071866
18696000,0.120422,126.592007,4.071863
18697000,0.120422,126.591900,4.071860
18698000,0.120422,126.591793,4.071857
18699000,0.120422,126.591686,4.071854
18700000,0.120422,126.591579,4.071851
18701000,0.120422,126.591473,4.071848
18702000,0.120422,126.591366,4.071844
18703000,0.120422,126.591259,4.071841
18704000,0.120421,126.591153,4.071838
18705000,0.120421,126.591047,4.071835
18706000,0.120421,126.590940,4.071832
18707000,0.120421,126.590834,4.071829
18708000,0.120421,126.590728,4.071826
18709000,0.120421,126.590622,4.071822
18710000,0.120421,126.590516,4.071819
18711000,0.120421,126.590410,4.071816
18712000,0.120421,126.590305,4.071813
18713000,0.120421,126.590199,4.071810
18714000,0.120420,126.590094,4.071807
18715000,0.120420,126.589988,4.071804
18716000,0.120420,126.589883,4.071801
18717000,0.120420,126.589778,4.071798
18718000,0.120420,126.589673,4.071794
18719000,0.120420,126.589568,4.071791
18720000,0.120420,126.589463,4.071788
18721000,0.120420,126.589358,4.071785
18722000,0.120420,126.589253,4.071782
18723000,0.120420,126.589149,4.071779
18724000,0.120419,126.589044,4.071776
18725000,0.120419,126.588940,4.071773
18726000,0.120419,126.588835,4.071770
18727000,0.120419,126.588731,4.071767
18728000,0.120419,126.588627,4.071764
18729000,0.120419,126.588523,4.071760
18730000,0.120419,126.588419,4.071757
18731000,0.120419,126.588315,4.071754
18732000,0.120419,126.588211,4.071751
18733000,0.120419,126.588108,4.071748
18734000,0.120418,126.588004,4.071745
18735000,0.120418,126.587900,4.071742
18736000,0.120418,126.587797,4.071739
18737000,0.120418,126.587694,4.071736
18738000,0.120418,126.587590,4.071733
18739000,0.120418,126.587487,4.071730
18740000,0.120418,126.587384,4.071727
18741000,0.120418,126.587281,4.071724
18742000,0.120418,126.587179,4.071721
18743000,0.120418,126.587076,4.071718
18744000,0.120418,126.586973,4.071715
18745000,0.120417,126.586871,4.071712
18746000,0.120417,126.586768,4.071709
18747000,0.120417,126.586666,4.071706
18748000,0.120417,126.586563,4.071703
18749000,0.120417,126.586461,4.071700
18750000,0.120417,126.586359,4.071697
18751000,0.120417,126.586257,4.071694
18752000,0.120417,126.586155,4.071691
18753000,0.120417,126.586053,4.071688
18754000,0.120417,126.585952,4.071685
18755000,0.120416,126.585850,4.071682
18756000,0.120416,126.585748,4.071679
18757000,0.120416,126.585647,4.071676
18758000,0.120416,126.585546,4.071673
18759000,0.120416,126.585444,4.071670
18760000,0.120416,126.585343,4.071667
18761000,0.120416,126.585242,4.071664
18762000,0.120416,126.585141,4.071661
18763000,0.120416,126.585040,4.071658
18764000,0.120416,126.584939,4.071655
18765000,0.120416,126.584839,4.071652
18766000,0.120415,126.584738,4.071649
18767000,0.120415,126.584637,4.071646
18768000,0.120415,126.584537,4.071643
18769000,0.120415,126.584437,4.071640
18770000,0.120415,126.584336,4.071637
18771000,0.120415,126.584236,4.071634
18772000,0.120415,126.584136,4.071631
18773000,0.120415,126.584036,4.071628
18774000,0.120415,126.583936,4.071625
18775000,0.120415,126.583836,4.071622
18776000,0.120415,126.583737,4.071619
18777000,0.120414,126.583637,4.071616
18778000,0.120414,126.583538,4.071613
18779000,0.120414,126.583438,4.071610
18780000,0.120414,126.583339,4.071608
18781000,0.120414,126.583239,4.071605
18782000,0.120414,126.583140,4.071602
18783000,0.120414,126.583041,4.071599
18784000,0.120414,126.582942,4.071596
18785000,0.120414,126.582843,4.071593
18786000,0.120414,126.582744,4.071590
18787000,0.120413,126.582646,4.071587
18788000,0.120413,126.582547,4.071584
18789000,0.120413,126.582448,4.071581
18790000,0.120413,126.582350,4.071578
18791000,0.120413,126.582252,4.071575
18792000,0.120413,126.582153,4.071573
18793000,0.120413,126.582055,4.071570
18794000,0.120413,126.581957,4.071567
18795000,0.120413,126.581859,4.071564
18796000,0.120413,126.581761,4.071561
18797000,0.120413,126.581663,4.071558
18798000,0.120412,126.581566,4.071555
18799000,0.120412,126.581468,4.071552
18800000,0.120412,126.581370,4.071549
18801000,0.120412,126.581273,4.071547
18802000,0.120412,126.581175,4.071544
18803000,0.120412,126.581078,4.071541
18804000,0.120412,126.580981,4.071538
18805000,0.120412,126.580884,4.071535
18806000,0.120412,126.580787,4.071532
18807000,0.120412,126.580690,4.071529
18808000,0.120412,126.580593,4.071526
18809000,0.120411,126.580496,4.071524
18810000,0.120411,126.580399,4.071521
18811000,0.120411,126.580303,4.071518
18812000,0.120411,126.580206,4.071515
18813000,0.120411,126.580110,4.071512
18814000,0.120411,126.580013,4.071509
18815000,0.120411,126.579917,4.071507
18816000,0.120411,126.579821,4.071504
18817000,0.120411,126.579725,4.071501
18818000,0.120411,126.579629,4.071498
18819000,0.120411,126.579533,4.071495
18820000,0.120411,126.579437,4.071492
18821000,0.120410,126.579341,4.071490
18822000,0.120410,126.579246,4.071487
18823000,0.120410,126.579150,4.071484
18824000,0.120410,126.579055,4.071481
18825000,0.120410,126.578959,4.071478
18826000,0.120410,126.578864,4.071475
18827000,0.120410,126.578769,4.071473
18828000,0.120410,126.578674,4.071470
18829000,0.120410,126.578579,4.071467
18830000,0.120410,126.578484,4.071464
18831000,0.120410,126.578389,4.071461
18832000,0.120409,126.578294,4.071459
18833000,0.120409,126.578199,4.071456
18834000,0.120409,126.578105,4.071453
18835000,0.120409,126.578010,4.071450
18836000,0.120409,126.577916,4.071448
18837000,0.120409,126.577821,4.071445
18838000,0.120409,126.577727,4.071442
18839000,0.120409,126.577633,4.071439
18840000,0.120409,126.577539,4.071436
18841000,0.120409,126.577445,4.071434
18842000,0.120409,126.577351,4.071431
18843000,0.120408,126.577257,4.071428
18844000,0.120408,126.577163,4.071425
18845000,0.120408,126.577070,4.071423
18846000,0.120408,126.576976,4.071420
18847000,0.120408,126.576882,4.071417
18848000,0.120408,126.576789,4.071414
18849000,0.120408,126.576696,4.071411
18850000,0.120408,126.576602,4.071409
18851000,0.120408,126.576509,4.071406
18852000,0.120408,126.576416,4.071403
18853000,0.120408,126.576323,4.071401
18854000,0.120408,126.576230,4.071398
18855000,0.120407,126.576137,4.071395
18856000,0.120407,126.576045,4.071392
18857000,0.120407,126.575952,4.071390
18858000,0.120407,126.575859,4.071387
18859000,0.120407,126.575767,4.071384
18860000,0.120407,126.575674,4.071381
18861000,0.120407,126.575582,4.071379
18862000,0.120407,126.575490,4.071376
18863000,0.120407,126.575398,4.071373
18864000,0.120407,126.575306,4.071370
18865000,0.120407,126.575214,4.071368
18866000,0.120406,126.575122,4.071365
18867000,0.120406,126.575030,4.071362
18868000,0.120406,126.574938,4.071360
18869000,0.120406,126.574847,4.071357
18870000,0.120406,126.574755,4.071354
18871000,0.120406,126.574663,4.071352
18872000,0.120406,126.574572,4.071349
18873000,0.120406,126.574481,4.071346
18874000,0.120406,126.574389,4.071343
18875000,0.120406,126.574298,4.071341
18876000,0.120406,126.574207,4.071338
18877000,0.120406,126.574116,4.071335
18878000,0.120405,126.574025,4.071333
18879000,0.120405,126.573934,4.071330
18880000,0.120405,126.573844,4.071327
18881000,0.120405,126.573753,4.071325
18882000,0.120405,126.573662,4.071322
18883000,0.120405,126.573572,4.071319
18884000,0.120405,126.573482,4.071317
18885000,0.120405,126.573391,4.071314
18886000,0.120405,126.573301,4.071311
18887000,0.120405,126.573211,4.071309
18888000,0.120405,126.573121,4.071306
18889000,0.120405,126.573031,4.071303
18890000,0.120404,126.572941,4.071301
18891000,0.120404,126.572851,4.071298
18892000,0.120404,126.572761,4.071295
18893000,0.120404,126.572671,4.071293
18894000,0.120404,126.572582,4.071290
18895000,0.120404,126.572492,4.071287
18896000,0.120404,126.572403,4.071285
18897000,0.120404,126.572313,4.071282
18898000,0.120404,126.572224,4.071280
18899000,0.120404,126.572135,4.071277
18900000,0.120404,126.572046,4.071274
18901000,0.120404,126.571957,4.071272
18902000,0.120403,126.571868,4.071269
18903000,0.120403,126.571779,4.071266
18904000,0.120403,126.571690,4.071264
18905000,0.120403,126.571601,4.071261
18906000,0.120403,126.571513,4.071259
18907000,0.120403,126.571424,4.071256
18908000,0.120403,126.571336,4.071253
18909000,0.120403,126.571247,4.071251
18910000,0.120403,126.571159,4.071248
18911000,0.120403,126.571071,4.071246
18912000,0.120403,126.570983,4.071243
18913000,0.120403,126.570895,4.071240
18914000,0.120402,126.570807,4.071238
18915000,0.120402,126.570719,4.071235
18916000,0.120402,126.570631,4.071233
18917000,0.120402,126.570543,4.071230
18918000,0.120402,126.570455,4.071227
18919000,0.120402,126.570368,4.071225
18920000,0.120402,126.570280,4.071222
18921000,0.120402,126.570193,4.071220
18922000,0.120402,126.570105,4.071217
18923000,0.120402,126.570018,4.071215
18924000,0.120402,126.569931,4.071212
18925000,0.120402,126.569844,4.071209
18926000,0.120401,126.569757,4.071207
18927000,0.120401,126.569670,4.071204
18928000,0.120401,126.569583,4.071202
18929000,0.120401,126.569496,4.071199
18930000,0.120401,126.569409,4.071197
18931000,0.120401,126.569323,4.071194
18932000,0.120401,126.569236,4.071191
18933000,0.120401,126.569150,4.071189
18934000,0.120401,126.569063,4.071186
18935000,0.120401,126.568977,4.071184
18936000,0.120401,126.568891,4.071181
18937000,0.120401,126.568804,4.071179
18938000,0.120401,126.568718,4.071176
18939000,0.120400,126.568632,4.071174
18940000,0.120400,126.568546,4.071171
18941000,0.120400,126.568460,4.071169
18942000,0.120400,126.568375,4.071166
18943000,0.120400,126.568289,4.071163
18944000,0.120400,126.568203,4.071161
18945000,0.120400,126.568118,4.071158
18946000,0.120400,126.568032,4.071156
18947000,0.120400,126.567947,4.071153
18948000,0.120400,126.567861,4.071151
18949000,0.120400,126.567776,4.071148
18950000,0.120400,126.567691,4.071146
18951000,0.120399,126.567606,4.071143
18952000,0.120399,126.567521,4.071141
18953000,0.120399,126.567436,4.071138
18954000,0.120399,126.567351,4.071136
18955000,0.120399,126.567266,4.071133
18956000,0.120399,126.567182,4.071131
18957000,0.120399,126.567097,4.071128
18958000,0.120399,126.567012,4.071126
18959000,0.120399,126.566928,4.071123
18960000,0.120399,126.566844,4.071121
18961000,0.120399,126.566759,4.071118
18962000,0.120399,126.566675,4.071116
18963000,0.120399,126.566591,4.071113
18964000,0.120398,126.566507,4.071111
18965000,0.120398,126.566423,4.071108
18966000,0.120398,126.566339,4.071106
18967000,0.120398,126.566255,4.071103
18968000,0.120398,126.566171,4.071101
18969000,0.120398,126.566087,4.071099
18970000,0.120398,126.566004,4.071096
18971000,0.120398,126.565920,4.071094
18972000,0.120398,126.565837,4.071091
18973000,0.120398,126.565753,4.071089
18974000,0.120398,126.565670,4.071086
18975000,0.120398,126.565587,4.071084
18976000,0.120398,126.565503,4.071081
18977000,0.120397,126.565420,4.071079
18978000,0.120397,126.565337,4.071076
18979000,0.120397,126.565254,4.071074
18980000,0.120397,126.565171,4.071072
18981000,0.120397,126.565089,4.071069
18982000,0.120397,126.565006,4.071067
18983000,0.120397,126.564923,4.071064
18984000,0.120397,126.564841,4.071062
18985000,0.120397,126.564758,4.071059
18986000,0.120397,126.564676,4.071057
18987000,0.120397,126.564593,4.071054
18988000,0.120397,126.564511,4.071052
18989000,0.120397,126.564429,4.071050
18990000,0.120396,126.564347,4.071047
18991000,0.120396,126.564265,4.071045
18992000,0.120396,126.564183,4.071042
18993000,0.120396,126.564101,4.071040
18994000,0.120396,126.564019,4.071038
18995000,0.120396,126.563937,4.071035
18996000,0.120396,126.563855,4.071033
18997000,0.120396,126.563774,4.071030
18998000,0.120396,126.563692,4.071028
18999000,0.120396,126.563611,4.071025
19000000,0.120396,126.563529,4.071023
19001000,0.120396,126.563448,4.071021
19002000,0.120396,126.563367,4.071018
19003000,0.120395,126.563285,4.071016
19004000,0.120395,126.563204,4.071013
19005000,0.120395,126.563123,4.071011
19006000,0.120395,126.563042,4.071009
19007000,0.120395,126.562961,4.071006
19008000,0.120395,126.562881,4.071004
19009000,0.120395,126.562800,4.071002
19010000,0.120395,126.562719,4.070999
19011000,0.120395,126.562639,4.070997
19012000,0.120395,126.562558,4.070994
19013000,0.120395,126.562478,4.070992
19014000,0.120395,126.562397,4.070990
19015000,0.120395,126.562317,4.070987
19016000,0.120394,126.562237,4.070985
19017000,0.120394,126.562157,4.070983
19018000,0.120394,126.562077,4.070980
19019000,0.120394,126.561997,4.070978
19020000,0.120394,126.561917,4.070976
19021000,0.120394,126.561837,4.070973
19022000,0.120394,126.561757,4.070971
19023000,0.120394,126.561677,4.070968
19024000,0.120394,126.561598,4.070966
19025000,0.120394,126.561518,4.070964
19026000,0.120394,126.561438,4.070961
19027000,0.120394,126.561359,4.070959
19028000,0.120394,126.561280,4.070957
19029000,0.120394,126.561200,4.070954
19030000,0.120393,126.561121,4.070952
19031000,0.120393,126.561042,4.070950
19032000,0.120393,126.560963,4.070947
19033000,0.120393,126.560884,4.070945
19034000,0.120393,126.560805,4.070943
19035000,0.120393,126.560726,4.070940
19036000,0.120393,126.560647,4.070938
19037000,0.120393,126.560569,4.070936
19038000,0.120393,126.560490,4.070933
19039000,0.120393,126.560411,4.070931
19040000,0.120393,126.560333,4.070929
19041000,0.120393,126.560255,4.070926
19042000,0.120393,126.560176,4.070924
19043000,0.120392,126.560098,4.070922
19044000,0.120392,126.560020,4.070920
19045000,0.120392,126.559941,4.070917
19046000,0.120392,126.559863,4.070915
19047000,0.120392,126.559785,4.070913
19048000,0.120392,126.559707,4.070910
19049000,0.120392,126.559630,4.070908
19050000,0.120392,126.559552,4.070906
19051000,0.120392,126.559474,4.070903
19052000,0.120392,126.559396,4.070901
19053000,0.120392,126.559319,4.070899
19054000,0.120392,126.559241,4.070897
19055000,0.120392,126.559164,4.070894
19056000,0.120392,126.559087,4.070892
19057000,0.120391,126.559009,4.070890
19058000,0.120391,126.558932,4.070887
19059000,0.120391,126.558855,4.070885
19060000,0.120391,126.558778,4.070883
19061000,0.120391,126.558701,4.070881
19062000,0.120391,126.558624,4.070878
19063000,0.120391,126.558547,4.070876
19064000,0.120391,126.558470,4.070874
19065000,0.120391,126.558393,4.070872
19066000,0.120391,126.558317,4.070869
19067000,0.120391,126.558240,4.070867
19068000,0.120391,126.558163,4.070865
19069000,0.120391,126.558087,4.070863
19070000,0.120391,126.558011,4.070860
19071000,0.120390,126.557934,4.070858
19072000,0.120390,126.557858,4.070856
19073000,0.120390,126.557782,4.070854
19074000,0.120390,126.557706,4.070851
19075000,0.120390,126.557630,4.070849
19076000,0.120390,126.557554,4.070847
19077000,0.120390,126.557478,4.070845
19078000,0.120390,126.557402,4.070842
19079000,0.120390,126.557326,4.070840
19080000,0.120390,126.557250,4.070838
19081000,0.120390,126.557175,4.070836
19082000,0.120390,126.557099,4.070833
19083000,0.120390,126.557024,4.070831
19084000,0.120390,126.556948,4.070829
19085000,0.120389,126.556873,4.070827
19086000,0.120389,126.556798,4.070825
19087000,0.120389,126.556722,4.070822
19088000,0.120389,126.556647,4.070820
19089000,0.120389,126.556572,4.070818
19090000,0.120389,126.556497,4.070816
19091000,0.120389,126.556422,4.070813
19092000,0.120389,126.556347,4.070811
19093000,0.120389,126.556272,4.070809
19094000,0.120389,126.556198,4.070807
19095000,0.120389,126.556123,4.070805
19096000,0.120389,126.556048,4.070802
19097000,0.120389,126.555974,4.070800
19098000,0.120389,126.555899,4.070798
19099000,0.120389,126.555825,4.070796
19100000,0.120388,126.555751,4.070794
19101000,0.120388,126.555676,4.070791
19102000,0.120388,126.555602,4.070789
19103000,0.120388,126.555528,4.070787
19104000,0.120388,126.555454,4.070785
19105000,0.120388,126.555380,4.070783
19106000,0.120388,126.555306,4.070781
19107000,0.120388,126.555232,4.070778
19108000,0.120388,126.555158,4.070776
19109000,0.120388,126.555084,4.070774
19110000,0.120388,126.555011,4.070772
19111000,0.120388,126.554937,4.070770
19112000,0.120388,126.554864,4.070767
19113000,0.120388,126.554790,4.070765
19114000,0.120387,126.554717,4.070763
19115000,0.120387,126.554643,4.070761
19116000,0.120387,126.554570,4.070759
19117000,0.120387,126.554497,4.070757
19118000,0.120387,126.554424,4.070754
19119000,0.120387,126.554351,4.070752
19120000,0.120387,126.554278,4.070750
19121000,0.120387,126.554205,4.070748
19122000,0.120387,126.554132,4.070746
19123000,0.120387,126.554059,4.070744
19124000,0.120387,126.553986,4.070742
19125000,0.120387,126.553914,4.070739
19126000,0.120387,126.553841,4.070737
19127000,0.120387,126.553768,4.070735
19128000,0.120387,126.553696,4.070733
19129000,0.120386,126.553624,4.070731
19130000,0.120386,126.553551,4.070729
19131000,0.120386,126.553479,4.070727
19132000,0.120386,126.553407,4.070725
19133000,0.120386,126.553335,4.070722
19134000,0.120386,126.553262,4.070720
19135000,0.120386,126.553190,4.070718
19136000,0.120386,126.553118,4.070716
19137000,0.120386,126.553047,4.070714
19138000,0.120386,126.552975,4.070712
19139000,0.120386,126.552903,4.070710
19140000,0.120386,126.552831,4.070708
19141000,0.120386,126.552760,4.070705
19142000,0.120386,126.552688,4.070703
19143000,0.120386,126.552617,4.070701
19144000,0.120385,126.552545,4.070699
19145000,0.120385,126.552474,4.070697
19146000,0.120385,126.552402,4.070695
19147000,0.120385,126.552331,4.070693
19148000,0.120385,126.552260,4.070691
19149000,0.120385,126.552189,4.070689
19150000,0.120385,126.552118,4.070686
19151000,0.120385,126.552047,4.070684
19152000,0.120385,126.551976,4.070682
19153000,0.120385,126.551905,4.070680
19154000,0.120385,126.551834,4.070678
19155000,0.120385,126.551763,4.070676
19156000,0.120385,126.551693,4.070674
19157000,0.120385,126.551622,4.070672
19158000,0.120385,126.551552,4.070670
19159000,0.120384,126.551481,4.070668
19160000,0.120384,126.551411,4.070666
19161000,0.120384,126.551340,4.070664
19162000,0.120384,126.551270,4.070661
19163000,0.120384,126.551200,4.070659
19164000,0.120384,126.551130,4.070657
19165000,0.120384,126.551060,4.070655
19166000,0.120384,126.550990,4.070653
19167000,0.120384,126.550920,4.070651
19168000,0.120384,126.550850,4.070649
19169000,0.120384,126.550780,4.070647
19170000,0.120384,126.550710,4.070645
19171000,0.120384,126.550640,4.070643
19172000,0.120384,126.550571,4.070641
19173000,0.120384,126.550501,4.070639
19174000,0.120383,126.550432,4.070637
19175000,0.120383,126.550362,4.070635
19176000,0.120383,126.550293,4.070633
19177000,0.120383,126.550223,4.070631
19178000,0.120383,126.550154,4.070629
19179000,0.120383,126.550085,4.070627
19180000,0.120383,126.550016,4.070624
19181000,0.120383,126.549947,4.070622
19182000,0.120383,126.549878,4.070620
19183000,0.120383,126.549809,4.070618
19184000,0.120383,126.549740,4.070616
19185000,0.120383,126.549671,4.070614
19186000,0.120383,126.549602,4.070612
19187000,0.120383,126.549534,4.070610
19188000,0.120383,126.549465,4.070608
19189000,0.120383,126.549396,4.070606
19190000,0.120382,126.549328,4.070604
19191000,0.120382,126.549259,4.070602
19192000,0.120382,126.549191,4.070600
19193000,0.120382,126.549123,4.070598
19194000,0.120382,126.549054,4.070596
19195000,0.120382,126.548986,4.070594
19196000,0.120382,126.548918,4.070592
19197000,0.120382,126.548850,4.070590
19198000,0.120382,126.548782,4.070588
19199000,0.120382,126.548714,4.070586
19200000,0.120382,126.548646,4.070584
19201000,0.120382,126.548578,4.070582
19202000,0.120382,126.548510,4.070580
19203000,0.120382,126.548443,4.070578
19204000,0.120382,126.548375,4.070576
19205000,0.120382,126.548307,4.070574
19206000,0.120381,126.548240,4.070572
19207000,0.120381,126.548172,4.070570
19208000,0.120381,126.548105,4.070568
19209000,0.120381,126.548037,4.070566
19210000,0.120381,126.547970,4.070564
19211000,0.120381,126.547903,4.070562
19212000,0.120381,126.547836,4.070560
19213000,0.120381,126.547769,4.070558
19214000,0.120381,126.547702,4.070556
19215000,0.120381,126.547635,4.070554
19216000,0.120381,126.547568,4.070552
19217000,0.120381,126.547501,4.070550
19218000,0.120381,126.547434,4.070548
19219000,0.120381,126.547367,4.070546
19220000,0.120381,126.547301,4.070544
19221000,0.120381,126.547234,4.070542
19222000,0.120380,126.547167,4.070540
19223000,0.120380,126.547101,4.070539
19224000,0.120380,126.547034,4.070537
19225000,0.120380,126.546968,4.070535
19226000,0.120380,126.546902,4.070533
19227000,0.120380,126.546835,4.070531
19228000,0.120380,126.546769,4.070529
19229000,0.120380,126.546703,4.070527
19230000,0.120380,126.546637,4.070525
19231000,0.120380,126.546571,4.070523
19232000,0.120380,126.546505,4.070521
19233000,0.120380,126.546439,4.070519
19234000,0.120380,126.546373,4.070517
19235000,0.120380,126.546307,4.070515
19236000,0.120380,126.546242,4.070513
19237000,0.120380,126.546176,4.070511
19238000,0.120379,126.546110,4.070509
19239000,0.120379,126.546045,4.070507
19240000,0.120379,126.545979,4.070505
19241000,0.120379,126.545914,4.070504
19242000,0.120379,126.545849,4.070502
19243000,0.120379,126.545783,4.070500
19244000,0.120379,126.545718,4.070498
19245000,0.120379,126.545653,4.070496
19246000,0.120379,126.545588,4.070494
19247000,0.120379,126.545523,4.070492
19248000,0.120379,126.545458,4.070490
19249000,0.120379,126.545393,4.070488
19250000,0.120379,126.545328,4.070486
19251000,0.120379,126.545263,4.070484
19252000,0.120379,126.545198,4.070482
19253000,0.120379,126.545133,4.070480
19254000,0.120378,126.545069,4.070479
19255000,0.120378,126.545004,4.070477
19256000,0.120378,126.544940,4.070475
19257000,0.120378,126.544875,4.070473
19258000,0.120378,126.544811,4.070471
19259000,0.120378,126.544746,4.070469
19260000,0.120378,126.544682,4.070467
19261000,0.120378,126.544618,4.070465
19262000,0.120378,126.544554,4.070463
19263000,0.120378,126.544489,4.070461
19264000,0.120378,126.544425,4.070460
19265000,0.120378,126.544361,4.070458
19266000,0.120378,126.544297,4.070456
19267000,0.120378,126.544233,4.070454
19268000,0.120378,126.544170,4.070452
19269000,0.120378,126.544106,4.070450
19270000,0.120378,126.544042,4.070448
19271000,0.120377,126.543978,4.070446
19272000,0.120377,126.543915,4.070445
19273000,0.120377,126.543851,4.070443
19274000,0.120377,126.543788,4.070441
19275000,0.120377,126.543724,4.070439
19276000,0.120377,126.543661,4.070437
19277000,0.120377,126.543598,4.070435
19278000,0.120377,126.543534,4.070433
19279000,0.120377,126.543471,4.070431
19280000,0.120377,126.543408,4.070430
19281000,0.120377,126.543345,4.070428
19282000,0.120377,126.543282,4.070426
19283000,0.120377,126.543219,4.070424
19284000,0.120377,126.543156,4.070422
19285000,0.120377,126.543093,4.070420
19286000,0.120377,126.543030,4.070418
19287000,0.120377,126.542967,4.070417
19288000,0.120376,126.542905,4.070415
19289000,0.120376,126.542842,4.070413
19290000,0.120376,126.542779,4.070411
19291000,0.120376,126.542717,4.070409
19292000,0.120376,126.542654,4.070407
19293000,0.120376,126.542592,4.070406
19294000,0.120376,126.542530,4.070404
19295000,0.120376,126.542467,4.070402
19296000,0.120376,126.542405,4.070400
19297000,0.120376,126.542343,4.070398
19298000,0.120376,126.542281,4.070396
19299000,0.120376,126.542219,4.070395
19300000,0.120376,126.542157,4.070393
19301000,0.120376,126.542095,4.070391
19302000,0.120376,126.542033,4.070389
19303000,0.120376,126.541971,4.070387
19304000,0.120376,126.541909,4.070385
19305000,0.120375,126.541847,4.070384
19306000,0.120375,126.541786,4.070382
19307000,0.120375,126.541724,4.070380
19308000,0.120375,126.541663,4.070378
19309000,0.120375,126.541601,4.070376
19310000,0.120375,126.541540,4.070374
19311000,0.120375,126.541478,4.070373
19312000,0.120375,126.541417,4.070371
19313000,0.120375,126.541355,4.070369
19314000,0.120375,126.541294,4.070367
19315000,0.120375,126.541233,4.070365
19316000,0.120375,126.541172,4.070364
19317000,0.120375,126.541111,4.070362
19318000,0.120375,126.541050,4.070360
19319000,0.120375,126.540989,4.070358
19320000,0.120375,126.540928,4.070356
19321000,0.120375,126.540867,4.070355
19322000,0.120375,126.540806,4.070353
19323000,0.120374,126.540746,4.070351
19324000,0.120374,126.540685,4.070349
19325000,0.120374,126.540624,4.070347
19326000,0.120374,126.540564,4.070346
19327000,0.120374,126.540503,4.070344
19328000,0.120374,126.540443,4.070342
19329000,0.120374,126.540382,4.070340
19330000,0.120374,126.540322,4.070339
19331000,0.120374,126.540262,4.070337
19332000,0.120374,126.540201,4.070335
19333000,0.120374,126.540141,4.070333
19334000,0.120374,126.540081,4.070331
19335000,0.120374,126.540021,4.070330
19336000,0.120374,126.539961,4.070328
19337000,0.120374,126.539901,4.070326
19338000,0.120374,126.539841,4.070324
19339000,0.120374,126.539781,4.070323
19340000,0.120374,126.539721,4.070321
19341000,0.120373,126.539661,4.070319
19342000,0.120373,126.539602,4.070317
19343000,0.120373,126.539542,4.070316
19344000,0.120373,126.539483,4.070314
19345000,0.120373,126.539423,4.070312
19346000,0.120373,126.539363,4.070310
19347000,0.120373,126.539304,4.070309
19348000,0.120373,126.539245,4.070307
19349000,0.120373,126.539185,4.070305
19350000,0.120373,126.539126,4.070303
19351000,0.120373,126.539067,4.070302
19352000,0.120373,126.539008,4.070300
19353000,0.120373,126.538949,4.070298
19354000,0.120373,126.538889,4.070296
19355000,0.120373,126.538830,4.070295
19356000,0.120373,126.538771,4.070293
19357000,0.120373,126.538713,4.070291
19358000,0.120373,126.538654,4.070289
19359000,0.120372,126.538595,4.070288
19360000,0.120372,126.538536,4.070286
19361000,0.120372,126.538478,4.070284
19362000,0.120372,126.538419,4.070282
19363000,0.120372,126.538360,4.070281
19364000,0.120372,126.538302,4.070279
19365000,0.120372,126.538243,4.070277
19366000,0.120372,126.538185,4.070276
19367000,0.120372,126.538126,4.070274
19368000,0.120372,126.538068,4.070272
19369000,0.120372,126.538010,4.070270
19370000,0.120372,126.537952,4.070269
19371000,0.120372,126.537894,4.070267
19372000,0.120372,126.537835,4.070265
19373000,0.120372,126.537777,4.070264
19374000,0.120372,126.537719,4.070262
19375000,0.120372,126.537661,4.070260
19376000,0.120372,126.537604,4.070258
19377000,0.120371,126.537546,4.070257
19378000,0.120371,126.537488,4.070255
19379000,0.120371,126.537430,4.070253
19380000,0.120371,126.537372,4.070252
19381000,0.120371,126.537315,4.070250
19382000,0.120371,126.537257,4.070248
19383000,0.120371,126.537200,4.070246
19384000,0.120371,126.537142,4.070245
19385000,0.120371,126.537085,4.070243
19386000,0.120371,126.537027,4.070241
19387000,0.120371,126.536970,4.070240
19388000,0.120371,126.536913,4.070238
19389000,0.120371,126.536856,4.070236
19390000,0.120371,126.536798,4.070235
19391000,0.120371,126.536741,4.070233
19392000,0.120371,126.536684,4.070231
19393000,0.120371,126.536627,4.070230
19394000,0.120371,126.536570,4.070228
19395000,0.120371,126.536513,4.070226
19396000,0.120370,126.536457,4.070225
19397000,0.120370,126.536400,4.070223
19398000,0.120370,126.536343,4.070221
19399000,0.120370,126.536286,4.070220
19400000,0.120370,126.536230,4.070218
19401000,0.120370,126.536173,4.070216
19402000,0.120370,126.536116,4.070215
19403000,0.120370,126.536060,4.070213
19404000,0.120370,126.536004,4.070211
19405000,0.120370,126.535947,4.070210
19406000,0.120370,126.535891,4.070208
19407000,0.120370,126.535834,4.070206
19408000,0.120370,126.535778,4.070205
19409000,0.120370,126.535722,4.070203
19410000,0.120370,126.535666,4.070201
19411000,0.120370,126.535610,4.070200
19412000,0.120370,126.535554,4.070198
19413000,0.120370,126.535498,4.070196
19414000,0.120370,126.535442,4.070195
19415000,0.120369,126.535386,4.070193
19416000,0.120369,126.535330,4.070191
19417000,0.120369,126.535274,4.070190
19418000,0.120369,126.535219,4.070188
19419000,0.120369,126.535163,4.070186
19420000,0.120369,126.535107,4.070185
19421000,0.120369,126.535052,4.070183
19422000,0.120369,126.534996,4.070181
19423000,0.120369,126.534941,4.070180
19424000,0.120369,126.534885,4.070178
19425000,0.120369,126.534830,4.070177
19426000,0.120369,126.534775,4.070175
19427000,0.120369,126.534719,4.070173
19428000,0.120369,126.534664,4.070172
19429000,0.120369,126.534609,4.070170
19430000,0.120369,126.534554,4.070168
19431000,0.120369,126.534499,4.070167
19432000,0.120369,126.534444,4.070165
19433000,0.120369,126.534389,4.070164
19434000,0.120369,126.534334,4.070162
19435000,0.120368,126.534279,4.070160
19436000,0.120368,126.534224,4.070159
19437000,0.120368,126.534169,4.070157
19438000,0.120368,126.534114,4.070155
19439000,0.120368,126.534060,4.070154
19440000,0.120368,126.534005,4.070152
19441000,0.120368,126.533951,4.070151
19442000,0.120368,126.533896,4.070149
19443000,0.120368,126.533842,4.070147
19444000,0.120368,126.533787,4.070146
19445000,0.120368,126.533733,4.070144
19446000,0.120368,126.533678,4.070143
19447000,0.120368,126.533624,4.070141
19448000,0.120368,126.533570,4.070139
19449000,0.120368,126.533516,4.070138
19450000,0.120368,126.533461,4.070136
19451000,0.120368,126.533407,4.070135
19452000,0.120368,126.533353,4.070133
19453000,0.120368,126.533299,4.070131
19454000,0.120367,126.533245,4.070130
19455000,0.120367,126.533192,4.070128
19456000,0.120367,126.533138,4.070127
19457000,0.120367,126.533084,4.070125
19458000,0.120367,126.533030,4.070124
19459000,0.120367,126.532976,4.070122
19460000,0.120367,126.532923,4.070120
19461000,0.120367,126.532869,4.070119
19462000,0.120367,126.532816,4.070117
19463000,0.120367,126.532762,4.070116
19464000,0.120367,126.532709,4.070114
19465000,0.120367,126.532655,4.070112
19466000,0.120367,126.532602,4.070111
19467000,0.120367,126.532549,4.070109
19468000,0.120367,126.532495,4.070108
19469000,0.120367,126.532442,4.070106
19470000,0.120367,126.532389,4.070105
19471000,0.120367,126.532336,4.070103
19472000,0.120367,126.532283,4.070101
19473000,0.120367,126.532230,4.070100
19474000,0.120366,126.532177,4.070098
19475000,0.120366,126.532124,4.070097
19476000,0.120366,126.532071,4.070095
19477000,0.120366,126.532018,4.070094
19478000,0.120366,126.531965,4.070092
19479000,0.120366,126.531912,4.070091
19480000,0.120366,126.531860,4.070089
19481000,0.120366,126.531807,4.070087
19482000,0.120366,126.531755,4.070086
19483000,0.120366,126.531702,4.070084
19484000,0.120366,126.531650,4.070083
19485000,0.120366,126.531597,4.070081
19486000,0.120366,126.531545,4.070080
19487000,0.120366,126.531492,4.070078
19488000,0.120366,126.531440,4.070077
19489000,0.120366,126.531388,4.070075
19490000,0.120366,126.531336,4.070074
19491000,0.120366,126.531283,4.070072
19492000,0.120366,126.531231,4.070070
19493000,0.120366,126.531179,4.070069
19494000,0.120366,126.531127,4.070067
19495000,0.120365,126.531075,4.070066
19496000,0.120365,126.531023,4.070064
19497000,0.120365,126.530971,4.070063
19498000,0.120365,126.530919,4.070061
19499000,0.120365,126.530868,4.070060
19500000,0.120365,126.530816,4.070058
19501000,0.120365,126.530764,4.070057
19502000,0.120365,126.530713,4.070055
19503000,0.120365,126.530661,4.070054
19504000,0.120365,126.530609,4.070052
19505000,0.120365,126.530558,4.070051
19506000,0.120365,126.530506,4.070049
19507000,0.120365,126.530455,4.070048
19508000,0.120365,126.530404,4.070046
19509000,0.120365,126.530352,4.070045
19510000,0.120365,126.530301,4.070043
19511000,0.120365,126.530250,4.070041
19512000,0.120365,126.530199,4.070040
19513000,0.120365,126.530148,4.070038
19514000,0.120365,126.530096,4.070037
19515000,0.120365,126.530045,4.070035
19516000,0.120364,126.529994,4.070034
19517000,0.120364,126.529943,4.070032
19518000,0.120364,126.529893,4.070031
19519000,0.120364,126.529842,4.070029
19520000,0.120364,126.529791,4.070028
19521000,0.120364,126.529740,4.070026
19522000,0.120364,126.529689,4.070025
19523000,0.120364,126.529639,4.070023
19524000,0.120364,126.529588,4.070022
19525000,0.120364,126.529537,4.070020
19526000,0.120364,126.529487,4.070019
19527000,0.120364,126.529436,4.070018
19528000,0.120364,126.529386,4.070016
19529000,0.120364,126.529336,4.070015
19530000,0.120364,126.529285,4.070013
19531000,0.120364,126.529235,4.070012
19532000,0.120364,126.529185,4.070010
19533000,0.120364,126.529134,4.070009
19534000,0.120364,126.529084,4.070007
19535000,0.120364,126.529034,4.070006
19536000,0.120364,126.528984,4.070004
19537000,0.120363,126.528934,4.070003
19538000,0.120363,126.528884,4.070001
19539000,0.120363,126.528834,4.070000
19540000,0.120363,126.528784,4.069998
19541000,0.120363,126.528734,4.069997
19542000,0.120363,126.528684,4.069995
19543000,0.120363,126.528635,4.069994
19544000,0.120363,126.528585,4.069992
19545000,0.120363,126.528535,4.069991
19546000,0.120363,126.528486,4.069989
19547000,0.120363,126.528436,4.069988
19548000,0.120363,126.528387,4.069987
19549000,0.120363,126.528337,4.069985
19550000,0.120363,126.528288,4.069984
19551000,0.120363,126.528238,4.069982
19552000,0.120363,126.528189,4.069981
19553000,0.120363,126.528139,4.069979
19554000,0.120363,126.528090,4.069978
19555000,0.120363,126.528041,4.069976
19556000,0.120363,126.527992,4.069975
19557000,0.120363,126.527943,4.069973
19558000,0.120363,126.527894,4.069972
19559000,0.120362,126.527844,4.069971
19560000,0.120362,126.527795,4.069969
19561000,0.120362,126.527747,4.069968
19562000,0.120362,126.527698,4.069966
19563000,0.120362,126.527649,4.069965
19564000,0.120362,126.527600,4.069963
19565000,0.120362,126.527551,4.069962
19566000,0.120362,126.527502,4.069960
19567000,0.120362,126.527454,4.069959
19568000,0.120362,126.527405,4.069958
19569000,0.120362,126.527356,4.069956
19570000,0.120362,126.527308,4.069955
19571000,0.120362,126.527259,4.069953
19572000,0.120362,126.527211,4.069952
19573000,0.120362,126.527162,4.069950
19574000,0.120362,126.527114,4.069949
19575000,0.120362,126.527066,4.069948
19576000,0.120362,126.527017,4.069946
19577000,0.120362,126.526969,4.069945
19578000,0.120362,126.526921,4.069943
19579000,0.120362,126.526873,4.069942
19580000,0.120362,126.526825,4.069940
19581000,0.120361,126.526777,4.069939
19582000,0.120361,126.526728,4.069938
19583000,0.120361,126.526680,4.069936
19584000,0.120361,126.526633,4.069935
19585000,0.120361,126.526585,4.069933
19586000,0.120361,126.526537,4.069932
19587000,0.120361,126.526489,4.069931
19588000,0.120361,126.526441,4.069929
19589000,0.120361,126.526393,4.069928
19590000,0.120361,126.526346,4.069926
19591000,0.120361,126.526298,4.069925
19592000,0.120361,126.526250,4.069924
19593000,0.120361,126.526203,4.069922
19594000,0.120361,126.526155,4.069921
19595000,0.120361,126.526108,4.069919
19596000,0.120361,126.526060,4.069918
19597000,0.120361,126.526013,4.069917
19598000,0.120361,126.525966,4.069915
19599000,0.120361,126.525918,4.069914
19600000,0.120361,126.525871,4.069912
19601000,0.120361,126.525824,4.069911
19602000,0.120361,126.525777,4.069910
19603000,0.120360,126.525730,4.069908
19604000,0.120360,126.525683,4.069907
19605000,0.120360,126.525635,4.069905
19606000,0.120360,126.525588,4.069904
19607000,0.120360,126.525542,4.069903
19608000,0.120360,126.525495,4.069901
19609000,0.120360,126.525448,4.069900
19610000,0.120360,126.525401,4.069898
19611000,0.120360,126.525354,4.069897
19612000,0.120360,126.525307,4.069896
19613000,0.120360,126.525261,4.069894
19614000,0.120360,126.525214,4.069893
19615000,0.120360,126.525167,4.069892
19616000,0.120360,126.525121,4.069890
19617000,0.120360,126.525074,4.069889
19618000,0.120360,126.525028,4.069887
19619000,0.120360,126.524981,4.069886
19620000,0.120360,126.524935,4.069885
19621000,0.120360,126.524888,4.069883
19622000,0.120360,126.524842,4.069882
19623000,0.120360,126.524796,4.069881
19624000,0.120360,126.524750,4.069879
19625000,0.120360,126.524703,4.069878
19626000,0.120359,126.524657,4.069877
19627000,0.120359,126.524611,4.069875
19628000,0.120359,126.524565,4.069874
19629000,0.120359,126.524519,4.069872
19630000,0.120359,126.524473,4.069871
19631000,0.120359,126.524427,4.069870
19632000,0.120359,126.524381,4.069868
19633000,0.120359,126.524335,4.069867
19634000,0.120359,126.524289,4.069866
19635000,0.120359,126.524244,4.069864
19636000,0.120359,126.524198,4.069863
19637000,0.120359,126.524152,4.069862
19638000,0.120359,126.524107,4.069860
19639000,0.120359,126.524061,4.069859
19640000,0.120359,126.524015,4.069858
19641000,0.120359,126.523970,4.069856
19642000,0.120359,126.523924,4.069855
19643000,0.120359,126.523879,4.069854
19644000,0.120359,126.523833,4.069852
19645000,0.120359,126.523788,4.069851
19646000,0.120359,126.523743,4.069850
19647000,0.120359,126.523697,4.069848
19648000,0.120359,126.523652,4.069847
19649000,0.120359,126.523607,4.069846
19650000,0.120358,126.523562,4.069844
19651000,0.120358,126.523517,4.069843
19652000,0.120358,126.523472,4.069842
19653000,0.120358,126.523426,4.069840
19654000,0.120358,126.523381,4.069839
19655000,0.120358,126.523337,4.069838
19656000,0.120358,126.523292,4.069836
19657000,0.120358,126.523247,4.069835
19658000,0.120358,126.523202,4.069834
19659000,0.120358,126.523157,4.069832
19660000,0.120358,126.523112,4.069831
19661000,0.120358,126.523068,4.069830
19662000,0.120358,126.523023,4.069828
19663000,0.120358,126.522978,4.069827
19664000,0.120358,126.522934,4.069826
19665000,0.120358,126.522889,4.069824
19666000,0.120358,126.522845,4.069823
19667000,0.120358,126.522800,4.069822
19668000,0.120358,126.522756,4.069820
19669000,0.120358,126.522711,4.069819
19670000,0.120358,126.522667,4.069818
19671000,0.120358,126.522623,4.069817
19672000,0.120358,126.522578,4.069815
19673000,0.120358,126.522534,4.069814
19674000,0.120357,126.522490,4.069813
19675000,0.120357,126.522446,4.069811
19676000,0.120357,126.522402,4.069810
19677000,0.120357,126.522357,4.069809
19678000,0.120357,126.522313,4.069807
19679000,0.120357,126.522269,4.069806
19680000,0.120357,126.522225,4.069805
19681000,0.120357,126.522182,4.069804
19682000,0.120357,126.522138,4.069802
19683000,0.120357,126.522094,4.069801
19684000,0.120357,126.522050,4.069800
19685000,0.120357,126.522006,4.069798
19686000,0.120357,126.521963,4.069797
19687000,0.120357,126.521919,4.069796
19688000,0.120357,126.521875,4.069794
19689000,0.120357,126.521832,4.069793
19690000,0.120357,126.521788,4.069792
19691000,0.120357,126.521745,4.069791
19692000,0.120357,126.521701,4.069789
19693000,0.120357,126.521658,4.069788
19694000,0.120357,126.521614,4.069787
19695000,0.120357,126.521571,4.069785
19696000,0.120357,126.521528,4.069784
19697000,0.120357,126.521484,4.069783
19698000,0.120356,126.521441,4.069782
19699000,0.120356,126.521398,4.069780
19700000,0.120356,126.521355,4.069779
19701000,0.120356,126.521311,4.069778
19702000,0.120356,126.521268,4.069777
19703000,0.120356,126.521225,4.069775
19704000,0.120356,126.521182,4.069774
19705000,0.120356,126.521139,4.069773
19706000,0.120356,126.521096,4.069771
19707000,0.120356,126.521054,4.069770
19708000,0.120356,126.521011,4.069769
19709000,0.120356,126.520968,4.069768
19710000,0.120356,126.520925,4.069766
19711000,0.120356,126.520882,4.069765
19712000,0.120356,126.520840,4.069764
19713000,0.120356,126.520797,4.069763
19714000,0.120356,126.520754,4.069761
19715000,0.120356,126.520712,4.069760
19716000,0.120356,126.520669,4.069759
19717000,0.120356,126.520627,4.069758
19718000,0.120356,126.520584,4.069756
19719000,0.120356,126.520542,4.069755
19720000,0.120356,126.520499,4.069754
19721000,0.120356,126.520457,4.069753
19722000,0.120356,126.520415,4.069751
19723000,0.120356,126.520372,4.069750
19724000,0.120355,126.520330,4.069749
19725000,0.120355,126.520288,4.069748
19726000,0.120355,126.520246,4.069746
19727000,0.120355,126.520204,4.069745
19728000,0.120355,126.520162,4.069744
19729000,0.120355,126.520120,4.069743
19730000,0.120355,126.520078,4.069741
19731000,0.120355,126.520036,4.069740
19732000,0.120355,126.519994,4.069739
19733000,0.120355,126.519952,4.069738
19734000,0.120355,126.519910,4.069737
19735000,0.120355,126.519868,4.069735
19736000,0.120355,126.519826,4.069734
19737000,0.120355,126.519784,4.069733
19738000,0.120355,126.519743,4.069732
19739000,0.120355,126.519701,4.069730
19740000,0.120355,126.519659,4.069729
19741000,0.120355,126.519618,4.069728
19742000,0.120355,126.519576,4.069727
19743000,0.120355,126.519535,4.069725
19744000,0.120355,126.519493,4.069724
19745000,0.120355,126.519452,4.069723
19746000,0.120355,126.519410,4.069722
19747000,0.120355,126.519369,4.069721
19748000,0.120355,126.519328,4.069719
19749000,0.120354,126.519286,4.069718
19750000,0.120354,126.519245,4.069717
19751000,0.120354,126.519204,4.069716
19752000,0.120354,126.519163,4.069714
19753000,0.120354,126.519122,4.069713
19754000,0.120354,126.519081,4.069712
19755000,0.120354,126.519039,4.069711
19756000,0.120354,126.518998,4.069710
19757000,0.120354,126.518957,4.069708
19758000,0.120354,126.518916,4.069707
19759000,0.120354,126.518876,4.069706
19760000,0.120354,126.518835,4.069705
19761000,0.120354,126.518794,4.069704
19762000,0.120354,126.518753,4.069702
19763000,0.120354,126.518712,4.069701
19764000,0.120354,126.518671,4.069700
19765000,0.120354,126.518631,4.069699
19766000,0.120354,126.518590,4.069698
19767000,0.120354,126.518549,4.069696
19768000,0.120354,126.518509,4.069695
19769000,0.120354,126.518468,4.069694
19770000,0.120354,126.518428,4.069693
19771000,0.120354,126.518387,4.069692
19772000,0.120354,126.518347,4.069690
19773000,0.120354,126.518306,4.069689
19774000,0.120354,126.518266,4.069688
19775000,0.120354,126.518226,4.069687
19776000,0.120353,126.518185,4.069686
19777000,0.120353,126.518145,4.069684
19778000,0.120353,126.518105,4.069683
19779000,0.120353,126.518065,4.069682
19780000,0.120353,126.518025,4.069681
19781000,0.120353,126.517985,4.069680
19782000,0.120353,126.517944,4.069679
19783000,0.120353,126.517904,4.069677
19784000,0.120353,126.517864,4.069676
19785000,0.120353,126.517824,4.069675
19786000,0.120353,126.517784,4.069674
19787000,0.120353,126.517745,4.069673
19788000,0.120353,126.517705,4.069671
19789000,0.120353,126.517665,4.069670
19790000,0.120353,126.517625,4.069669
19791000,0.120353,126.517585,4.069668
19792000,0.120353,126.517546,4.069667
19793000,0.120353,126.517506,4.069666
19794000,0.120353,126.517466,4.069664
19795000,0.120353,126.517427,4.069663
19796000,0.120353,126.517387,4.069662
19797000,0.120353,126.517348,4.069661
19798000,0.120353,126.517308,4.069660
19799000,0.120353,126.517269,4.069659
19800000,0.120353,126.517229,4.069657
19801000,0.120353,126.517190,4.069656
19802000,0.120353,126.517150,4.069655
19803000,0.120352,126.517111,4.069654
19804000,0.120352,126.517072,4.069653
19805000,0.120352,126.517033,4.069652
19806000,0.120352,126.516993,4.069650
19807000,0.120352,126.516954,4.069649
19808000,0.120352,126.516915,4.069648
19809000,0.120352,126.516876,4.069647
19810000,0.120352,126.516837,4.069646
19811000,0.120352,126.516798,4.069645
19812000,0.120352,126.516759,4.069644
19813000,0.120352,126.516720,4.069642
19814000,0.120352,126.516681,4.069641
19815000,0.120352,126.516642,4.069640
19816000,0.120352,126.516603,4.069639
19817000,0.120352,126.516564,4.069638
19818000,0.120352,126.516525,4.069637
19819000,0.120352,126.516487,4.069636
19820000,0.120352,126.516448,4.069634
19821000,0.120352,126.516409,4.069633
19822000,0.120352,126.516371,4.069632
19823000,0.120352,126.516332,4.069631
19824000,0.120352,126.516293,4.069630
19825000,0.120352,126.516255,4.069629
19826000,0.120352,126.516216,4.069628
19827000,0.120352,126.516178,4.069626
19828000,0.120352,126.516139,4.069625
19829000,0.120352,126.516101,4.069624
19830000,0.120351,126.516063,4.069623
19831000,0.120351,126.516024,4.069622
19832000,0.120351,126.515986,4.069621
19833000,0.120351,126.515948,4.069620
19834000,0.120351,126.515909,4.069618
19835000,0.120351,126.515871,4.069617
19836000,0.120351,126.515833,4.069616
19837000,0.120351,126.515795,4.069615
19838000,0.120351,126.515757,4.069614
19839000,0.120351,126.515719,4.069613
19840000,0.120351,126.515681,4.069612
19841000,0.120351,126.515643,4.069611
19842000,0.120351,126.515605,4.069610
19843000,0.120351,126.515567,4.069608
19844000,0.120351,126.515529,4.069607
19845000,0.120351,126.515491,4.069606
19846000,0.120351,126.515453,4.069605
19847000,0.120351,126.515416,4.069604
19848000,0.120351,126.515378,4.069603
19849000,0.120351,126.515340,4.069602
19850000,0.120351,126.515302,4.069601
19851000,0.120351,126.515265,4.069599
19852000,0.120351,126.515227,4.069598
19853000,0.120351,126.515190,4.069597
19854000,0.120351,126.515152,4.069596
19855000,0.120351,126.515114,4.069595
19856000,0.120351,126.515077,4.069594
19857000,0.120351,126.515040,4.069593
19858000,0.120351,126.515002,4.069592
19859000,0.120350,126.514965,4.069591
19860000,0.120350,126.514927,4.069590
19861000,0.120350,126.514890,4.069588
19862000,0.120350,126.514853,4.069587
19863000,0.120350,126.514816,4.069586
19864000,0.120350,126.514778,4.069585
19865000,0.120350,126.514741,4.069584
19866000,0.120350,126.514704,4.069583
19867000,0.120350,126.514667,4.069582
19868000,0.120350,126.514630,4.069581
19869000,0.120350,126.514593,4.069580
19870000,0.120350,126.514556,4.069579
19871000,0.120350,126.514519,4.069577
19872000,0.120350,126.514482,4.069576
19873000,0.120350,126.514445,4.069575
19874000,0.120350,126.514408,4.069574
19875000,0.120350,126.514371,4.069573
19876000,0.120350,126.514334,4.069572
19877000,0.120350,126.514298,4.069571
19878000,0.120350,126.514261,4.069570
19879000,0.120350,126.514224,4.069569
19880000,0.120350,126.514188,4.069568
19881000,0.120350,126.514151,4.069567
19882000,0.120350,126.514114,4.069566
19883000,0.120350,126.514078,4.069564
19884000,0.120350,126.514041,4.069563
19885000,0.120350,126.514005,4.069562
19886000,0.120350,126.513968,4.069561
19887000,0.120350,126.513932,4.069560
19888000,0.120349,126.513895,4.069559
19889000,0.120349,126.513859,4.069558
19890000,0.120349,126.513823,4.069557
19891000,0.120349,126.513786,4.069556
19892000,0.120349,126.513750,4.069555
19893000,0.120349,126.513714,4.069554
19894000,0.120349,126.513678,4.069553
19895000,0.120349,126.513641,4.069552
19896000,0.120349,126.513605,4.069551
19897000,0.120349,126.513569,4.069549
19898000,0.120349,126.513533,4.069548
19899000,0.120349,126.513497,4.069547
19900000,0.120349,126.513461,4.069546
19901000,0.120349,126.513425,4.069545
19902000,0.120349,126.513389,4.069544
19903000,0.120349,126.513353,4.069543
19904000,0.120349,126.513317,4.069542
19905000,0.120349,126.513281,4.069541
19906000,0.120349,126.513246,4.069540
19907000,0.120349,126.513210,4.069539
19908000,0.120349,126.513174,4.069538
19909000,0.120349,126.513138,4.069537
19910000,0.120349,126.513103,4.069536
19911000,0.120349,126.513067,4.069535
19912000,0.120349,126.513031,4.069534
19913000,0.120349,126.512996,4.069533
19914000,0.120349,126.512960,4.069531
19915000,0.120349,126.512925,4.069530
19916000,0.120349,126.512889,4.069529
19917000,0.120349,126.512854,4.069528
19918000,0.120348,126.512818,4.069527
19919000,0.120348,126.512783,4.069526
19920000,0.120348,126.512747,4.069525
19921000,0.120348,126.512712,4.069524
19922000,0.120348,126.512677,4.069523
19923000,0.120348,126.512641,4.069522
19924000,0.120348,126.512606,4.069521
19925000,0.120348,126.512571,4.069520
19926000,0.120348,126.512536,4.069519
19927000,0.120348,126.512501,4.069518
19928000,0.120348,126.512466,4.069517
19929000,0.120348,126.512430,4.069516
19930000,0.120348,126.512395,4.069515
19931000,0.120348,126.512360,4.069514
19932000,0.120348,126.512325,4.069513
19933000,0.120348,126.512290,4.069512
19934000,0.120348,126.512256,4.069511
19935000,0.120348,126.512221,4.069510
19936000,0.120348,126.512186,4.069509
19937000,0.120348,126.512151,4.069508
19938000,0.120348,126.512116,4.069507
19939000,0.120348,126.512081,4.069506
19940000,0.120348,126.512047,4.069505
19941000,0.120348,126.512012,4.069504
19942000,0.120348,126.511977,4.069502
19943000,0.120348,126.511943,4.069501
19944000,0.120348,126.511908,4.069500
19945000,0.120348,126.511873,4.069499
19946000,0.120348,126.511839,4.069498
19947000,0.120348,126.511804,4.069497
19948000,0.120347,126.511770,4.069496
19949000,0.120347,126.511735,4.069495
19950000,0.120347,126.511701,4.069494
19951000,0.120347,126.511667,4.069493
19952000,0.120347,126.511632,4.069492
19953000,0.120347,126.511598,4.069491
19954000,0.120347,126.511564,4.069490
19955000,0.120347,126.511529,4.069489
19956000,0.120347,126.511495,4.069488
19957000,0.120347,126.511461,4.069487
19958000,0.120347,126.511427,4.069486
19959000,0.120347,126.511393,4.069485
19960000,0.120347,126.511358,4.069484
19961000,0.120347,126.511324,4.069483
19962000,0.120347,126.511290,4.069482
19963000,0.120347,126.511256,4.069481
19964000,0.120347,126.511222,4.069480
19965000,0.120347,126.511188,4.069479
19966000,0.120347,126.511154,4.069478
19967000,0.120347,126.511121,4.069477
19968000,0.120347,126.511087,4.069476
19969000,0.120347,126.511053,4.069475
19970000,0.120347,126.511019,4.069474
19971000,0.120347,126.510985,4.069473
19972000,0.120347,126.510951,4.069472
19973000,0.120347,126.510918,4.069471
19974000,0.120347,126.510884,4.069470
19975000,0.120347,126.510850,4.069469
19976000,0.120347,126.510817,4.069468
19977000,0.120347,126.510783,4.069467
19978000,0.120347,126.510750,4.069466
19979000,0.120347,126.510716,4.069465
19980000,0.120346,126.510683,4.069464
19981000,0.120346,126.510649,4.069463
19982000,0.120346,126.510616,4.069462
19983000,0.120346,126.510582,4.069461
19984000,0.120346,126.510549,4.069460
19985000,0.120346,126.510516,4.069459
19986000,0.120346,126.510482,4.069458
19987000,0.120346,126.510449,4.069457
19988000,0.120346,126.510416,4.069456
19989000,0.120346,126.510382,4.069455
19990000,0.120346,126.510349,4.069454
19991000,0.120346,126.510316,4.069453
19992000,0.120346,126.510283,4.069453
19993000,0.120346,126.510250,4.069452
19994000,0.120346,126.510217,4.069451
19995000,0.120346,126.510184,4.069450
19996000,0.120346,126.510151,4.069449
19997000,0.120346,126.510118,4.069448
19998000,0.120346,126.510085,4.069447
19999000,0.120346,126.510052,4.069446
20000000,0.120346,126.510019,4.069445
20001000,0.120346,126.509986,4.069444
20002000,0.120346,126.509953,4.069443
20003000,0.120346,126.509920,4.069442
20004000,0.120346,126.509888,4.069441
20005000,0.120346,126.509855,4.069440
20006000,0.120346,126.509822,4.069439
20007000,0.120346,126.509789,4.069438
20008000,0.120346,126.509757,4.069437
20009000,0.120346,126.509724,4.069436
20010000,0.120346,126.509692,4.069435
20011000,0.120346,126.509659,4.069434
20012000,0.120345,126.509626,4.069433
20013000,0.120345,126.509594,4.069432
20014000,0.120345,126.509561,4.069431
20015000,0.120345,126.509529,4.069430
20016000,0.120345,126.509497,4.069429
20017000,0.120345,126.509464,4.069428
20018000,0.120345,126.509432,4.069427
20019000,0.120345,126.509399,4.069426
20020000,0.120345,126.509367,4.069425
20021000,0.120345,126.509335,4.069425
20022000,0.120345,126.509303,4.069424
20023000,0.120345,126.509270,4.069423
20024000,0.120345,126.509238,4.069422
20025000,0.120345,126.509206,4.069421
20026000,0.120345,126.509174,4.069420
20027000,0.120345,126.509142,4.069419
20028000,0.120345,126.509110,4.069418
20029000,0.120345,126.509078,4.069417
20030000,0.120345,126.509046,4.069416
20031000,0.120345,126.509014,4.069415
20032000,0.120345,126.508982,4.069414
20033000,0.120345,126.508950,4.069413
20034000,0.120345,126.508918,4.069412
20035000,0.120345,126.508886,4.069411
20036000,0.120345,126.508854,4.069410
20037000,0.120345,126.508822,4.069409
20038000,0.120345,126.508791,4.069408
20039000,0.120345,126.508759,4.069408
20040000,0.120345,126.508727,4.069407
20041000,0.120345,126.508695,4.069406
20042000,0.120345,126.508664,4.069405
20043000,0.120345,126.508632,4.069404
20044000,0.120345,126.508600,4.069403
20045000,0.120345,126.508569,4.069402
20046000,0.120344,126.508537,4.069401
20047000,0.120344,126.508506,4.069400
20048000,0.120344,126.508474,4.069399
20049000,0.120344,126.508443,4.069398
20050000,0.120344,126.508411,4.069397
20051000,0.120344,126.508380,4.069396
20052000,0.120344,126.508349,4.069395
20053000,0.120344,126.508317,4.069395
20054000,0.120344,126.508286,4.069394
20055000,0.120344,126.508255,4.069393
20056000,0.120344,126.508223,4.069392
20057000,0.120344,126.508192,4.069391
20058000,0.120344,126.508161,4.069390
20059000,0.120344,126.508130,4.069389
20060000,0.120344,126.508098,4.069388
20061000,0.120344,126.508067,4.069387
20062000,0.120344,126.508036,4.069386
20063000,0.120344,126.508005,4.069385
20064000,0.120344,126.507974,4.069384
20065000,0.120344,126.507943,4.069383
20066000,0.120344,126.507912,4.069383
20067000,0.120344,126.507881,4.069382
20068000,0.120344,126.507850,4.069381
20069000,0.120344,126.507819,4.069380
20070000,0.120344,126.507788,4.069379
20071000,0.120344,126.507758,4.069378
20072000,0.120344,126.507727,4.069377
20073000,0.120344,126.507696,4.069376
20074000,0.120344,126.507665,4.069375
20075000,0.120344,126.507634,4.069374
20076000,0.120344,126.507604,4.069373
20077000,0.120344,126.507573,4.069373
20078000,0.120344,126.507542,4.069372
20079000,0.120344,126.507512,4.069371
20080000,0.120343,126.507481,4.069370
20081000,0.120343,126.507451,4.069369
20082000,0.000000,126.105528,-11.418310
20083000,0.201525,126.378219,14.553382
20084000,0.116721,126.366609,3.614827
20085000,0.118936,126.362442,3.900925
20086000,0.119784,126.361125,4.010454
20087000,0.120113,126.360910,4.052861
20088000,0.120240,126.361122,4.069271
20089000,0.120289,126.361496,4.075540
20090000,0.120307,126.361929,4.077839
20091000,0.120313,126.362380,4.078579
20092000,0.120314,126.362834,4.078705
20093000,0.120314,126.363284,4.078587
20094000,0.120312,126.363727,4.078368
20095000,0.120311,126.364164,4.078107
20096000,0.120309,126.364592,4.077826
20097000,0.120307,126.365011,4.077533
20098000,0.120305,126.365423,4.077233
20099000,0.120303,126.365825,4.076926
20100000,0.279233,126.896983,24.530603
20101000,0.000000,126.493496,-11.453468
20102000,0.106849,126.448457,2.333957
20103000,0.115921,126.433895,3.505605
20104000,0.119181,126.430277,3.926372
20105000,0.120402,126.430751,4.083859
20106000,0.120859,126.432752,4.142705
20107000,0.121023,126.435290,4.163533
20108000,0.121071,126.437979,4.169544
20109000,0.121075,126.440669,4.169747
20110000,0.121060,126.443301,4.167659
20111000,0.121039,126.445850,4.164658
20112000,0.121014,126.448307,4.161285
20113000,0.120989,126.450669,4.157754
20114000,0.120962,126.452933,4.154150
20115000,0.120936,126.455099,4.150508
20116000,0.120909,126.457167,4.146845
20117000,0.120882,126.459135,4.143167
20118000,0.120854,126.461005,4.139481
20119000,0.120827,126.462775,4.135788
20120000,0.514481,127.779165,54.797206
20121000,0.000000,127.372129,-11.533092
20122000,0.000000,126.966732,-11.496354
20123000,0.052651,126.738795,-4.683833
20124000,0.107566,126.695166,2.404131
20125000,0.117481,126.684822,3.683998
20126000,0.120922,126.686011,4.127806
20127000,0.122163,126.691341,4.287463
20128000,0.122583,126.698053,4.341040
20129000,0.122687,126.705085,4.353784
20130000,0.122667,126.712022,4.350624
20131000,0.122599,126.718704,4.341236
20132000,0.122512,126.725068,4.329400
20133000,0.122417,126.731090,4.316601
20134000,0.122319,126.736759,4.303427
20135000,0.122220,126.742073,4.290113
20136000,0.122119,126.747032,4.276758
20137000,0.122019,126.751636,4.263406
20138000,0.121919,126.755887,4.250079
20139000,0.121819,126.759786,4.236793
20140000,0.642862,128.503717,71.292438
20141000,0.000000,128.093758,-11.598489
20142000,0.000000,127.685454,-11.561487
20143000,0.000000,127.278796,-11.524634
20144000,0.073402,127.118905,-2.041378
20145000,0.111938,127.088349,2.932475
20146000,0.120979,127.088107,4.098692
20147000,0.124057,127.098146,4.494851
20148000,0.125089,127.111592,4.626841
20149000,0.125356,127.125876,4.659980
20150000,0.125328,127.140009,4.655054
20151000,0.125185,127.153605,4.635309
20152000,0.124996,127.166516,4.609774
20153000,0.124789,127.178684,4.581984
20154000,0.124575,127.190088,4.553331
20155000,0.124358,127.200721,4.524374
20156000,0.124140,127.210584,4.495343
20157000,0.123921,127.219677,4.466341
20158000,0.123703,127.228004,4.437419
20159000,0.123485,127.235570,4.408610
20160000,0.123267,127.242379,4.379936
20161000,0.123050,127.248437,4.351419
20162000,0.587638,128.805981,64.141244
20163000,0.000000,128.394801,-11.625770
20164000,0.000000,127.985282,-11.588658
20165000,0.016970,127.634087,-9.367751
20166000,0.114369,127.609578,3.198856
20167000,0.123768,127.616555,4.410661
20168000,0.126854,127.633808,4.807093
20169000,0.127796,127.654138,4.926814
20170000,0.127940,127.674866,4.943474
20171000,0.127776,127.694966,4.920590
20172000,0.127494,127.714041,4.882409
20173000,0.127164,127.731939,4.838300
20174000,0.126817,127.748604,4.791950
20175000,0.126462,127.764018,4.744816
20176000,0.126105,127.778178,4.697488
20177000,0.125748,127.791087,4.650215
20178000,0.125391,127.802753,4.603111
20179000,0.125035,127.813182,4.556242
20180000,0.510461,129.110716,54.157898
20181000,0.000000,128.698304,-11.653275
20182000,0.000000,128.287559,-11.616052
20183000,0.096376,128.200327,0.824240
20184000,0.121080,128.195944,4.011321
20185000,0.127798,128.214015,4.876324
20186000,0.129900,128.239033,5.145242
20187000,0.130382,128.265561,5.205037
20188000,0.130255,128.291558,5.186310
20189000,0.129894,128.316244,5.137474
20190000,0.129442,128.339320,5.077077
20191000,0.128955,128.360678,5.012326
20192000,0.128455,128.380279,4.946054
20193000,0.127951,128.398117,4.879391
20194000,0.127446,128.414197,4.812803
20195000,0.126942,128.428530,4.746498
20196000,0.126440,128.441127,4.680579
20197000,0.415808,129.420033,41.919889
20198000,0.000000,129.006368,-11.681194
20199000,0.084957,128.878098,-0.710212
20200000,0.122476,128.875639,4.129804
20201000,0.130181,128.898923,5.121642
20202000,0.132474,128.929772,5.414716
20203000,0.132915,128.961967,5.468624
20204000,0.132665,128.993199,5.433622
20205000,0.132152,129.022592,5.364783
20206000,0.131538,129.049815,5.283089
20207000,0.130886,129.074748,5.196671
20208000,0.130220,129.097358,5.108720
20209000,0.129550,129.117639,5.020508
20210000,0.128881,129.135604,4.932564
20211000,0.128214,129.151269,4.845123
20212000,0.127551,129.164655,4.758308
20213000,0.126891,129.175784,4.672194
20214000,0.126236,129.184678,4.586840
20215000,0.125585,129.191364,4.502294
20216000,0.124939,129.195866,4.418603
20217000,0.124299,129.198213,4.335810
20218000,0.123665,129.198431,4.253957
20219000,0.123037,129.196550,4.173085
20220000,0.292333,129.760049,25.960922
20221000,0.094411,129.660297,0.438398
20222000,0.126546,129.668266,4.583089
20223000,0.129485,129.686017,4.960534
20224000,0.130094,129.705730,5.037368
20225000,0.129837,129.724505,5.002498
20226000,0.129251,129.741245,4.925312
20227000,0.128539,129.755542,4.832236
20228000,0.127782,129.767252,4.733536
20229000,0.127011,129.776340,4.633246
20230000,0.126238,129.782810,4.532976
20231000,0.125469,129.786685,4.433386
20232000,0.124705,129.787995,4.334764
20233000,0.123949,129.786771,4.237252
20234000,0.123199,129.783051,4.140932
20235000,0.122458,129.776870,4.045862
20236000,0.121725,129.768266,3.952091
20237000,0.121001,129.757278,3.859664
20238000,0.120286,129.743947,3.768620
20239000,0.119580,129.728313,3.678999
20240000,0.143307,129.791981,6.734021
20241000,0.120234,129.778334,3.758773
20242000,0.119329,129.761722,3.643556
20243000,0.118562,129.742616,3.546378
20244000,0.117856,129.721230,3.457266
20245000,0.117181,129.697676,3.372295
20246000,0.116524,129.672026,3.289933
20247000,0.115882,129.644334,3.209595
20248000,0.115253,129.614652,3.131068
20249000,0.114635,129.583029,3.054286
20250000,0.114030,129.549512,2.979240
20251000,0.113437,129.514150,2.905941
20252000,0.112856,129.476993,2.834409
20253000,0.112288,129.438090,2.764667
20254000,0.111733,129.397490,2.696738
20255000,0.111191,129.355244,2.630643
20256000,0.110662,129.311404,2.566405
20257000,0.110147,129.266021,2.504042
20258000,0.109645,129.219145,2.443574
20259000,0.109157,129.170830,2.385018
20260000,0.108683,129.121129,2.328392
20261000,0.108224,129.070093,2.273711
20262000,0.107778,129.017775,2.220989
20263000,0.107347,128.964230,2.170239
20264000,0.106931,128.909511,2.121473
20265000,0.106529,128.853671,2.074702
20266000,0.106142,128.796765,2.029936
20267000,0.105770,128.738846,1.987182
20268000,0.105413,128.679968,1.946447
20269000,0.105071,128.620186,1.907738
20270000,0.104744,128.559554,1.871059
20271000,0.104432,128.498125,1.836413
20272000,0.104136,128.435955,1.803803
20273000,0.103854,128.373097,1.773229
20274000,0.103588,128.309604,1.744690
20275000,0.103338,128.245531,1.718185
20276000,0.103103,128.180932,1.693711
20277000,0.102883,128.115860,1.671264
20278000,0.102679,128.050367,1.650838
20279000,0.102490,127.984508,1.632426
20280000,0.102316,127.918334,1.616019
20281000,0.102158,127.851898,1.601610
20282000,0.102015,127.785252,1.589186
20283000,0.101887,127.718447,1.578736
20284000,0.101774,127.651534,1.570247
20285000,0.101676,127.584565,1.563704
20286000,0.101593,127.517588,1.559091
20287000,0.101525,127.450654,1.556392
20288000,0.101472,127.383812,1.555588
20289000,0.101434,127.317111,1.556660
20290000,0.101410,127.250597,1.559587
20291000,0.101400,127.184319,1.564347
20292000,0.101405,127.118322,1.570918
20293000,0.101423,127.052653,1.579275
20294000,0.101456,126.987357,1.589394
20295000,0.101502,126.922478,1.601247
20296000,0.101562,126.858059,1.614808
20297000,0.101635,126.794144,1.630048
20298000,0.101722,126.730774,1.646938
20299000,0.101821,126.667990,1.665447
20300000,0.101933,126.605833,1.685543
20301000,0.102058,126.544342,1.707195
20302000,0.102195,126.483555,1.730369
20303000,0.102344,126.423509,1.755032
20304000,0.102504,126.364241,1.781143
20305000,0.102676,126.305785,1.808634
20306000,0.102860,126.248177,1.837528
20307000,0.103055,126.191449,1.867775
20308000,0.103260,126.135635,1.899330
20309000,0.103476,126.080766,1.932154
20310000,0.103702,126.026871,1.966207
20311000,0.103938,125.973981,2.001447
20312000,0.104184,125.922123,2.037836
20313000,0.104439,125.871324,2.075331
20314000,0.104703,125.821610,2.113893
20315000,0.104975,125.773005,2.153479
20316000,0.105257,125.725535,2.194047
20317000,0.105546,125.679220,2.235555
20318000,0.105843,125.634082,2.277960
20319000,0.106147,125.590142,2.321220
20320000,0.106459,125.547419,2.365292
20321000,0.106777,125.505929,2.410132
20322000,0.107102,125.465691,2.455697
20323000,0.107434,125.426720,2.501944
20324000,0.107770,125.389029,2.548829
20325000,0.108113,125.352634,2.596308
20326000,0.108461,125.317544,2.644339
20327000,0.108813,125.283773,2.692878
20328000,0.109170,125.251329,2.741882
20329000,0.109532,125.220221,2.791307
20330000,0.109897,125.190456,2.841112
20331000,0.110266,125.162043,2.891252
20332000,0.110637,125.134984,2.941686
20333000,0.111012,125.109286,2.992372
20334000,0.111390,125.084951,3.043267
20335000,0.111769,125.061981,3.094331
20336000,0.112151,125.040377,3.145522
20337000,0.112534,125.020140,3.196800
20338000,0.112919,125.001268,3.248124
20339000,0.113305,124.983759,3.299456
20340000,0.113691,124.967610,3.350755
20341000,0.114078,124.952817,3.401983
20342000,0.114465,124.939375,3.453104
20343000,0.114851,124.927278,3.504079
20344000,0.115237,124.916519,3.554873
20345000,0.115623,124.907091,3.605451
20346000,0.116007,124.898983,3.655780
20347000,0.116391,124.892188,3.705825
20348000,0.116772,124.886694,3.755538
20349000,0.117151,124.882486,3.804767
20350000,0.117527,124.879551,3.853517
20351000,0.117901,124.877877,3.901958
20352000,0.118273,124.877453,3.950006
20353000,0.118643,124.878265,3.997638
20354000,0.119011,124.880304,4.044941
20355000,0.119375,124.883550,4.091614
20356000,0.119735,124.887985,4.137611
20357000,0.120090,124.893589,4.182960
20358000,0.120442,124.900344,4.227665
20359000,0.120789,124.908231,4.271718
20360000,0.121131,124.917231,4.315097
20361000,0.121469,124.927323,4.357782
20362000,0.121802,124.938488,4.399749
20363000,0.122131,124.950704,4.440974
20364000,0.122454,124.963950,4.481437
20365000,0.122771,124.978203,4.521115
20366000,0.123083,124.993442,4.559989
20367000,0.123390,125.009643,4.598039
20368000,0.123690,125.026783,4.635250
20369000,0.123985,125.044838,4.671602
20370000,0.124273,125.063784,4.707081
20371000,0.124555,125.083596,4.741672
20372000,0.124831,125.104250,4.775360
20373000,0.125100,125.125720,4.808132
20374000,0.125362,125.147981,4.839977
20375000,0.125618,125.171007,4.870882
20376000,0.125867,125.194772,4.900838
20377000,0.126109,125.219251,4.929835
20378000,0.126344,125.244416,4.957865
20379000,0.126572,125.270242,4.984919
20380000,0.126792,125.296702,5.010991
20381000,0.127006,125.323769,5.036075
20382000,0.127212,125.351416,5.060166
20383000,0.127411,125.379617,5.083259
20384000,0.127602,125.408344,5.105351
20385000,0.127786,125.437571,5.126440
20386000,0.127963,125.467271,5.146523
20387000,0.128132,125.497416,5.165599
20388000,0.128293,125.527981,5.183669
20389000,0.128448,125.558938,5.200733
20390000,0.128594,125.590260,5.216792
20391000,0.128733,125.621921,5.231848
20392000,0.128864,125.653894,5.245904
20393000,0.128988,125.686153,5.258963
20394000,0.129105,125.718672,5.271031
20395000,0.129214,125.751424,5.282112
20396000,0.129315,125.784384,5.292211
20397000,0.129409,125.817526,5.301335
20398000,0.129496,125.850824,5.309490
20399000,0.129575,125.884254,5.316686
20400000,0.129647,125.917791,5.322929
20401000,0.129712,125.951409,5.328228
20402000,0.129769,125.985085,5.332594
20403000,0.129819,126.018793,5.336035
20404000,0.129863,126.052512,5.338564
20405000,0.129899,126.086216,5.340190
20406000,0.129928,126.119884,5.340925
20407000,0.129951,126.153492,5.340782
20408000,0.129967,126.187018,5.339773
20409000,0.129976,126.220439,5.337911
20410000,0.129978,126.253735,5.335211
20411000,0.129974,126.286884,5.331685
20412000,0.129964,126.319865,5.327348
20413000,0.129947,126.352657,5.322215
20414000,0.129924,126.385242,5.316301
20415000,0.129895,126.417599,5.309622
20416000,0.129860,126.449709,5.302194
20417000,0.129819,126.481554,5.294032
20418000,0.129772,126.513116,5.285154
20419000,0.129720,126.544376,5.275576
20420000,0.129662,126.575317,5.265315
20421000,0.129599,126.605924,5.254389
20422000,0.129530,126.636179,5.242814
20423000,0.129457,126.666066,5.230610
20424000,0.129378,126.695571,5.217794
20425000,0.129295,126.724679,5.204384
20426000,0.129207,126.753375,5.190399
20427000,0.129114,126.781646,5.175856
20428000,0.129016,126.809478,5.160776
20429000,0.128915,126.836859,5.145176
20430000,0.128809,126.863776,5.129075
20431000,0.128699,126.890218,5.112492
20432000,0.128585,126.916173,5.095447
20433000,0.128467,126.941631,5.077959
20434000,0.128346,126.966582,5.060046
20435000,0.128221,126.991015,5.041728
20436000,0.128093,127.014922,5.023024
20437000,0.127961,127.038294,5.003953
20438000,0.127827,127.061123,4.984535
20439000,0.127689,127.083401,4.964788
20440000,0.127549,127.105122,4.944732
20441000,0.127406,127.126278,4.924386
20442000,0.127261,127.146863,4.903768
20443000,0.127113,127.166873,4.882898
20444000,0.126963,127.186301,4.861795
20445000,0.126811,127.205144,4.840477
20446000,0.126657,127.223396,4.818962
20447000,0.126502,127.241055,4.797270
20448000,0.126344,127.258117,4.775418
20449000,0.126185,127.274580,4.753425
20450000,0.126025,127.290442,4.731309
20451000,0.125863,127.305700,4.709087
20452000,0.125701,127.320353,4.686778
20453000,0.125537,127.334401,4.664399
20454000,0.125373,127.347844,4.641966
20455000,0.125207,127.360681,4.619498
20456000,0.125042,127.372912,4.597011
20457000,0.124876,127.384540,4.574521
20458000,0.124709,127.395565,4.552046
20459000,0.124542,127.405989,4.529600
20460000,0.124376,127.415814,4.507201
20461000,0.124209,127.425043,4.484864
20462000,0.124043,127.433678,4.462604
20463000,0.123876,127.441724,4.440436
20464000,0.123711,127.449184,4.418375
20465000,0.123545,127.456063,4.396437
20466000,0.123381,127.462363,4.374634
20467000,0.123217,127.468092,4.352981
20468000,0.123054,127.473253,4.331492
20469000,0.122892,127.477852,4.310181
20470000,0.122731,127.481896,4.289059
20471000,0.122571,127.485390,4.268140
20472000,0.122413,127.488341,4.247437
20473000,0.122256,127.490755,4.226962
20474000,0.122100,127.492641,4.206726
20475000,0.121946,127.494004,4.186741
20476000,0.121794,127.494854,4.167017
20477000,0.121644,127.495197,4.147567
20478000,0.121495,127.495042,4.128400
20479000,0.121348,127.494398,4.109527
20480000,0.121203,127.493273,4.090956
20481000,0.121061,127.491677,4.072699
20482000,0.120920,127.489617,4.054763
20483000,0.120782,127.487104,4.037158
20484000,0.120646,127.484148,4.019892
20485000,0.120513,127.480757,4.002973
20486000,0.120381,127.476942,3.986409
20487000,0.120253,127.472713,3.970207
20488000,0.120127,127.468081,3.954374
20489000,0.120004,127.463055,3.938917
20490000,0.119883,127.457646,3.923843
20491000,0.119765,127.451866,3.909156
20492000,0.119650,127.445724,3.894863
20493000,0.119538,127.439232,3.880969
20494000,0.119428,127.432401,3.867479
20495000,0.119322,127.425242,3.854397
20496000,0.119218,127.417766,3.841728
20497000,0.119118,127.409985,3.829475
20498000,0.119020,127.401910,3.817642
20499000,0.118926,127.393552,3.806233
20500000,0.118835,127.384923,3.795249
20501000,0.118747,127.376035,3.784694
20502000,0.118662,127.366900,3.774569
20503000,0.118580,127.357528,3.764877
20504000,0.118502,127.347931,3.755619
20505000,0.118426,127.338122,3.746795
20506000,0.118354,127.328112,3.738408
20507000,0.118286,127.317912,3.730457
20508000,0.118220,127.307534,3.722943
20509000,0.118158,127.296990,3.715865
20510000,0.118099,127.286292,3.709223
20511000,0.118043,127.275450,3.703016
20512000,0.117991,127.264477,3.697244
20513000,0.117941,127.253383,3.691904
20514000,0.117895,127.242180,3.686963
20515000,0.117852,127.230878,3.682400
20516000,0.117812,127.219488,3.678311
20517000,0.117776,127.208023,3.674665
20518000,0.117743,127.196494,3.671449
20519000,0.117713,127.184911,3.668654
20520000,0.117686,127.173286,3.666275
20521000,0.117663,127.161630,3.664308
20522000,0.117643,127.149953,3.662750
20523000,0.117624,127.138262,3.661449
20524000,0.117609,127.126567,3.660561
20525000,0.117598,127.114881,3.660142
20526000,0.117590,127.103214,3.660142
20527000,0.117585,127.091578,3.660539
20528000,0.117582,127.079981,3.661321
20529000,0.117583,127.068434,3.662478
20530000,0.117587,127.056946,3.664005
20531000,0.117594,127.045526,3.665905
20532000,0.117603,127.034184,3.668160
20533000,0.117616,127.022928,3.670760
20534000,0.117631,127.011768,3.673713
20535000,0.117651,127.000722,3.677356
20536000,0.117673,126.989791,3.681127
20537000,0.117696,126.978983,3.685142
20538000,0.117722,126.968305,3.689442
20539000,0.117750,126.957764,3.694039
20540000,0.117781,126.947368,3.698935
20541000,0.117814,126.937124,3.704125
20542000,0.117849,126.927039,3.709602
20543000,0.117887,126.917120,3.715359
20544000,0.117927,126.907375,3.721389
20545000,0.117969,126.897809,3.727684
20546000,0.118013,126.888429,3.734236
20547000,0.118059,126.879241,3.741037
20548000,0.118108,126.870252,3.748078
20549000,0.118158,126.861466,3.755352
20550000,0.118210,126.852890,3.762850
20551000,0.118264,126.844528,3.770564
20552000,0.118320,126.836385,3.778485
20553000,0.118377,126.828467,3.786605
20554000,0.118436,126.820778,3.794916
20555000,0.118497,126.813322,3.803408
20556000,0.118559,126.806104,3.812075
20557000,0.118622,126.799127,3.820906
20558000,0.118687,126.792394,3.829894
20559000,0.118753,126.785910,3.839029
20560000,0.118821,126.779678,3.848304
20561000,0.118890,126.773700,3.857710
20562000,0.118960,126.767979,3.867238
20563000,0.119030,126.762518,3.876879
20564000,0.119102,126.757319,3.886627
20565000,0.119175,126.752384,3.896471
20566000,0.119249,126.747716,3.906403
20567000,0.119323,126.743315,3.916416
20568000,0.119399,126.739182,3.926501
20569000,0.119475,126.735321,3.936649
20570000,0.119551,126.731730,3.946852
20571000,0.119628,126.728411,3.957102
20572000,0.119706,126.725365,3.967391
20573000,0.119784,126.722592,3.977711
20574000,0.119862,126.720092,3.988053
20575000,0.119941,126.717865,3.998409
20576000,0.120020,126.715910,4.008771
20577000,0.120099,126.714228,4.019130
20578000,0.120179,126.712816,4.029479
20579000,0.120258,126.711676,4.039807
20580000,0.120337,126.710804,4.050108
20581000,0.120416,126.710200,4.060372
20582000,0.120495,126.709862,4.070591
20583000,0.120574,126.709789,4.080757
20584000,0.120652,126.709978,4.090864
20585000,0.120731,126.710428,4.100906
20586000,0.120808,126.711135,4.110886
20587000,0.120886,126.712099,4.120824
20588000,0.121035,126.713556,4.139874
20589000,0.121150,126.715391,4.154528
20590000,0.121203,126.717396,4.161209
20591000,0.121232,126.719490,4.164753
20592000,0.121287,126.721761,4.171697
20593000,0.121389,126.724361,4.184543
20594000,0.121514,126.727369,4.200446
20595000,0.121520,126.730386,4.200978
20596000,0.121548,126.733482,4.204225
20597000,0.121601,126.736746,4.210861
20598000,0.121665,126.740209,4.218803
20599000,0.121733,126.743885,4.227198
20600000,0.121802,126.747776,4.235695
20601000,0.121870,126.751879,4.244145
20602000,0.121938,126.756191,4.252485
20603000,0.122004,126.760710,4.260684
20604000,0.122070,126.765429,4.268727
20605000,0.122135,126.770345,4.276605
20606000,0.122198,126.775452,4.284312
20607000,0.122260,126.780747,4.291844
20608000,0.122321,126.786223,4.299197
20609000,0.122381,126.791877,4.306367
20610000,0.122439,126.797702,4.313352
20611000,0.122496,126.803694,4.320149
20612000,0.122551,126.809847,4.326757
20613000,0.122605,126.816156,4.333173
20614000,0.122658,126.822616,4.339395
20615000,0.122709,126.829222,4.345422
20616000,0.122759,126.835969,4.351253
20617000,0.122808,126.842850,4.356886
20618000,0.122855,126.849860,4.362321
20619000,0.122901,126.856995,4.367556
20620000,0.122945,126.864248,4.372591
20621000,0.122987,126.871615,4.377425
20622000,0.123029,126.879089,4.382058
20623000,0.123068,126.886666,4.386489
20624000,0.123106,126.894340,4.390718
20625000,0.123143,126.902106,4.394745
20626000,0.123178,126.909958,4.398570
20627000,0.123212,126.917890,4.402193
20628000,0.123244,126.925899,4.405615
20629000,0.123275,126.933977,4.408836
20630000,0.123304,126.942120,4.411857
20631000,0.123331,126.950323,4.414678
20632000,0.123358,126.958581,4.417300
20633000,0.123382,126.966887,4.419724
20634000,0.123405,126.975237,4.421952
20635000,0.123427,126.983626,4.423984
20636000,0.123447,126.992048,4.425821
20637000,0.123466,127.000499,4.427466
20638000,0.123483,127.008974,4.428919
20639000,0.123499,127.017467,4.430183
20640000,0.123513,127.025974,4.431259
20641000,0.123526,127.034489,4.432149
20642000,0.123537,127.043009,4.432855
20643000,0.123548,127.051528,4.433379
20644000,0.123556,127.060042,4.433723
20645000,0.123563,127.068545,4.433890
20646000,0.123569,127.077035,4.433882
20647000,0.123574,127.085505,4.433701
20648000,0.123577,127.093952,4.433350
20649000,0.123579,127.102371,4.432833
20650000,0.123580,127.110759,4.432150
20651000,0.123579,127.119110,4.431306
20652000,0.123577,127.127422,4.430303
20653000,0.123574,127.135690,4.429145
20654000,0.123569,127.143909,4.427833
20655000,0.123564,127.152077,4.426372
20656000,0.123557,127.160190,4.424765
20657000,0.123549,127.168243,4.423014
20658000,0.123540,127.176234,4.421123
20659000,0.123530,127.184159,4.419096
20660000,0.123519,127.192014,4.416936
20661000,0.123506,127.199797,4.414647
20662000,0.123493,127.207504,4.412231
20663000,0.123479,127.215133,4.409693
20664000,0.123464,127.222679,4.407035
20665000,0.123447,127.230141,4.404263
20666000,0.123430,127.237516,4.401379
20667000,0.123412,127.244800,4.398387
20668000,0.123393,127.251992,4.395291
20669000,0.123373,127.259089,4.392094
20670000,0.123353,127.266089,4.388801
20671000,0.123331,127.272989,4.385415
20672000,0.123309,127.279787,4.381940
20673000,0.123286,127.286481,4.378379
20674000,0.123263,127.293070,4.374738
20675000,0.123238,127.299551,4.371019
20676000,0.123213,127.305923,4.367226
20677000,0.123188,127.312184,4.363363
20678000,0.123162,127.318332,4.359435
20679000,0.123135,127.324367,4.355444
20680000,0.123108,127.330286,4.351395
20681000,0.123080,127.336089,4.347292
20682000,0.123052,127.341774,4.343138
20683000,0.123023,127.347341,4.338937
20684000,0.122994,127.352788,4.334692
20685000,0.122965,127.358115,4.330409
20686000,0.122935,127.363321,4.326090
20687000,0.122905,127.368405,4.321739
20688000,0.122874,127.373367,4.317360
20689000,0.122843,127.378206,4.312956
20690000,0.122812,127.382923,4.308532
20691000,0.122781,127.387516,4.304090
20692000,0.122750,127.391986,4.299634
20693000,0.122718,127.396333,4.295168
20694000,0.122687,127.400556,4.290695
20695000,0.122655,127.404656,4.286219
20696000,0.122623,127.408632,4.281742
20697000,0.122591,127.412486,4.277269
20698000,0.122559,127.416218,4.272803
20699000,0.122527,127.419828,4.268346
20700000,0.122495,127.423316,4.263903
20701000,0.122463,127.426684,4.259475
20702000,0.122431,127.429932,4.255067
20703000,0.122399,127.433060,4.250681
20704000,0.122368,127.436070,4.246321
20705000,0.122336,127.438962,4.241988
20706000,0.122305,127.441738,4.237686
20707000,0.122273,127.444399,4.233419
20708000,0.122242,127.446945,4.229187
20709000,0.122212,127.449378,4.224995
20710000,0.122181,127.451699,4.220845
20711000,0.122151,127.453910,4.216738
20712000,0.122121,127.456012,4.212679
20713000,0.122091,127.458006,4.208668
20714000,0.122062,127.459895,4.204709
20715000,0.122033,127.461678,4.200804
20716000,0.122004,127.463359,4.196955
20717000,0.121976,127.464938,4.193163
20718000,0.121948,127.466419,4.189432
20719000,0.121920,127.467801,4.185763
20720000,0.121893,127.469087,4.182157
20721000,0.121867,127.470280,4.178617
20722000,0.121841,127.471380,4.175145
20723000,0.121815,127.472390,4.171742
20724000,0.121790,127.473312,4.168409
20725000,0.121765,127.474148,4.165149
20726000,0.121741,127.474900,4.161963
20727000,0.121717,127.475570,4.158851
20728000,0.121694,127.476160,4.155817
20729000,0.121672,127.476672,4.152859
20730000,0.121650,127.477108,4.149981
20731000,0.121628,127.477471,4.147183
20732000,0.121607,127.477764,4.144465
20733000,0.121587,127.477987,4.141830
20734000,0.121567,127.478143,4.139277
20735000,0.121548,127.478236,4.136808
20736000,0.121530,127.478266,4.134423
20737000,0.121512,127.478236,4.132123
20738000,0.121495,127.478150,4.129908
20739000,0.121478,127.478008,4.127780
20740000,0.121462,127.477813,4.125738
20741000,0.121447,127.477568,4.123782
20742000,0.121432,127.477274,4.121914
20743000,0.121418,127.476936,4.120134
20744000,0.121405,127.476553,4.118441
20745000,0.121392,127.476130,4.116835
20746000,0.121380,127.475668,4.115317
20747000,0.121368,127.475170,4.113887
20748000,0.121358,127.474637,4.112545
20749000,0.121347,127.474073,4.111290
20750000,0.121338,127.473480,4.110122
20751000,0.121329,127.472860,4.109040
20752000,0.121321,127.472214,4.108046
20753000,0.121314,127.471547,4.107138
20754000,0.121307,127.470859,4.106315
20755000,0.121300,127.470153,4.105577
20756000,0.121295,127.469431,4.104924
20757000,0.121290,127.468696,4.104356
20758000,0.121286,127.467950,4.103870
20759000,0.121282,127.467194,4.103467
20760000,0.121279,127.466431,4.103146
20761000,0.121277,127.465663,4.102906
20762000,0.121275,127.464893,4.102745
20763000,0.121274,127.464121,4.102664
20764000,0.121273,127.463351,4.102662
20765000,0.121273,127.462584,4.102736
20766000,0.121274,127.461822,4.102886
20767000,0.121275,127.461068,4.103112
20768000,0.121277,127.460322,4.103411
20769000,0.121279,127.459587,4.103783
20770000,0.121282,127.458866,4.104226
20771000,0.121286,127.458158,4.104740
20772000,0.121290,127.457467,4.105323
20773000,0.121294,127.456794,4.105973
20774000,0.121299,127.456141,4.106689
20775000,0.121305,127.455509,4.107470
20776000,0.121311,127.454900,4.108315
20777000,0.121318,127.454315,4.109221
20778000,0.121325,127.453757,4.110188
20779000,0.121332,127.453226,4.111214
20780000,0.121340,127.452724,4.112298
20781000,0.121349,127.452253,4.113438
20782000,0.121358,127.451813,4.114631
20783000,0.121367,127.451407,4.115878
20784000,0.121377,127.451034,4.117176
20785000,0.121387,127.450698,4.118523
20786000,0.121398,127.450398,4.119919
20787000,0.121409,127.450136,4.121360
20788000,0.121420,127.449913,4.122847
20789000,0.121432,127.449731,4.124376
20790000,0.121444,127.449589,4.125947
20791000,0.121456,127.449489,4.127557
20792000,0.121469,127.449432,4.129205
20793000,0.121482,127.449419,4.130890
20794000,0.121495,127.449451,4.132609
20795000,0.121509,127.449528,4.134361
20796000,0.121523,127.449651,4.136144
20797000,0.121537,127.449821,4.137956
20798000,0.121552,127.450039,4.139796
20799000,0.121566,127.450304,4.141662
20800000,0.121581,127.450618,4.143553
20801000,0.121596,127.450982,4.145466
20802000,0.121611,127.451394,4.147400
20803000,0.121627,127.451857,4.149353
20804000,0.121643,127.452370,4.151324
20805000,0.121658,127.452934,4.153311
20806000,0.121674,127.453549,4.155312
20807000,0.121690,127.454215,4.157326
20808000,0.121707,127.454933,4.159351
20809000,0.121723,127.455702,4.161385
20810000,0.121739,127.456523,4.163427
20811000,0.121756,127.457395,4.165475
20812000,0.121772,127.458320,4.167528
20813000,0.121789,127.459296,4.169584
20814000,0.121806,127.460324,4.171642
20815000,0.121822,127.461403,4.173700
20816000,0.121839,127.462534,4.175756
20817000,0.121856,127.463717,4.177810
20818000,0.121873,127.464951,4.179859
20819000,0.121889,127.466235,4.181903
20820000,0.121906,127.467571,4.183939
20821000,0.121923,127.468956,4.185967
20822000,0.121939,127.470392,4.187985
20823000,0.121956,127.471877,4.189991
20824000,0.121973,127.473412,4.191986
20825000,0.121989,127.474996,4.193966
20826000,0.122005,127.476627,4.195932
20827000,0.122022,127.478307,4.197881
20828000,0.122038,127.480034,4.199813
20829000,0.122054,127.481808,4.201726
20830000,0.122070,127.483628,4.203620
20831000,0.122086,127.485493,4.205493
20832000,0.122101,127.487403,4.207344
20833000,0.122117,127.489358,4.209172
20834000,0.122132,127.491356,4.210976
20835000,0.122148,127.493396,4.212756
20836000,0.122163,127.495479,4.214509
20837000,0.122178,127.497604,4.216236
20838000,0.122192,127.499768,4.217935
20839000,0.122207,127.501973,4.219606
20840000,0.122221,127.504216,4.221247
20841000,0.122235,127.506497,4.222858
20842000,0.122249,127.508816,4.224439
20843000,0.122263,127.511171,4.225988
20844000,0.122276,127.513561,4.227504
20845000,0.122289,127.515986,4.228988
20846000,0.122302,127.518444,4.230439
20847000,0.122315,127.520935,4.231855
20848000,0.122328,127.523457,4.233237
20849000,0.122340,127.526010,4.234583
20850000,0.122352,127.528593,4.235894
20851000,0.122363,127.531205,4.237169
20852000,0.122375,127.533844,4.238407
20853000,0.122386,127.536511,4.239609
20854000,0.122397,127.539202,4.240773
20855000,0.122408,127.541919,4.241899
20856000,0.122418,127.544659,4.242988
20857000,0.122428,127.547422,4.244039
20858000,0.122438,127.550207,4.245051
20859000,0.122447,127.553012,4.246025
20860000,0.122457,127.555836,4.246960
20861000,0.122466,127.558679,4.247856
20862000,0.122474,127.561540,4.248713
20863000,0.122483,127.564417,4.249532
20864000,0.122491,127.567309,4.250311
20865000,0.122498,127.570216,4.251051
20866000,0.122506,127.573136,4.251752
20867000,0.122513,127.576068,4.252414
20868000,0.122520,127.579012,4.253037
20869000,0.122527,127.581965,4.253621
20870000,0.122533,127.584928,4.254167
20871000,0.122539,127.587899,4.254674
20872000,0.122545,127.590878,4.255143
20873000,0.122550,127.593862,4.255573
20874000,0.122555,127.596852,4.255966
20875000,0.122560,127.599845,4.256321
20876000,0.122565,127.602842,4.256638
20877000,0.122569,127.605841,4.256918
20878000,0.122573,127.608842,4.257162
20879000,0.122577,127.611842,4.257369
20880000,0.122580,127.614842,4.257540
20881000,0.122583,127.617841,4.257676
20882000,0.122586,127.620837,4.257776
20883000,0.122589,127.623830,4.257841
20884000,0.122591,127.626818,4.257872
20885000,0.122593,127.629802,4.257869
20886000,0.122595,127.632779,4.257833
20887000,0.122597,127.635750,4.257764
20888000,0.122598,127.638713,4.257662
20889000,0.122599,127.641667,4.257529
20890000,0.122600,127.644613,4.257364
20891000,0.122600,127.647548,4.257169
20892000,0.122601,127.650472,4.256944
20893000,0.122601,127.653385,4.256689
20894000,0.122600,127.656286,4.256405
20895000,0.122600,127.659174,4.256093
20896000,0.122599,127.662048,4.255754
20897000,0.122599,127.664907,4.255387
20898000,0.122598,127.667752,4.254994
20899000,0.122596,127.670581,4.254576
20900000,0.122595,127.673393,4.254132
20901000,0.122593,127.676189,4.253665
20902000,0.122591,127.678968,4.253174
20903000,0.122589,127.681728,4.252660
20904000,0.122587,127.684470,4.252124
20905000,0.122585,127.687192,4.251566
20906000,0.122582,127.689896,4.250988
20907000,0.122579,127.692579,4.250390
20908000,0.122576,127.695241,4.249773
20909000,0.122573,127.697883,4.249137
20910000,0.122570,127.700503,4.248484
20911000,0.122567,127.703101,4.247813
20912000,0.122563,127.705677,4.247127
20913000,0.122560,127.708231,4.246425
20914000,0.122556,127.710761,4.245708
20915000,0.122552,127.713269,4.244977
20916000,0.122548,127.715753,4.244233
20917000,0.122544,127.718213,4.243477
20918000,0.122539,127.720649,4.242709
20919000,0.122535,127.723060,4.241930
20920000,0.122531,127.725447,4.241141
20921000,0.122526,127.727810,4.240342
20922000,0.122522,127.730147,4.239535
20923000,0.122517,127.732460,4.238720
20924000,0.122512,127.734747,4.237897
20925000,0.122507,127.737008,4.237068
20926000,0.122502,127.739245,4.236233
20927000,0.122497,127.741455,4.235393
20928000,0.122492,127.743640,4.234549
20929000,0.122487,127.745800,4.233701
20930000,0.122482,127.747933,4.232850
20931000,0.122477,127.750041,4.231996
20932000,0.122472,127.752123,4.231141
20933000,0.122467,127.754180,4.230286
20934000,0.122462,127.756211,4.229429
20935000,0.122456,127.758216,4.228574
20936000,0.122451,127.760195,4.227719
20937000,0.122446,127.762149,4.226866
20938000,0.122441,127.764078,4.226016
20939000,0.122435,127.765981,4.225168
20940000,0.122430,127.767860,4.224324
20941000,0.122425,127.769713,4.223483
20942000,0.122420,127.771542,4.222648
20943000,0.122415,127.773346,4.221818
20944000,0.122409,127.775125,4.220994
20945000,0.122404,127.776881,4.220176
20946000,0.122399,127.778612,4.219365
20947000,0.122394,127.780319,4.218561
20948000,0.122389,127.782003,4.217765
20949000,0.122384,127.783664,4.216978
20950000,0.122379,127.785302,4.216200
20951000,0.122375,127.786917,4.215431
20952000,0.122370,127.788509,4.214672
20953000,0.122365,127.790080,4.213923
20954000,0.122360,127.791629,4.213185
20955000,0.122356,127.793156,4.212459
20956000,0.122351,127.794662,4.211743
20957000,0.122347,127.796147,4.211040
20958000,0.122343,127.797612,4.210349
20959000,0.122338,127.799057,4.209671
20960000,0.122334,127.800482,4.209005
20961000,0.122330,127.801888,4.208354
20962000,0.122326,127.803274,4.207715
20963000,0.122322,127.804643,4.207091
20964000,0.122319,127.805993,4.206481
20965000,0.122315,127.807325,4.205885
20966000,0.122311,127.808640,4.205305
20967000,0.122308,127.809938,4.204739
20968000,0.122305,127.811220,4.204188
20969000,0.122301,127.812486,4.203653
20970000,0.122298,127.813736,4.203134
20971000,0.122295,127.814971,4.202631
20972000,0.122292,127.816191,4.202143
20973000,0.122289,127.817397,4.201672
20974000,0.122287,127.818589,4.201217
20975000,0.122284,127.819767,4.200779
20976000,0.122282,127.820933,4.200357
20977000,0.122279,127.822086,4.199952
20978000,0.122277,127.823228,4.199563
20979000,0.122275,127.824357,4.199192
20980000,0.122273,127.825476,4.198837
20981000,0.122271,127.826584,4.198500
20982000,0.122269,127.827681,4.198179
20983000,0.122268,127.828769,4.197875
20984000,0.122266,127.829848,4.197588
20985000,0.122265,127.830918,4.197319
20986000,0.122264,127.831979,4.197066
20987000,0.122263,127.833033,4.196830
20988000,0.122262,127.834079,4.196612
20989000,0.122261,127.835118,4.196410
20990000,0.122260,127.836151,4.196225
20991000,0.122260,127.837177,4.196056
20992000,0.122259,127.838198,4.195905
20993000,0.122259,127.839214,4.195770
20994000,0.122259,127.840224,4.195651
20995000,0.122259,127.841231,4.195548
20996000,0.122259,127.842233,4.195462
20997000,0.122259,127.843232,4.195392
20998000,0.122259,127.844228,4.195338
20999000,0.122259,127.845221,4.195299
21000000,0.122260,127.846212,4.195276
21001000,0.122261,127.847201,4.195268
21002000,0.122261,127.848189,4.195276
21003000,0.122262,127.849175,4.195299
21004000,0.122263,127.850161,4.195336
21005000,0.122264,127.851146,4.195388
21006000,0.122266,127.852132,4.195454
21007000,0.122267,127.853118,4.195534
21008000,0.122268,127.854105,4.195629
21009000,0.122270,127.855093,4.195737
21010000,0.122271,127.856082,4.195858
21011000,0.122273,127.857073,4.195992
21012000,0.122275,127.858066,4.196140
21013000,0.122277,127.859062,4.196300
21014000,0.122279,127.860061,4.196472
21015000,0.122281,127.861062,4.196656
21016000,0.122283,127.862068,4.196852
21017000,0.122286,127.863076,4.197060
21018000,0.122288,127.864089,4.197279
21019000,0.122291,127.865106,4.197508
21020000,0.122293,127.866128,4.197749
21021000,0.122296,127.867154,4.197999
21022000,0.122299,127.868185,4.198259
21023000,0.122301,127.869222,4.198530
21024000,0.122304,127.870264,4.198809
21025000,0.122307,127.871312,4.199098
21026000,0.122310,127.872365,4.199395
21027000,0.122313,127.873425,4.199700
21028000,0.122317,127.874492,4.200014
21029000,0.122320,127.875564,4.200335
21030000,0.122323,127.876644,4.200664
21031000,0.122327,127.877730,4.201000
21032000,0.122330,127.878824,4.201342
21033000,0.122333,127.879924,4.201691
21034000,0.122337,127.881032,4.202047
21035000,0.122341,127.882148,4.202407
21036000,0.122344,127.883271,4.202774
21037000,0.122348,127.884402,4.203145
21038000,0.122352,127.885541,4.203521
21039000,0.122355,127.886687,4.203902
21040000,0.122359,127.887842,4.204286
21041000,0.122363,127.889005,4.204675
21042000,0.122367,127.890176,4.205067
21043000,0.122371,127.891355,4.205462
21044000,0.122375,127.892543,4.205860
21045000,0.122379,127.893739,4.206261
21046000,0.122383,127.894944,4.206663
21047000,0.122386,127.896157,4.207068
21048000,0.122391,127.897378,4.207474
21049000,0.122395,127.898608,4.207881
21050000,0.122399,127.899847,4.208290
21051000,0.122403,127.901094,4.208699
21052000,0.122407,127.902349,4.209108
21053000,0.122411,127.903613,4.209518
21054000,0.122415,127.904886,4.209927
21055000,0.122419,127.906167,4.210336
21056000,0.122423,127.907456,4.210744
21057000,0.122427,127.908754,4.211151
21058000,0.122431,127.910060,4.211557
21059000,0.122435,127.911375,4.211961
21060000,0.122439,127.912697,4.212364
21061000,0.122443,127.914028,4.212764
21062000,0.122447,127.915367,4.213162
21063000,0.122451,127.916714,4.213557
21064000,0.122455,127.918069,4.213950
21065000,0.122459,127.919431,4.214339
21066000,0.122463,127.920802,4.214725
21067000,0.122467,127.922179,4.215108
21068000,0.122471,127.923565,4.215487
21069000,0.122475,127.924958,4.215862
21070000,0.122479,127.926358,4.216233
21071000,0.122483,127.927765,4.216599
21072000,0.122486,127.929179,4.216961
21073000,0.122490,127.930601,4.217319
21074000,0.122494,127.932029,4.217671
21075000,0.122498,127.933463,4.218018
21076000,0.122501,127.934904,4.218360
21077000,0.122505,127.936351,4.218696
21078000,0.122508,127.937805,4.219027
21079000,0.122512,127.939264,4.219352
21080000,0.122516,127.940729,4.219672
21081000,0.122519,127.942200,4.219985
21082000,0.122522,127.943676,4.220292
21083000,0.122526,127.945158,4.220593
21084000,0.122529,127.946645,4.220887
21085000,0.122532,127.948137,4.221175
21086000,0.122536,127.949633,4.221456
21087000,0.122539,127.951134,4.221731
21088000,0.122542,127.952640,4.221998
21089000,0.122545,127.954149,4.222259
21090000,0.122548,127.955663,4.222513
21091000,0.122551,127.957181,4.222760
21092000,0.122554,127.958702,4.222999
21093000,0.122557,127.960227,4.223232
21094000,0.122560,127.961755,4.223457
21095000,0.122562,127.963286,4.223675
21096000,0.122565,127.964820,4.223885
21097000,0.122568,127.966357,4.224088
21098000,0.122570,127.967896,4.224284
21099000,0.122573,127.969437,4.224472
21100000,0.122575,127.970981,4.224652
21101000,0.122578,127.972526,4.224826
21102000,0.122580,127.974073,4.224991
21103000,0.122582,127.975622,4.225149
21104000,0.122585,127.977171,4.225300
21105000,0.122587,127.978722,4.225443
21106000,0.122589,127.980274,4.225579
21107000,0.122591,127.981827,4.225707
21108000,0.122593,127.983380,4.225828
21109000,0.122595,127.984933,4.225941
21110000,0.122597,127.986487,4.226047
21111000,0.122599,127.988040,4.226146
21112000,0.122601,127.989593,4.226237
21113000,0.122602,127.991146,4.226321
21114000,0.122604,127.992698,4.226398
21115000,0.122606,127.994249,4.226468
21116000,0.122607,127.995800,4.226530
21117000,0.122609,127.997349,4.226586
21118000,0.122610,127.998897,4.226635
21119000,0.122612,128.000443,4.226676
21120000,0.122613,128.001987,4.226711
21121000,0.122614,128.003530,4.226740
21122000,0.122616,128.005071,4.226761
21123000,0.122617,128.006609,4.226776
21124000,0.122618,128.008145,4.226785
21125000,0.122619,128.009679,4.226787
21126000,0.122620,128.011209,4.226783
21127000,0.122621,128.012737,4.226773
21128000,0.122622,128.014262,4.226757
21129000,0.122623,128.015784,4.226735
21130000,0.122624,128.017302,4.226707
21131000,0.122625,128.018817,4.226673
21132000,0.122625,128.020329,4.226634
21133000,0.122626,128.021837,4.226589
21134000,0.122627,128.023341,4.226539
21135000,0.122627,128.024841,4.226484
21136000,0.122628,128.026336,4.226424
21137000,0.122629,128.027828,4.226358
21138000,0.122629,128.029315,4.226288
21139000,0.122629,128.030798,4.226213
21140000,0.122630,128.032276,4.226134
21141000,0.122630,128.033750,4.226050
21142000,0.122631,128.035219,4.225962
21143000,0.122631,128.036683,4.225869
21144000,0.122631,128.038142,4.225773
21145000,0.122631,128.039595,4.225672
21146000,0.122632,128.041044,4.225568
21147000,0.122632,128.042488,4.225461
21148000,0.122632,128.043926,4.225350
21149000,0.122632,128.045358,4.225235
21150000,0.122632,128.046786,4.225118
21151000,0.122632,128.048207,4.224997
21152000,0.122632,128.049624,4.224873
21153000,0.122632,128.051034,4.224747
21154000,0.122632,128.052439,4.224618
21155000,0.122632,128.053838,4.224487
21156000,0.122632,128.055231,4.224353
21157000,0.122632,128.056618,4.224217
21158000,0.122632,128.057999,4.224079
21159000,0.122632,128.059375,4.223940
21160000,0.122632,128.060744,4.223798
21161000,0.122632,128.062107,4.223655
21162000,0.122631,128.063464,4.223510
21163000,0.122631,128.064816,4.223365
21164000,0.122631,128.066161,4.223217
21165000,0.122631,128.067500,4.223069
21166000,0.122631,128.068832,4.222920
21167000,0.122630,128.070159,4.222770
21168000,0.122630,128.071480,4.222620
21169000,0.122630,128.072794,4.222469
21170000,0.122630,128.074102,4.222318
21171000,0.122629,128.075404,4.222166
21172000,0.122629,128.076700,4.222014
21173000,0.122629,128.077990,4.221862
21174000,0.122629,128.079274,4.221711
21175000,0.122628,128.080551,4.221559
21176000,0.122628,128.081823,4.221408
21177000,0.122628,128.083088,4.221258
21178000,0.122628,128.084348,4.221108
21179000,0.122627,128.085601,4.220959
21180000,0.122627,128.086849,4.220810
21181000,0.122627,128.088090,4.220663
21182000,0.122626,128.089326,4.220516
21183000,0.122626,128.090556,4.220371
21184000,0.122626,128.091780,4.220227
21185000,0.122626,128.092998,4.220084
21186000,0.122625,128.094210,4.219943
21187000,0.122625,128.095417,4.219803
21188000,0.122625,128.096618,4.219665
21189000,0.122625,128.097814,4.219529
21190000,0.122625,128.099004,4.219394
21191000,0.122624,128.100189,4.219262
21192000,0.122624,128.101368,4.219131
21193000,0.122624,128.102542,4.219002
21194000,0.122624,128.103710,4.218876
21195000,0.122624,128.104874,4.218752
21196000,0.122624,128.106032,4.218630
21197000,0.122623,128.107185,4.218510
21198000,0.122623,128.108333,4.218393
21199000,0.122623,128.109477,4.218279
21200000,0.122623,128.110615,4.218166
21201000,0.122623,128.111749,4.218057
21202000,0.122623,128.112878,4.217950
21203000,0.122623,128.114002,4.217846
21204000,0.122623,128.115122,4.217745
21205000,0.122623,128.116238,4.217646
21206000,0.122623,128.117349,4.217551
21207000,0.122623,128.118456,4.217458
21208000,0.122623,128.119558,4.217368
21209000,0.122623,128.120657,4.217281
21210000,0.122624,128.121751,4.217197
21211000,0.122624,128.122842,4.217117
21212000,0.122624,128.123928,4.217039
21213000,0.122624,128.125011,4.216964
21214000,0.122624,128.126090,4.216893
21215000,0.122624,128.127166,4.216824
21216000,0.122625,128.128238,4.216759
21217000,0.122625,128.129307,4.216697
21218000,0.122625,128.130372,4.216638
21219000,0.122626,128.131434,4.216583
21220000,0.122626,128.132493,4.216530
21221000,0.122626,128.133549,4.216481
21222000,0.122627,128.134602,4.216435
21223000,0.122627,128.135651,4.216392
21224000,0.122627,128.136699,4.216353
21225000,0.122628,128.137743,4.216316
21226000,0.122628,128.138785,4.216283
21227000,0.122629,128.139824,4.216253
21228000,0.122629,128.140861,4.216226
21229000,0.122630,128.141895,4.216202
21230000,0.122631,128.142928,4.216182
21231000,0.122631,128.143958,4.216165
21232000,0.122632,128.144985,4.216150
21233000,0.122632,128.146011,4.216139
21234000,0.122633,128.147035,4.216131
21235000,0.122634,128.148057,4.216126
21236000,0.122634,128.149077,4.216124
21237000,0.122635,128.150096,4.216125
21238000,0.122636,128.151113,4.216128
21239000,0.122637,128.152128,4.216135
21240000,0.122637,128.153142,4.216145
21241000,0.122638,128.154155,4.216157
21242000,0.122639,128.155166,4.216172
21243000,0.122640,128.156176,4.216190
21244000,0.122641,128.157184,4.216211
21245000,0.122642,128.158192,4.216235
21246000,0.122643,128.159199,4.216261
21247000,0.122643,128.160204,4.216289
21248000,0.122644,128.161209,4.216321
21249000,0.122645,128.162213,4.216354
21250000,0.122646,128.163216,4.216390
21251000,0.122647,128.164219,4.216429
21252000,0.122648,128.165221,4.216470
21253000,0.122649,128.166222,4.216513
21254000,0.122650,128.167223,4.216558
21255000,0.122652,128.168223,4.216606
21256000,0.122653,128.169223,4.216656
21257000,0.122654,128.170223,4.216707
21258000,0.122655,128.171222,4.216761
21259000,0.122656,128.172221,4.216817
21260000,0.122657,128.173220,4.216875
21261000,0.122658,128.174219,4.216934
21262000,0.122659,128.175217,4.216995
21263000,0.122661,128.176216,4.217058
21264000,0.122662,128.177214,4.217123
21265000,0.122663,128.178213,4.217189
21266000,0.122664,128.179211,4.217257
21267000,0.122666,128.180210,4.217326
21268000,0.122667,128.181209,4.217397
21269000,0.122668,128.182208,4.217469
21270000,0.122669,128.183207,4.217543
21271000,0.122671,128.184207,4.217617
21272000,0.122672,128.185207,4.217693
21273000,0.122673,128.186207,4.217770
21274000,0.122675,128.187207,4.217848
21275000,0.122676,128.188208,4.217926
21276000,0.122677,128.189209,4.218006
21277000,0.122678,128.190211,4.218087
21278000,0.122680,128.191213,4.218168
21279000,0.122681,128.192215,4.218250
21280000,0.122683,128.193218,4.218333
21281000,0.122684,128.194221,4.218417
21282000,0.122685,128.195225,4.218501
21283000,0.122687,128.196229,4.218585
21284000,0.122688,128.197234,4.218670
21285000,0.122689,128.198239,4.218755
21286000,0.122691,128.199245,4.218841
21287000,0.122692,128.200252,4.218927
21288000,0.122693,128.201259,4.219013
21289000,0.122695,128.202266,4.219099
21290000,0.122696,128.203274,4.219186
21291000,0.122698,128.204282,4.219272
21292000,0.122699,128.205291,4.219358
21293000,0.122700,128.206301,4.219444
21294000,0.122702,128.207311,4.219531
21295000,0.122703,128.208322,4.219616
21296000,0.122704,128.209333,4.219702
21297000,0.122706,128.210344,4.219788
21298000,0.122707,128.211357,4.219873
21299000,0.122709,128.212369,4.219957
21300000,0.122710,128.213382,4.220042
21301000,0.122711,128.214396,4.220126
21302000,0.122713,128.215410,4.220209
21303000,0.122714,128.216424,4.220291
21304000,0.122715,128.217439,4.220374
21305000,0.122717,128.218454,4.220455
21306000,0.122718,128.219470,4.220536
21307000,0.122719,128.220486,4.220616
21308000,0.122721,128.221502,4.220695
21309000,0.122722,128.222519,4.220774
21310000,0.122723,128.223536,4.220851
21311000,0.122725,128.224553,4.220928
21312000,0.122726,128.225570,4.221004
21313000,0.122727,128.226588,4.221078
21314000,0.122729,128.227606,4.221152
21315000,0.122730,128.228624,4.221225
21316000,0.122731,128.229642,4.221297
21317000,0.122732,128.230660,4.221368
21318000,0.122734,128.231679,4.221437
21319000,0.122735,128.232697,4.221506
21320000,0.122736,128.233715,4.221573
21321000,0.122737,128.234734,4.221639
21322000,0.122739,128.235752,4.221704
21323000,0.122740,128.236771,4.221768
21324000,0.122741,128.237789,4.221830
21325000,0.122742,128.238807,4.221891
21326000,0.122743,128.239825,4.221951
21327000,0.122744,128.240842,4.222010
21328000,0.122746,128.241860,4.222067
21329000,0.122747,128.242877,4.222123
21330000,0.122748,128.243894,4.222178
21331000,0.122749,128.244910,4.222231
21332000,0.122750,128.245927,4.222283
21333000,0.122751,128.246942,4.222333
21334000,0.122752,128.247958,4.222382
21335000,0.122753,128.248972,4.222430
21336000,0.122755,128.249987,4.222476
21337000,0.122756,128.251001,4.222521
21338000,0.122757,128.252014,4.222565
21339000,0.122758,128.253026,4.222607
21340000,0.122759,128.254038,4.222648
21341000,0.122760,128.255049,4.222687
21342000,0.122761,128.256060,4.222725
21343000,0.122762,128.257069,4.222761
21344000,0.122763,128.258078,4.222796
21345000,0.122764,128.259086,4.222829
21346000,0.122765,128.260094,4.222861
21347000,0.122766,128.261100,4.222892
21348000,0.122766,128.262105,4.222921
21349000,0.122767,128.263110,4.222949
21350000,0.122768,128.264113,4.222976
21351000,0.122769,128.265115,4.223001
21352000,0.122770,128.266116,4.223025
21353000,0.122771,128.267116,4.223047
21354000,0.122772,128.268115,4.223068
21355000,0.122773,128.269113,4.223088
21356000,0.122774,128.270110,4.223107
21357000,0.122774,128.271105,4.223124
21358000,0.122775,128.272099,4.223139
21359000,0.122776,128.273092,4.223154
21360000,0.122777,128.274083,4.223167
21361000,0.122778,128.275073,4.223179
21362000,0.122778,128.276062,4.223190
21363000,0.122779,128.277049,4.223200
21364000,0.122780,128.278035,4.223208
21365000,0.122781,128.279019,4.223215
21366000,0.122781,128.280002,4.223221
21367000,0.122782,128.280983,4.223226
21368000,0.122783,128.281963,4.223230
21369000,0.122784,128.282941,4.223233
21370000,0.122784,128.283917,4.223234
21371000,0.122785,128.284892,4.223235
21372000,0.122786,128.285865,4.223234
21373000,0.122786,128.286837,4.223233
21374000,0.122787,128.287807,4.223230
21375000,0.122788,128.288775,4.223227
21376000,0.122788,128.289741,4.223223
21377000,0.122789,128.290705,4.223217
21378000,0.122789,128.291668,4.223211
21379000,0.122790,128.292629,4.223204
21380000,0.122791,128.293588,4.223196
21381000,0.122791,128.294545,4.223188
21382000,0.122792,128.295501,4.223178
21383000,0.122793,128.296454,4.223168
21384000,0.122793,128.297406,4.223157
21385000,0.122794,128.298355,4.223146
21386000,0.122794,128.299303,4.223134
21387000,0.122795,128.300249,4.223121
21388000,0.122795,128.301193,4.223107
21389000,0.122796,128.302135,4.223093
21390000,0.122796,128.303075,4.223078
21391000,0.122797,128.304013,4.223063
21392000,0.122798,128.304948,4.223047
21393000,0.122798,128.305882,4.223031
21394000,0.122799,128.306814,4.223014
21395000,0.122799,128.307744,4.222997
21396000,0.122800,128.308672,4.222980
21397000,0.122800,128.309598,4.222962
21398000,0.122801,128.310522,4.222943
21399000,0.122801,128.311443,4.222925
21400000,0.122802,128.312363,4.222906
21401000,0.122802,128.313281,4.222887
21402000,0.122803,128.314196,4.222867
21403000,0.122803,128.315110,4.222847
21404000,0.122804,128.316021,4.222828
21405000,0.122804,128.316930,4.222807
21406000,0.122805,128.317838,4.222787
21407000,0.122805,128.318743,4.222767
21408000,0.122806,128.319646,4.222747
21409000,0.122806,128.320547,4.222726
21410000,0.122806,128.321446,4.222706
21411000,0.122807,128.322343,4.222685
21412000,0.122807,128.323238,4.222664
21413000,0.122808,128.324131,4.222644
21414000,0.122808,128.325022,4.222623
21415000,0.122809,128.325911,4.222603
21416000,0.122809,128.326798,4.222583
21417000,0.122810,128.327682,4.222562
21418000,0.122810,128.328565,4.222542
21419000,0.122811,128.329446,4.222522
21420000,0.122811,128.330324,4.222502
21421000,0.122812,128.331201,4.222483
21422000,0.122812,128.332076,4.222463
21423000,0.122813,128.332949,4.222444
21424000,0.122813,128.333819,4.222425
21425000,0.122813,128.334688,4.222407
21426000,0.122814,128.335555,4.222388
21427000,0.122814,128.336420,4.222370
21428000,0.122815,128.337283,4.222352
21429000,0.122815,128.338144,4.222335
21430000,0.122816,128.339003,4.222318
21431000,0.122816,128.339861,4.222301
21432000,0.122817,128.340716,4.222285
21433000,0.122817,128.341570,4.222269
21434000,0.122818,128.342421,4.222253
21435000,0.122818,128.343271,4.222238
21436000,0.122819,128.344119,4.222224
21437000,0.122819,128.344965,4.222209
21438000,0.122820,128.345810,4.222196
21439000,0.122820,128.346653,4.222182
21440000,0.122821,128.347493,4.222170
21441000,0.122821,128.348333,4.222157
21442000,0.122822,128.349170,4.222145
21443000,0.122822,128.350006,4.222134
21444000,0.122823,128.350840,4.222123
21445000,0.122823,128.351672,4.222113
21446000,0.122824,128.352503,4.222103
21447000,0.122824,128.353332,4.222094
21448000,0.122825,128.354159,4.222085
21449000,0.122825,128.354985,4.222077
21450000,0.122826,128.355809,4.222070
21451000,0.122826,128.356632,4.222063
21452000,0.122827,128.357453,4.222056
21453000,0.122827,128.358273,4.222050
21454000,0.122828,128.359091,4.222045
21455000,0.122828,128.359907,4.222040
21456000,0.122829,128.360722,4.222036
21457000,0.122829,128.361536,4.222033
21458000,0.122830,128.362348,4.222030
21459000,0.122831,128.363158,4.222028
21460000,0.122831,128.363968,4.222026
21461000,0.122832,128.364775,4.222025
21462000,0.122832,128.365582,4.222024
21463000,0.122833,128.366387,4.222024
21464000,0.122833,128.367191,4.222025
21465000,0.122834,128.367993,4.222026
21466000,0.122834,128.368794,4.222027
21467000,0.122835,128.369594,4.222030
21468000,0.122836,128.370392,4.222033
21469000,0.122836,128.371190,4.222036
21470000,0.122837,128.371986,4.222040
21471000,0.122837,128.372780,4.222045
21472000,0.122838,128.373574,4.222050
21473000,0.122839,128.374366,4.222056
21474000,0.122839,128.375158,4.222062
21475000,0.122840,128.375948,4.222069
21476000,0.122840,128.376736,4.222076
21477000,0.122841,128.377524,4.222084
21478000,0.122842,128.378311,4.222093
21479000,0.122842,128.379096,4.222102
21480000,0.122843,128.379881,4.222111
21481000,0.122844,128.380664,4.222121
21482000,0.122844,128.381446,4.222132
21483000,0.122845,128.382228,4.222143
21484000,0.122845,128.383008,4.222154
21485000,0.122846,128.383787,4.222166
21486000,0.122847,128.384565,4.222178
21487000,0.122847,128.385343,4.222191
21488000,0.122848,128.386119,4.222205
21489000,0.122849,128.386894,4.222218
21490000,0.122849,128.387669,4.222233
21491000,0.122850,128.388442,4.222247
21492000,0.122851,128.389214,4.222262
21493000,0.122851,128.389986,4.222278
21494000,0.122852,128.390757,4.222294
21495000,0.122853,128.391527,4.222310
21496000,0.122853,128.392296,4.222326
21497000,0.122854,128.393064,4.222343
21498000,0.122855,128.393831,4.222361
21499000,0.122855,128.394597,4.222378
21500000,0.122856,128.395363,4.222396
21501000,0.122857,128.396128,4.222415
21502000,0.122857,128.396892,4.222433
21503000,0.122858,128.397655,4.222452
21504000,0.122859,128.398417,4.222471
21505000,0.122859,128.399178,4.222491
21506000,0.122860,128.399939,4.222510
21507000,0.122861,128.400699,4.222530
21508000,0.122862,128.401458,4.222551
21509000,0.122862,128.402217,4.222571
21510000,0.122863,128.402975,4.222592
21511000,0.122864,128.403732,4.222613
21512000,0.122864,128.404488,4.222634
21513000,0.122865,128.405243,4.222655
21514000,0.122866,128.405998,4.222676
21515000,0.122866,128.406752,4.222698
21516000,0.122867,128.407506,4.222719
21517000,0.122868,128.408258,4.222741
21518000,0.122868,128.409010,4.222763
21519000,0.122869,128.409761,4.222785
21520000,0.122870,128.410512,4.222808
21521000,0.122871,128.411262,4.222830
21522000,0.122871,128.412011,4.222852
21523000,0.122872,128.412759,4.222875
21524000,0.122873,128.413507,4.222897
21525000,0.122873,128.414254,4.222920
21526000,0.122874,128.415001,4.222942
21527000,0.122875,128.415746,4.222965
21528000,0.122875,128.416491,4.222987
21529000,0.122876,128.417236,4.223010
21530000,0.122877,128.417980,4.223033
21531000,0.122878,128.418723,4.223055
21532000,0.122878,128.419465,4.223078
21533000,0.122879,128.420207,4.223100
21534000,0.122880,128.420948,4.223123
21535000,0.122880,128.421688,4.223145
21536000,0.122881,128.422428,4.223167
21537000,0.122882,128.423167,4.223190
21538000,0.122882,128.423905,4.223212
21539000,0.122883,128.424642,4.223234
21540000,0.122884,128.425379,4.223256
21541000,0.122884,128.426116,4.223278
21542000,0.122885,128.426851,4.223300
21543000,0.122886,128.427586,4.223321
21544000,0.122887,128.428320,4.223343
21545000,0.122887,128.429054,4.223364
21546000,0.122888,128.429787,4.223386
21547000,0.122889,128.430519,4.223407
21548000,0.122889,128.431250,4.223428
21549000,0.122890,128.431981,4.223449
21550000,0.000000,128.022312,-11.592014
21551000,1.018267,131.014846,119.491496
21552000,0.000000,130.594705,-11.825138
21553000,0.000000,130.176274,-11.787217
21554000,0.000000,129.759543,-11.749450
21555000,0.000000,129.344502,-11.711837
21556000,0.000000,128.931144,-11.674376
21557000,0.000000,128.519458,-11.637067
21558000,0.066694,128.332165,-3.016642
21559000,0.107856,128.283089,2.297593
21560000,0.118135,128.268538,3.624856
21561000,0.121915,128.266671,4.112706
21562000,0.123405,128.269785,4.304553
21563000,0.124010,128.274907,4.382123
21564000,0.124262,128.280851,4.414160
21565000,0.124372,128.287139,4.427785
21566000,0.124424,128.293574,4.433871
21567000,0.124451,128.300075,4.436804
21568000,0.124468,128.306604,4.438359
21569000,0.124479,128.313146,4.439257
21570000,0.124488,128.319691,4.439790
21571000,0.124495,128.326232,4.440077
21572000,0.124500,128.332765,4.440170
21573000,0.124504,128.339284,4.440088
21574000,0.124507,128.345786,4.439842
21575000,0.000000,127.936465,-11.584234
21576000,1.023142,130.945624,120.126611
21577000,0.000000,130.525765,-11.818890
21578000,0.000000,130.107614,-11.780995
21579000,0.000000,129.691162,-11.743253
21580000,0.000000,129.276399,-11.705665
21581000,0.000000,128.863316,-11.668229
21582000,0.000000,128.451905,-11.630945
21583000,0.065762,128.261771,-3.130510
21584000,0.109359,128.217998,2.497358
21585000,0.119796,128.209258,3.844542
21586000,0.123621,128.213327,4.337614
21587000,0.125121,128.222390,4.530305
21588000,0.125724,128.233429,4.607080
21589000,0.125969,128.245243,4.637620
21590000,0.126069,128.257341,4.649396
21591000,0.126109,128.269524,4.653416
21592000,0.126123,128.281704,4.654119
21593000,0.126125,128.293843,4.653304
21594000,0.126121,128.305919,4.651702
21595000,0.126113,128.317921,4.649612
21596000,0.126103,128.329839,4.647159
21597000,0.126090,128.341665,4.644396
21598000,0.126074,128.353391,4.641349
21599000,0.126057,128.365012,4.638032
21600000,0.000000,127.955614,-11.585969
21601000,0.787010,130.176122,89.735702
21602000,0.000000,129.759391,-11.749437
21603000,0.000000,129.344351,-11.711823
21604000,0.000000,128.930994,-11.674363
21605000,0.000000,128.519309,-11.637054
21606000,0.000000,128.109287,-11.599896
21607000,0.000000,127.700921,-11.562888
21608000,0.081450,127.566207,-1.043726
21609000,0.000000,127.160029,-11.513871
21610000,0.341689,127.896570,32.496630
21611000,0.000000,127.489061,-11.543689
21612000,0.000000,127.083193,-11.506908
21613000,0.000000,126.678958,-11.470275
21614000,0.000000,126.276347,-11.433790
21615000,0.000000,125.875351,-11.397451
21616000,0.000000,125.475961,-11.361258
21617000,0.045643,125.230595,-5.451194
21618000,0.051928,125.007201,-4.620138
21619000,0.054709,124.793985,-4.242094
21620000,0.056658,124.588129,-3.972038
21621000,0.058392,124.388885,-3.730259
21622000,0.060079,124.196070,-3.495141
21623000,0.061767,124.009658,-3.260581
21624000,0.063467,123.829666,-3.024910
21625000,0.065184,123.656123,-2.787770
21626000,0.066916,123.489054,-2.549204
21627000,0.068662,123.328480,-2.309373
21628000,0.070421,123.174420,-2.068475
21629000,0.072192,123.026883,-1.826717
21630000,0.073972,122.885877,-1.584305
21631000,0.075760,122.751401,-1.341445
21632000,0.000000,122.364454,-11.079296
21633000,0.150371,122.481209,8.307676
21634000,0.000000,122.095333,-11.054909
21635000,0.000000,121.710983,-11.020081
21636000,0.057361,121.519712,-3.603241
21637000,0.063295,121.349011,-2.822397
21638000,0.066725,121.190438,-2.365538
21639000,0.069396,121.041412,-2.007434
21640000,0.071821,120.901071,-1.681921
21641000,0.074161,120.769097,-1.368104
21642000,0.076469,120.645350,-1.059167
21643000,0.078762,120.529748,-0.752913
21644000,0.081044,120.422223,-0.448703
21645000,0.083318,120.322713,-0.146432
21646000,0.085581,120.231153,0.153818
21647000,0.087833,120.147473,0.451904
21648000,0.090072,120.071601,0.747660
21649000,0.000000,119.695225,-10.837423
21650000,0.178199,119.915429,12.129938
21651000,0.093471,119.851816,1.205926
21652000,0.094470,119.791789,1.340251
21653000,0.096190,119.737742,1.567066
21654000,0.098213,119.690664,1.832321
21655000,0.100342,119.650881,2.110557
21656000,0.102499,119.618457,2.391734
21657000,0.104653,119.593352,2.671842
21658000,0.106791,119.575485,2.949228
21659000,0.108907,119.564755,3.223162
21660000,0.110998,119.561051,3.493280
21661000,0.113063,119.564257,3.759365
21662000,0.115100,119.574255,4.021261
21663000,0.117109,119.590920,4.278840
21664000,0.119087,119.614128,4.531985
21665000,0.121035,119.643751,4.780590
21666000,0.122952,119.679658,5.024554
21667000,0.124836,119.721715,5.263782
21668000,0.126687,119.769789,5.498181
21669000,0.128504,119.823741,5.727668
21670000,0.130286,119.883434,5.952161
21671000,0.132033,119.948726,6.171586
21672000,0.133743,120.019475,6.385871
21673000,0.135418,120.095538,6.594953
21674000,0.137055,120.176769,6.798771
21675000,0.138654,120.263022,6.997271
21676000,0.140215,120.354150,7.190407
21677000,0.137402,120.435526,6.820163
21678000,0.146501,120.546967,7.983760
21679000,0.144845,120.652440,7.760593
21680000,0.146133,120.761798,7.916812
21681000,0.147451,120.875128,8.076575
21682000,0.148758,120.992376,8.234526
21683000,0.150036,121.113430,8.388433
21684000,0.151278,121.238158,8.537419
21685000,0.152483,121.366415,8.681150
21686000,0.153648,121.498057,8.819512
21687000,0.156382,121.638313,9.159569
21688000,0.154608,121.772088,8.918499
21689000,0.156862,121.912863,9.196563
21690000,0.157901,122.056551,9.317524
21691000,0.158881,122.202946,9.430743
21692000,0.159815,122.351880,9.537704
21693000,0.160706,122.503201,9.638982
21694000,0.161557,122.656763,9.734729
21695000,0.162365,122.812416,9.824878
21696000,0.163129,122.970005,9.909213
21697000,0.163847,123.129365,9.987332
21698000,0.164511,123.290311,10.058412
21699000,0.165099,123.452583,10.119619
21700000,0.165415,123.615266,10.145614
21701000,0.162037,123.766020,9.696132
21702000,0.163275,123.920312,9.841964
21703000,0.165014,124.079797,10.051823
21704000,0.165918,124.241667,10.153783
21705000,0.166453,124.404676,10.207913
21706000,0.166822,124.568272,10.240801
21707000,0.167107,124.732165,10.262659
21708000,0.167335,124.896168,10.277260
21709000,0.167518,125.060127,10.285965
21710000,0.167659,125.223900,10.289261
21711000,0.167759,125.387354,10.287337
21712000,0.167818,125.550353,10.280288
21713000,0.167839,125.712769,10.268190
21714000,0.167820,125.874473,10.251124
21715000,0.167763,126.035339,10.229178
21716000,0.167668,126.195244,10.202449
21717000,0.167536,126.354067,10.171038
21718000,0.167368,126.511692,10.135054
21719000,0.167164,126.668005,10.094605
21720000,0.166508,126.821499,9.996089
21721000,0.166944,126.975832,10.038284
21722000,0.166380,127.127663,9.951840
21723000,0.166020,127.277681,9.891758
21724000,0.165643,127.425836,9.829709
21725000,0.165241,127.572052,9.764551
21726000,0.164810,127.716242,9.695968
21727000,0.164352,127.858319,9.623930
21728000,0.163865,127.998200,9.548508
21729000,0.163352,128.135802,9.469806
21730000,0.162812,128.271047,9.387941
21731000,0.162247,128.403861,9.303034
21732000,0.161658,128.534170,9.215207
21733000,0.161045,128.661907,9.124586
21734000,0.160410,128.787005,9.031293
21735000,0.159753,128.909405,8.935455
21736000,0.159075,129.029047,8.837196
21737000,0.158378,129.145875,8.736641
21738000,0.157662,129.259839,8.633915
21739000,0.156927,129.370890,8.529142
21740000,0.156176,129.478982,8.422446
21741000,0.155409,129.584075,8.313951
21742000,0.154627,129.686129,8.203779
21743000,0.153830,129.785109,8.092052
21744000,0.153020,129.880983,7.978892
21745000,0.152198,129.973722,7.864416
21746000,0.151364,130.063301,7.748744
21747000,0.150520,130.149696,7.631993
21748000,0.149666,130.232888,7.514278
21749000,0.148803,130.312861,7.395712
21750000,0.147932,130.389600,7.276408
21751000,0.147054,130.463095,7.156476
21752000,0.146169,130.533338,7.036024
21753000,0.145279,130.600324,6.915158
21754000,0.144385,130.664049,6.793983
21755000,0.143486,130.724515,6.672599
21756000,0.142585,130.781724,6.551107
21757000,0.141681,130.835682,6.429604
21758000,0.140775,130.886395,6.308186
21759000,0.139869,130.933875,6.186944
21760000,0.138962,130.978134,6.065970
21761000,0.138056,131.019186,5.945351
21762000,0.137151,131.057049,5.825173
21763000,0.136248,131.091741,5.705519
21764000,0.135347,131.123284,5.586469
21765000,0.134449,131.151701,5.468102
21766000,0.133555,131.177017,5.350494
21767000,0.132666,131.199258,5.233717
21768000,0.131781,131.218455,5.117843
21769000,0.130902,131.234636,5.002941
21770000,0.130028,131.247835,4.889076
21771000,0.129161,131.258085,4.776313
21772000,0.128301,131.265421,4.664712
21773000,0.127449,131.269880,4.554334
21774000,0.126604,131.271501,4.445236
21775000,0.125768,131.270322,4.337471
21776000,0.124940,131.266385,4.231094
21777000,0.124122,131.259731,4.126154
21778000,0.123314,131.250405,4.022700
21779000,0.122515,131.238450,3.920778
21780000,0.121727,131.223912,3.820432
21781000,0.120950,131.206837,3.721706
21782000,0.120184,131.187273,3.624639
21783000,0.119429,131.165268,3.529270
21784000,0.118686,131.140871,3.435636
21785000,0.117955,131.114133,3.343771
21786000,0.117236,131.085104,3.253709
21787000,0.116530,131.053836,3.165482
21788000,0.115837,131.020380,3.079118
21789000,0.115158,130.984791,2.994646
21790000,0.114491,130.947121,2.912093
21791000,0.113838,130.907425,2.831483
21792000,0.113199,130.865756,2.752839
21793000,0.112575,130.822170,2.676184
21794000,0.111964,130.776723,2.601537
21795000,0.111368,130.729469,2.528918
21796000,0.110786,130.680466,2.458343
21797000,0.110220,130.629769,2.389830
21798000,0.109668,130.577436,2.323392
21799000,0.109131,130.523523,2.259044
21800000,0.108610,130.468088,2.196797
21801000,0.108104,130.411188,2.136662
21802000,0.107613,130.352881,2.078649
21803000,0.107138,130.293223,2.022766
21804000,0.106678,130.232274,1.969021
21805000,0.106235,130.170091,1.917419
21806000,0.105807,130.106731,1.867965
21807000,0.105395,130.042252,1.820664
21808000,0.104999,129.976713,1.775516
21809000,0.104619,129.910170,1.732526
21810000,0.104255,129.842683,1.691691
21811000,0.103907,129.774307,1.653012
21812000,0.103575,129.705100,1.616487
21813000,0.103259,129.635120,1.582114
21814000,0.102960,129.564424,1.549886
21815000,0.102677,129.493067,1.519801
21816000,0.102409,129.421108,1.491850
21817000,0.102158,129.348601,1.466028
21818000,0.101923,129.275603,1.442324
21819000,0.101704,129.202170,1.420730
21820000,0.101501,129.128356,1.401235
21821000,0.101314,129.054215,1.383825
21822000,0.101143,128.979804,1.368488
21823000,0.100988,128.905174,1.355210
21824000,0.100848,128.830380,1.343973
21825000,0.100724,128.755474,1.334763
21826000,0.100615,128.680508,1.327559
21827000,0.100522,128.605535,1.322343
21828000,0.100445,128.530604,1.319094
21829000,0.100382,128.455767,1.317791
21830000,0.100334,128.381073,1.318409
21831000,0.100301,128.306571,1.320926
21832000,0.100283,128.232308,1.325315
21833000,0.100280,128.158334,1.331550
21834000,0.100290,128.084693,1.339605
21835000,0.100315,128.011433,1.349449
21836000,0.100354,127.938597,1.361054
21837000,0.100406,127.866231,1.374390
21838000,0.100473,127.794377,1.389424
21839000,0.100552,127.723077,1.406125
21840000,0.100644,127.652374,1.424461
21841000,0.100750,127.582307,1.444396
21842000,0.100868,127.512916,1.465897
21843000,0.100998,127.444239,1.488928
21844000,0.101140,127.376315,1.513453
21845000,0.101295,127.309179,1.539436
21846000,0.101460,127.242867,1.566840
21847000,0.101638,127.177413,1.595625
21848000,0.101826,127.112851,1.625754
21849000,0.102025,127.049213,1.657188
21850000,0.102234,126.986530,1.689887
21851000,0.102454,126.924833,1.723810
21852000,0.102683,126.864150,1.758917
21853000,0.102922,126.804509,1.795166
21854000,0.103171,126.745937,1.832517
21855000,0.103428,126.688460,1.870926
21856000,0.103694,126.632103,1.910353
21857000,0.103969,126.576888,1.950755
21858000,0.104251,126.522838,1.992088
21859000,0.104541,126.469973,2.034311
21860000,0.104839,126.418315,2.077381
21861000,0.105144,126.367881,2.121254
21862000,0.105455,126.318690,2.165889
21863000,0.105773,126.270757,2.211241
21864000,0.106097,126.224099,2.257268
21865000,0.106427,126.178730,2.303928
21866000,0.106762,126.134662,2.351177
21867000,0.107103,126.091907,2.398974
21868000,0.107448,126.050478,2.447275
21869000,0.107798,126.010382,2.496040
21870000,0.108152,125.971630,2.545225
21871000,0.108510,125.934228,2.594790
21872000,0.108871,125.898183,2.644693
21873000,0.109236,125.863501,2.694892
21874000,0.109604,125.830186,2.745348
21875000,0.109974,125.798241,2.796019
21876000,0.110347,125.767669,2.846866
21877000,0.110722,125.738470,2.897849
21878000,0.111098,125.710645,2.948929
21879000,0.111476,125.684193,3.000067
21880000,0.111855,125.659113,3.051225
21881000,0.112235,125.635402,3.102365
21882000,0.112615,125.613055,3.153450
21883000,0.112995,125.592069,3.204443
21884000,0.113376,125.572437,3.255308
21885000,0.113756,125.554153,3.306009
21886000,0.114136,125.537211,3.356511
21887000,0.114515,125.521601,3.406781
21888000,0.114892,125.507314,3.456784
21889000,0.115268,125.494341,3.506487
21890000,0.115643,125.482670,3.555858
21891000,0.116015,125.472290,3.604865
21892000,0.116386,125.463189,3.653477
21893000,0.116754,125.455354,3.701664
21894000,0.117119,125.448770,3.749397
21895000,0.117482,125.443423,3.796647
21896000,0.117841,125.439297,3.843385
21897000,0.118197,125.436378,3.889584
21898000,0.118550,125.434647,3.935219
21899000,0.118899,125.434088,3.980263
21900000,0.119244,125.434683,4.024692
21901000,0.119584,125.436414,4.068482
21902000,0.119921,125.439260,4.111609
21903000,0.120252,125.443203,4.154051
21904000,0.120579,125.448223,4.195786
21905000,0.120902,125.454298,4.236795
21906000,0.121219,125.461408,4.277056
21907000,0.121531,125.469532,4.316551
21908000,0.121837,125.478646,4.355263
21909000,0.122138,125.488729,4.393173
21910000,0.122433,125.499758,4.430265
21911000,0.122723,125.511709,4.466524
21912000,0.123006,125.524559,4.501935
21913000,0.123284,125.538285,4.536483
21914000,0.123555,125.552862,4.570157
21915000,0.123820,125.568265,4.602943
21916000,0.124079,125.584470,4.634831
21917000,0.124331,125.601453,4.665810
21918000,0.124576,125.619187,4.695871
21919000,0.124815,125.637648,4.725004
21920000,0.125047,125.656810,4.753202
21921000,0.125272,125.676647,4.780457
21922000,0.125491,125.697134,4.806763
21923000,0.125702,125.718245,4.832115
21924000,0.125906,125.739954,4.856508
21925000,0.126104,125.762235,4.879939
21926000,0.126294,125.785061,4.902403
21927000,0.126477,125.808408,4.923899
21928000,0.126653,125.832249,4.944424
21929000,0.126821,125.856557,4.963980
21930000,0.126983,125.881307,4.982564
21931000,0.127137,125.906474,5.000179
21932000,0.127284,125.932030,5.016824
21933000,0.127424,125.957951,5.032504
21934000,0.127556,125.984210,5.047219
21935000,0.127682,126.010783,5.060975
21936000,0.127800,126.037644,5.073775
21937000,0.127911,126.064767,5.085623
21938000,0.128014,126.092129,5.096526
21939000,0.128111,126.119703,5.106490
21940000,0.128200,126.147466,5.115521
21941000,0.128283,126.175392,5.123627
21942000,0.128358,126.203459,5.130815
21943000,0.128427,126.231643,5.137095
21944000,0.128488,126.259918,5.142476
21945000,0.128543,126.288263,5.146966
21946000,0.128591,126.316655,5.150577
21947000,0.128632,126.345071,5.153319
21948000,0.128667,126.373488,5.155203
21949000,0.128695,126.401884,5.156241
21950000,0.128716,126.430238,5.156444
21951000,0.128731,126.458529,5.155827
21952000,0.128740,126.486736,5.154400
21953000,0.128743,126.514838,5.152179
21954000,0.128739,126.542816,5.149177
21955000,0.128729,126.570648,5.145407
21956000,0.128714,126.598317,5.140885
21957000,0.128692,126.625803,5.135625
21958000,0.128665,126.653088,5.129642
21959000,0.128632,126.680154,5.122952
21960000,0.128594,126.706983,5.115571
21961000,0.128550,126.733558,5.107515
21962000,0.128501,126.759863,5.098800
21963000,0.128447,126.785880,5.089443
21964000,0.128387,126.811595,5.079460
21965000,0.128323,126.836992,5.068868
21966000,0.128254,126.862057,5.057685
21967000,0.128180,126.886774,5.045927
21968000,0.128102,126.911131,5.033613
21969000,0.128019,126.935113,5.020759
21970000,0.127932,126.958708,5.007384
21971000,0.127841,126.981903,4.993505
21972000,0.127745,127.004686,4.979140
21973000,0.127646,127.027047,4.964308
21974000,0.127543,127.048973,4.949025
21975000,0.127436,127.070455,4.933311
21976000,0.127326,127.091482,4.917184
21977000,0.127212,127.112045,4.900660
21978000,0.127096,127.132136,4.883760
21979000,0.126975,127.151744,4.866500
21980000,0.126852,127.170863,4.848899
21981000,0.126727,127.189485,4.830975
21982000,0.126598,127.207603,4.812746
21983000,0.126467,127.225209,4.794230
21984000,0.126333,127.242299,4.775444
21985000,0.126197,127.258866,4.756407
21986000,0.126059,127.274905,4.737135
21987000,0.125919,127.290411,4.717648
21988000,0.125777,127.305380,4.697961
21989000,0.125633,127.319809,4.678093
21990000,0.125487,127.333694,4.658061
21991000,0.125340,127.347031,4.637881
21992000,0.125192,127.359820,4.617571
21993000,0.125042,127.372056,4.597147
21994000,0.124891,127.383740,4.576625
21995000,0.124739,127.394869,4.556023
21996000,0.124587,127.405444,4.535356
21997000,0.124433,127.415463,4.514640
21998000,0.124279,127.424926,4.493890
21999000,0.124124,127.433835,4.473123
22000000,0.123969,127.442190,4.452353
22001000,0.123814,127.449993,4.431596
22002000,0.123658,127.457244,4.410867
22003000,0.123502,127.463946,4.390179
22004000,0.123347,127.470102,4.369548
22005000,0.123191,127.475713,4.348987
22006000,0.123036,127.480784,4.328510
22007000,0.122881,127.485318,4.308131
22008000,0.122727,127.489318,4.287862
22009000,0.122573,127.492788,4.267718
22010000,0.122420,127.495734,4.247710
22011000,0.122268,127.498159,4.227851
22012000,0.122117,127.500069,4.208153
22013000,0.121966,127.501469,4.188627
22014000,0.121817,127.502365,4.169287
22015000,0.121669,127.502762,4.150141
22016000,0.121522,127.502667,4.131203
22017000,0.121376,127.502087,4.112481
22018000,0.121232,127.501028,4.093987
22019000,0.121090,127.499497,4.075730
22020000,0.120949,127.497501,4.057720
22021000,0.120809,127.495048,4.039967
22022000,0.120672,127.492145,4.022480
22023000,0.120536,127.488800,4.005266
22024000,0.120402,127.485022,3.988336
22025000,0.120270,127.480818,3.971696
22026000,0.120140,127.476197,3.955354
22027000,0.120012,127.471168,3.939319
22028000,0.119887,127.465740,3.923597
22029000,0.119763,127.459920,3.908195
22030000,0.119642,127.453720,3.893119
22031000,0.119523,127.447147,3.878376
22032000,0.119406,127.440212,3.863972
22033000,0.119292,127.432923,3.849911
22034000,0.119181,127.425291,3.836200
22035000,0.119072,127.417325,3.822843
22036000,0.118965,127.409035,3.809845
22037000,0.118861,127.400431,3.797211
22038000,0.118760,127.391524,3.784943
22039000,0.118661,127.382322,3.773046
22040000,0.118565,127.372838,3.761522
22041000,0.118472,127.363079,3.750377
22042000,0.118381,127.353058,3.739611
22043000,0.118294,127.342785,3.729227
22044000,0.118209,127.332269,3.719228
22045000,0.118127,127.321521,3.709615
22046000,0.118047,127.310552,3.700389
22047000,0.117971,127.299372,3.691554
22048000,0.117897,127.287992,3.683108
22049000,0.117827,127.276422,3.675053
22050000,0.117759,127.264672,3.667389
22051000,0.117695,127.252753,3.660116
22052000,0.117633,127.240676,3.653235
22053000,0.117574,127.228451,3.646745
22054000,0.117518,127.216088,3.640645
22055000,0.117465,127.203598,3.634934
22056000,0.117415,127.190990,3.629611
22057000,0.117367,127.178276,3.624675
22058000,0.117323,127.165464,3.620123
22059000,0.117282,127.152566,3.615955
22060000,0.117243,127.139592,3.612167
22061000,0.117208,127.126551,3.608758
22062000,0.117175,127.113453,3.605725
22063000,0.117145,127.100308,3.603065
22064000,0.117118,127.087125,3.600774
22065000,0.117094,127.073915,3.598850
22066000,0.117073,127.060686,3.597290
22067000,0.117054,127.047448,3.596088
22068000,0.117038,127.034211,3.595242
22069000,0.117025,127.020983,3.594747
22070000,0.117015,127.007773,3.594600
22071000,0.117007,126.994591,3.594795
22072000,0.117002,126.981444,3.595327
22073000,0.116999,126.968342,3.596193
22074000,0.116999,126.955293,3.597387
22075000,0.117002,126.942305,3.598904
22076000,0.117007,126.929387,3.600738
22077000,0.117015,126.916546,3.602884
22078000,0.117025,126.903790,3.605337
22079000,0.117037,126.891126,3.608091
22080000,0.117052,126.878563,3.611139
22081000,0.117069,126.866108,3.614476
22082000,0.117088,126.853768,3.618096
22083000,0.117110,126.841549,3.621992
22084000,0.117134,126.829459,3.626158
22085000,0.117160,126.817504,3.630588
22086000,0.117188,126.805691,3.635274
22087000,0.117218,126.794025,3.640211
22088000,0.117250,126.782514,3.645391
22089000,0.117284,126.771162,3.650807
22090000,0.117320,126.759976,3.656454
22091000,0.117358,126.748961,3.662322
22092000,0.117397,126.738122,3.668407
22093000,0.117439,126.727465,3.674700
22094000,0.117482,126.716993,3.681194
22095000,0.117526,126.706713,3.687882
22096000,0.117572,126.696629,3.694756
22097000,0.117620,126.686745,3.701811
22098000,0.117669,126.677064,3.709037
22099000,0.117720,126.667592,3.716427
22100000,0.117772,126.658331,3.723975
22101000,0.117825,126.649285,3.731673
22102000,0.117880,126.640458,3.739513
22103000,0.117936,126.631853,3.747487
22104000,0.117993,126.623472,3.755590
22105000,0.118051,126.615319,3.763812
22106000,0.118110,126.607395,3.772147
22107000,0.118170,126.599704,3.780586
22108000,0.118231,126.592248,3.789124
22109000,0.118292,126.585027,3.797751
22110000,0.118355,126.578045,3.806462
22111000,0.118418,126.571302,3.815248
22112000,0.118482,126.564801,3.824103
22113000,0.118547,126.558541,3.833018
22114000,0.118612,126.552525,3.841987
22115000,0.118678,126.546753,3.851003
22116000,0.118745,126.541225,3.860058
22117000,0.118811,126.535942,3.869146
22118000,0.118878,126.530905,3.878259
22119000,0.118946,126.526113,3.887390
22120000,0.119014,126.521567,3.896533
22121000,0.119081,126.517265,3.905680
22122000,0.119149,126.513208,3.914825
22123000,0.119218,126.509394,3.923962
22124000,0.119286,126.505824,3.933083
22125000,0.119354,126.502496,3.942181
22126000,0.119422,126.499409,3.951251
22127000,0.119490,126.496561,3.960286
22128000,0.119558,126.493951,3.969279
22129000,0.119626,126.491578,3.978223
22130000,0.119693,126.489440,3.987113
22131000,0.119760,126.487534,3.995942
22132000,0.119827,126.485859,4.004704
22133000,0.119893,126.484412,4.013391
22134000,0.119959,126.483190,4.021997
22135000,0.120025,126.482192,4.030517
22136000,0.120089,126.481414,4.038941
22137000,0.120153,126.480853,4.047264
22138000,0.120217,126.480507,4.055478
22139000,0.120280,126.480371,4.063574
22140000,0.120341,126.480442,4.071543
22141000,0.120402,126.480716,4.079375
22142000,0.120462,126.481189,4.087059
22143000,0.120521,126.481857,4.094582
22144000,0.120578,126.482714,4.101928
22145000,0.120635,126.483755,4.109079
22146000,0.120689,126.484975,4.116014
22147000,0.120742,126.486366,4.122705
22148000,0.120793,126.487921,4.129121
22149000,0.120793,126.489471,4.129013
22150000,0.120788,126.490997,4.128212
22151000,0.120834,126.492670,4.133958
22152000,0.120898,126.494550,4.142032
22153000,0.120967,126.496653,4.150773
22154000,0.121036,126.498980,4.159514
22155000,0.121104,126.501522,4.167966
22156000,0.121168,126.504268,4.175981
22157000,0.121228,126.507204,4.183465
22158000,0.121283,126.510313,4.190345
22159000,0.121334,126.513578,4.196571
22160000,0.121379,126.516982,4.202125
22161000,0.121420,126.520508,4.207022
22162000,0.121456,126.524139,4.211310
22163000,0.121487,126.527861,4.215058
22164000,0.121515,126.531662,4.218340
22165000,0.121540,126.535532,4.221227
22166000,0.121563,126.539461,4.223782
22167000,0.121583,126.543443,4.226052
22168000,0.121622,126.547537,4.230619
22169000,0.121736,126.551996,4.244977
22170000,0.121805,126.556668,4.253449
22171000,0.121854,126.561486,4.259383
22172000,0.121895,126.566419,4.264119
22173000,0.121930,126.571449,4.268202
22174000,0.121962,126.576566,4.271860
22175000,0.121991,126.581761,4.275195
22176000,0.122019,126.587027,4.278256
22177000,0.122044,126.592357,4.281072
22178000,0.122068,126.597745,4.283658
22179000,0.122090,126.603186,4.286027
22180000,0.122111,126.608674,4.288187
22181000,0.122130,126.614203,4.290146
22182000,0.122148,126.619769,4.291908
22183000,0.122164,126.625366,4.293479
22184000,0.122178,126.630990,4.294864
22185000,0.122192,126.636636,4.296065
22186000,0.122203,126.642299,4.297087
22187000,0.122214,126.647974,4.297932
22188000,0.122223,126.653657,4.298603
22189000,0.122231,126.659344,4.299104
22190000,0.122238,126.665029,4.299437
22191000,0.122243,126.670710,4.299605
22192000,0.122247,126.676381,4.299610
22193000,0.122250,126.682039,4.299455
22194000,0.122251,126.687679,4.299144
22195000,0.122252,126.693298,4.298678
22196000,0.122251,126.698891,4.298060
22197000,0.122249,126.704455,4.297294
22198000,0.122246,126.709986,4.296382
22199000,0.122241,126.715480,4.295326
22200000,0.122236,126.720935,4.294130
22201000,0.122229,126.726345,4.292796
22202000,0.122222,126.731708,4.291328
22203000,0.122213,126.737021,4.289729
22204000,0.122203,126.742280,4.288001
22205000,0.122193,126.747482,4.286147
22206000,0.122181,126.752625,4.284171
22207000,0.122168,126.757704,4.282076
22208000,0.122155,126.762717,4.279866
22209000,0.122140,126.767662,4.277542
22210000,0.122125,126.772535,4.275109
22211000,0.122108,126.777335,4.272570
22212000,0.122091,126.782057,4.269928
22213000,0.122073,126.786701,4.267186
22214000,0.122054,126.791263,4.264348
22215000,0.122035,126.795741,4.261417
22216000,0.122014,126.800134,4.258397
22217000,0.121993,126.804439,4.255290
22218000,0.121972,126.808653,4.252101
22219000,0.121949,126.812776,4.248833
22220000,0.121926,126.816805,4.245489
22221000,0.121902,126.820739,4.242073
22222000,0.121878,126.824576,4.238588
22223000,0.121853,126.828314,4.235038
22224000,0.121828,126.831952,4.231425
22225000,0.121802,126.835489,4.227754
22226000,0.121775,126.838924,4.224028
22227000,0.121748,126.842254,4.220250
22228000,0.121721,126.845480,4.216424
22229000,0.121693,126.848599,4.212553
22230000,0.121665,126.851612,4.208640
22231000,0.121636,126.854518,4.204689
22232000,0.121607,126.857315,4.200704
22233000,0.121578,126.860003,4.196687
22234000,0.121549,126.862582,4.192642
22235000,0.121519,126.865051,4.188572
22236000,0.121489,126.867409,4.184480
22237000,0.121458,126.869657,4.180370
22238000,0.121428,126.871794,4.176245
22239000,0.121397,126.873821,4.172108
22240000,0.121366,126.875736,4.167961
22241000,0.121336,126.877540,4.163809
22242000,0.121305,126.879233,4.159653
22243000,0.121273,126.880816,4.155498
22244000,0.121242,126.882288,4.151346
22245000,0.121211,126.883651,4.147200
22246000,0.121180,126.884903,4.143063
22247000,0.121149,126.886047,4.138937
22248000,0.121118,126.887082,4.134826
22249000,0.121086,126.888008,4.130732
22250000,0.121055,126.888828,4.126657
22251000,0.121025,126.889541,4.122605
22252000,0.120994,126.890149,4.118578
22253000,0.120963,126.890651,4.114579
22254000,0.120933,126.891050,4.110609
22255000,0.120902,126.891346,4.106672
22256000,0.120872,126.891540,4.102769
22257000,0.120842,126.891633,4.098904
22258000,0.120813,126.891628,4.095077
22259000,0.120783,126.891523,4.091292
22260000,0.120754,126.891322,4.087551
22261000,0.120725,126.891026,4.083855
22262000,0.120697,126.890635,4.080206
22263000,0.120668,126.890151,4.076607
22264000,0.120641,126.889577,4.073059
22265000,0.120613,126.888912,4.069564
22266000,0.120586,126.888159,4.066124
22267000,0.120559,126.887320,4.062741
22268000,0.120533,126.886396,4.059415
22269000,0.120506,126.885389,4.056150
22270000,0.120481,126.884300,4.052945
22271000,0.120456,126.883132,4.049803
22272000,0.120431,126.881885,4.046725
22273000,0.120407,126.880563,4.043712
22274000,0.120383,126.879166,4.040765
22275000,0.120360,126.877697,4.037886
22276000,0.120337,126.876157,4.035075
22277000,0.120314,126.874549,4.032335
22278000,0.120292,126.872874,4.029665
22279000,0.120271,126.871135,4.027066
22280000,0.120250,126.869333,4.024540
22281000,0.120230,126.867470,4.022087
22282000,0.120210,126.865549,4.019708
22283000,0.120191,126.863571,4.017403
22284000,0.120172,126.861539,4.015174
22285000,0.120154,126.859454,4.013020
22286000,0.120136,126.857319,4.010942
22287000,0.120119,126.855135,4.008941
22288000,0.120103,126.852905,4.007016
22289000,0.120087,126.850631,4.005169
22290000,0.120072,126.848315,4.003399
22291000,0.120057,126.845959,4.001707
22292000,0.120043,126.843564,4.000092
22293000,0.120029,126.841134,3.998555
22294000,0.120016,126.838670,3.997096
22295000,0.120003,126.836175,3.995714
22296000,0.119992,126.833649,3.994410
22297000,0.119980,126.831097,3.993183
22298000,0.119970,126.828518,3.992034
22299000,0.119959,126.825916,3.990961
22300000,0.119950,126.823293,3.989964
22301000,0.119941,126.820650,3.989044
22302000,0.119932,126.817989,3.988200
22303000,0.119925,126.815313,3.987430
22304000,0.119917,126.812624,3.986736
22305000,0.119911,126.809923,3.986115
22306000,0.119904,126.807212,3.985569
22307000,0.119899,126.804493,3.985095
22308000,0.119894,126.801769,3.984693
22309000,0.119889,126.799040,3.984362
22310000,0.119885,126.796310,3.984103
22311000,0.119882,126.793579,3.983913
22312000,0.119879,126.790849,3.983792
22313000,0.119877,126.788123,3.983739
22314000,0.119875,126.785402,3.983753
22315000,0.119874,126.782687,3.983834
22316000,0.119873,126.779980,3.983979
22317000,0.119873,126.777284,3.984189
22318000,0.119873,126.774599,3.984461
22319000,0.119874,126.771927,3.984796
22320000,0.119875,126.769270,3.985191
22321000,0.119877,126.766630,3.985646
22322000,0.119879,126.764007,3.986160
22323000,0.119881,126.761403,3.986730
22324000,0.119884,126.758820,3.987357
22325000,0.119888,126.756259,3.988038
22326000,0.119892,126.753721,3.988773
22327000,0.119896,126.751208,3.989559
22328000,0.119901,126.748720,3.990397
22329000,0.119906,126.746260,3.991284
22330000,0.119911,126.743829,3.992219
22331000,0.119917,126.741427,3.993201
22332000,0.119924,126.739055,3.994228
22333000,0.119930,126.736715,3.995299
22334000,0.119937,126.734409,3.996412
22335000,0.119945,126.732135,3.997567
22336000,0.119952,126.729897,3.998761
22337000,0.119960,126.727695,3.999993
22338000,0.119969,126.725529,4.001262
22339000,0.119977,126.723400,4.002566
22340000,0.119986,126.721310,4.003904
22341000,0.119995,126.719259,4.005274
22342000,0.120005,126.717248,4.006675
22343000,0.120015,126.715277,4.008106
22344000,0.120025,126.713347,4.009564
22345000,0.120035,126.711459,4.011048
22346000,0.120045,126.709613,4.012557
22347000,0.120056,126.707810,4.014090
22348000,0.120067,126.706051,4.015644
22349000,0.120078,126.704335,4.017219
22350000,0.120089,126.702664,4.018813
22351000,0.120100,126.701037,4.020425
22352000,0.120112,126.699455,4.022052
22353000,0.120123,126.697919,4.023694
22354000,0.120135,126.696427,4.025349
22355000,0.120147,126.694982,4.027016
22356000,0.120159,126.693583,4.028694
22357000,0.120171,126.692229,4.030380
22358000,0.120183,126.690922,4.032073
22359000,0.120196,126.689661,4.033773
22360000,0.120208,126.688447,4.035478
22361000,0.120220,126.687279,4.037186
22362000,0.120233,126.686157,4.038896
22363000,0.120245,126.685082,4.040607
22364000,0.120258,126.684052,4.042317
22365000,0.120270,126.683069,4.044025
22366000,0.120283,126.682132,4.045731
22367000,0.120295,126.681240,4.047432
22368000,0.120308,126.680394,4.049127
22369000,0.120321,126.679593,4.050816
22370000,0.120333,126.678837,4.052497
22371000,0.120346,126.678125,4.054168
22372000,0.120358,126.677458,4.055830
22373000,0.120370,126.676835,4.057480
22374000,0.120383,126.676256,4.059118
22375000,0.120395,126.675719,4.060742
22376000,0.120407,126.675225,4.062351
22377000,0.120419,126.674774,4.063946
22378000,0.120431,126.674364,4.065523
22379000,0.120443,126.673995,4.067083
22380000,0.120454,126.673667,4.068624
22381000,0.120466,126.673379,4.070146
22382000,0.120478,126.673130,4.071648
22383000,0.120489,126.672920,4.073129
22384000,0.120500,126.672749,4.074587
22385000,0.120511,126.672615,4.076023
22386000,0.120522,126.672518,4.077435
22387000,0.120533,126.672457,4.078823
22388000,0.120543,126.672431,4.080186
22389000,0.120554,126.672440,4.081523
22390000,0.120564,126.672483,4.082834
22391000,0.120574,126.672560,4.084117
22392000,0.120584,126.672669,4.085373
22393000,0.120593,126.672809,4.086601
22394000,0.120603,126.672981,4.087800
22395000,0.120612,126.673182,4.088969
22396000,0.120621,126.673413,4.090109
22397000,0.120630,126.673672,4.091218
22398000,0.120638,126.673959,4.092296
22399000,0.120647,126.674272,4.093344
22400000,0.120655,126.674611,4.094359
22401000,0.120663,126.674975,4.095343
22402000,0.120670,126.675364,4.096295
22403000,0.120678,126.675775,4.097214
22404000,0.120685,126.676209,4.098100
22405000,0.120692,126.676664,4.098953
22406000,0.120698,126.677140,4.099773
22407000,0.120705,126.677635,4.100559
22408000,0.120711,126.678149,4.101312
22409000,0.120717,126.678681,4.102031
22410000,0.120723,126.679229,4.102716
22411000,0.120728,126.679794,4.103367
22412000,0.120733,126.680374,4.103983
22413000,0.120738,126.680968,4.104566
22414000,0.120743,126.681575,4.105115
22415000,0.120747,126.682194,4.105630
22416000,0.120751,126.682825,4.106110
22417000,0.120755,126.683466,4.106557
22418000,0.120759,126.684117,4.106969
22419000,0.120762,126.684777,4.107348
22420000,0.120766,126.685445,4.107694
22421000,0.120768,126.686119,4.108005
22422000,0.120771,126.686800,4.108284
22423000,0.120774,126.687486,4.108529
22424000,0.120776,126.688176,4.108741
22425000,0.120778,126.688870,4.108921
22426000,0.120779,126.689567,4.109068
22427000,0.120781,126.690265,4.109184
22428000,0.120782,126.690964,4.109267
22429000,0.120783,126.691664,4.109319
22430000,0.120783,126.692363,4.109340
22431000,0.120784,126.693060,4.109330
22432000,0.120784,126.693755,4.109289
22433000,0.120784,126.694447,4.109219
22434000,0.120783,126.695136,4.109119
22435000,0.120783,126.695820,4.108989
22436000,0.120782,126.696499,4.108831
22437000,0.120781,126.697171,4.108645
22438000,0.120780,126.697837,4.108431
22439000,0.120779,126.698496,4.108189
22440000,0.120777,126.699147,4.107921
22441000,0.120775,126.699789,4.107626
22442000,0.120773,126.700421,4.107306
22443000,0.120771,126.701043,4.106960
22444000,0.120768,126.701655,4.106589
22445000,0.120766,126.702256,4.106195
22446000,0.120763,126.702844,4.105776
22447000,0.120760,126.703421,4.105335
22448000,0.120757,126.703984,4.104871
22449000,0.120753,126.704534,4.104385
22450000,0.120750,126.705069,4.103879
22451000,0.120746,126.705590,4.103351
22452000,0.120742,126.706096,4.102804
22453000,0.120738,126.706587,4.102237
22454000,0.120734,126.707061,4.101651
22455000,0.120730,126.707519,4.101048
22456000,0.120725,126.707960,4.100427
22457000,0.120720,126.708384,4.099789
22458000,0.120716,126.708790,4.099135
22459000,0.120711,126.709178,4.098466
22460000,0.120706,126.709547,4.097782
22461000,0.120701,126.709898,4.097085
22462000,0.120695,126.710230,4.096374
22463000,0.120690,126.710543,4.095650
22464000,0.120684,126.710836,4.094915
22465000,0.120679,126.711109,4.094169
22466000,0.120673,126.711362,4.093413
22467000,0.120667,126.711595,4.092649
22468000,0.120675,126.711853,4.093650
22469000,0.120681,126.712129,4.094361
22470000,0.120678,126.712394,4.093924
22471000,0.120671,126.712635,4.093042
22472000,0.120663,126.712849,4.091991
22473000,0.120655,126.713033,4.090878
22474000,0.120646,126.713188,4.089747
22475000,0.120637,126.713313,4.088614
22476000,0.120629,126.713409,4.087485
22477000,0.120620,126.713475,4.086365
22478000,0.120611,126.713512,4.085254
22479000,0.120603,126.713521,4.084158
22480000,0.120595,126.713502,4.083082
22481000,0.120586,126.713456,4.082046
22482000,0.120579,126.713385,4.081093
22483000,0.120573,126.713294,4.080277
22484000,0.120567,126.713184,4.079590
22485000,0.120562,126.713059,4.078978
22486000,0.120558,126.712920,4.078408
22487000,0.120553,126.712766,4.077845
22488000,0.120549,126.712597,4.077272
22489000,0.120544,126.712414,4.076695
22490000,0.120540,126.712216,4.076114
22491000,0.120535,126.712003,4.075533
22492000,0.120530,126.711776,4.074951
22493000,0.120526,126.711534,4.074371
22494000,0.120521,126.711277,4.073793
22495000,0.120516,126.711005,4.073217
22496000,0.120512,126.710720,4.072646
22497000,0.120507,126.710420,4.072079
22498000,0.120502,126.710106,4.071517
22499000,0.120488,126.709746,4.069722
22500000,0.120474,126.709341,4.067972
22501000,0.120466,126.708908,4.066858
22502000,0.120459,126.708453,4.066000
22503000,0.120452,126.707980,4.065248
22504000,0.120447,126.707489,4.064543
22505000,0.120441,126.706981,4.063863
22506000,0.120435,126.706457,4.063198
22507000,0.120430,126.705917,4.062546
22508000,0.120425,126.705361,4.061906
22509000,0.120419,126.704790,4.061276
22510000,0.120414,126.704204,4.060658
22511000,0.120409,126.703602,4.060051
22512000,0.120404,126.702987,4.059455
22513000,0.120399,126.702357,4.058872
22514000,0.120394,126.701714,4.058300
22515000,0.120389,126.701057,4.057740
22516000,0.120385,126.700387,4.057193
22517000,0.120380,126.699704,4.056659
22518000,0.120375,126.699006,4.056023
22519000,0.120369,126.698292,4.055389
22520000,0.120364,126.697566,4.054851
22521000,0.120360,126.696828,4.054358
22522000,0.120357,126.696083,4.054023
22523000,0.120354,126.695330,4.053666
22524000,0.120350,126.694568,4.053266
22525000,0.120346,126.693796,4.052858
22526000,0.120343,126.693015,4.052455
22527000,0.120339,126.692225,4.052062
22528000,0.120336,126.691427,4.051683
22529000,0.120332,126.690621,4.051317
22530000,0.120329,126.689807,4.050965
22531000,0.120326,126.688985,4.050627
22532000,0.120323,126.688156,4.050303
22533000,0.120320,126.687321,4.049994
22534000,0.120317,126.686480,4.049699
22535000,0.120314,126.685632,4.049418
22536000,0.120311,126.684779,4.049151
22537000,0.120309,126.683921,4.048899
22538000,0.120306,126.683058,4.048661
22539000,0.120304,126.682191,4.048438
22540000,0.120302,126.681320,4.048228
22541000,0.120300,126.680445,4.048033
22542000,0.120298,126.679568,4.047851
22543000,0.120296,126.678687,4.047683
22544000,0.120294,126.677803,4.047530
22545000,0.120292,126.676918,4.047390
22546000,0.120291,126.676030,4.047263
22547000,0.120289,126.675142,4.047151
22548000,0.120288,126.674252,4.047051
22549000,0.120286,126.673361,4.046965
22550000,0.120285,126.672470,4.046892
22551000,0.120284,126.671579,4.046832
22552000,0.120283,126.670688,4.046785
22553000,0.120282,126.669798,4.046750
22554000,0.120281,126.668909,4.046728
22555000,0.120281,126.668021,4.046718
22556000,0.120280,126.667134,4.046721
22557000,0.120280,126.666249,4.046735
22558000,0.120279,126.665367,4.046761
22559000,0.120279,126.664487,4.046799
22560000,0.120279,126.663610,4.046848
22561000,0.120278,126.662735,4.046908
22562000,0.120278,126.661864,4.046979
22563000,0.120278,126.660997,4.047061
22564000,0.120279,126.660133,4.047154
22565000,0.120279,126.659274,4.047256
22566000,0.120279,126.658419,4.047369
22567000,0.120279,126.657568,4.047491
22568000,0.120280,126.656723,4.047623
22569000,0.120280,126.655882,4.047765
22570000,0.120281,126.655047,4.047915
22571000,0.120281,126.654217,4.048074
22572000,0.120282,126.653393,4.048242
22573000,0.120283,126.652575,4.048418
22574000,0.120284,126.651763,4.048602
22575000,0.120285,126.650958,4.048794
22576000,0.120286,126.650159,4.048994
22577000,0.120287,126.649366,4.049200
22578000,0.120288,126.648581,4.049414
22579000,0.120289,126.647802,4.049634
22580000,0.120290,126.647031,4.049861
22581000,0.120292,126.646267,4.050094
22582000,0.120293,126.645511,4.050333
22583000,0.120294,126.644762,4.050578
22584000,0.120296,126.644021,4.050828
22585000,0.120297,126.643288,4.051083
22586000,0.120299,126.642563,4.051343
22587000,0.120300,126.641845,4.051607
22588000,0.120302,126.641136,4.051876
22589000,0.120303,126.640436,4.052149
22590000,0.120305,126.639743,4.052425
22591000,0.120307,126.639059,4.052705
22592000,0.120308,126.638384,4.052988
22593000,0.120310,126.637717,4.053275
22594000,0.120312,126.637059,4.053563
22595000,0.120314,126.636409,4.053855
22596000,0.120316,126.635768,4.054148
22597000,0.120317,126.635136,4.054444
22598000,0.120319,126.634512,4.054741
22599000,0.120321,126.633898,4.055039
22600000,0.120323,126.633292,4.055339
22601000,0.120325,126.632695,4.055639
22602000,0.120327,126.632107,4.055940
22603000,0.120329,126.631527,4.056242
22604000,0.120331,126.630956,4.056544
22605000,0.120333,126.630395,4.056845
22606000,0.120335,126.629842,4.057147
22607000,0.120337,126.629297,4.057447
22608000,0.120339,126.628762,4.057748
22609000,0.120341,126.628235,4.058047
22610000,0.120342,126.627716,4.058345
22611000,0.120344,126.627206,4.058641
22612000,0.120346,126.626705,4.058936
22613000,0.120348,126.626212,4.059229
22614000,0.120350,126.625728,4.059521
22615000,0.120352,126.625251,4.059809
22616000,0.120354,126.624783,4.060096
22617000,0.120356,126.624324,4.060380
22618000,0.120358,126.623872,4.060661
22619000,0.120360,126.623428,4.060939
22620000,0.120361,126.622992,4.061214
22621000,0.120363,126.622564,4.061486
22622000,0.120365,126.622144,4.061754
22623000,0.120367,126.621731,4.062019
22624000,0.120369,126.621325,4.062280
22625000,0.120370,126.620927,4.062537
22626000,0.120372,126.620537,4.062789
22627000,0.120374,126.620153,4.063038
22628000,0.120375,126.619776,4.063282
22629000,0.120377,126.619406,4.063522
22630000,0.120378,126.619043,4.063757
22631000,0.120380,126.618686,4.063988
22632000,0.120381,126.618336,4.064213
22633000,0.120383,126.617992,4.064434
22634000,0.120384,126.617655,4.064650
22635000,0.120386,126.617323,4.064860
22636000,0.120387,126.616997,4.065065
22637000,0.120388,126.616677,4.065265
22638000,0.120390,126.616363,4.065460
22639000,0.120391,126.616054,4.065649
22640000,0.120392,126.615750,4.065832
22641000,0.120393,126.615452,4.066010
22642000,0.120394,126.615158,4.066182
22643000,0.120396,126.614869,4.066348
22644000,0.120397,126.614585,4.066508
22645000,0.120398,126.614305,4.066663
22646000,0.120399,126.614030,4.066812
22647000,0.120399,126.613758,4.066955
22648000,0.120400,126.613491,4.067091
22649000,0.120401,126.613228,4.067222
22650000,0.120402,126.612968,4.067347
22651000,0.120403,126.612712,4.067466
22652000,0.120403,126.612459,4.067578
22653000,0.120404,126.612210,4.067685
22654000,0.120405,126.611963,4.067786
22655000,0.120405,126.611719,4.067880
22656000,0.120406,126.611478,4.067969
22657000,0.120406,126.611240,4.068051
22658000,0.120407,126.611003,4.068128
22659000,0.120407,126.610770,4.068198
22660000,0.120407,126.610538,4.068262
22661000,0.120408,126.610308,4.068321
22662000,0.120408,126.610080,4.068373
22663000,0.120408,126.609853,4.068420
22664000,0.120408,126.609628,4.068460
22665000,0.120408,126.609404,4.068495
22666000,0.120408,126.609181,4.068524
22667000,0.120408,126.608959,4.068548
22668000,0.120408,126.608738,4.068566
22669000,0.120408,126.608518,4.068578
22670000,0.120408,126.608298,4.068584
22671000,0.120408,126.608080,4.068604
22672000,0.120408,126.607862,4.068625
22673000,0.120408,126.607644,4.068623
22674000,0.120408,126.607426,4.068608
22675000,0.120407,126.607209,4.068584
22676000,0.120407,126.606990,4.068555
22677000,0.120407,126.606771,4.068521
22678000,0.120406,126.606552,4.068481
22679000,0.120406,126.606332,4.068437
22680000,0.120405,126.606111,4.068389
22681000,0.120405,126.605888,4.068335
22682000,0.120404,126.605665,4.068278
22683000,0.120403,126.605441,4.068216
22684000,0.120403,126.605215,4.068149
22685000,0.120402,126.604987,4.068079
22686000,0.120401,126.604759,4.068005
22687000,0.120400,126.604528,4.067926
22688000,0.120400,126.604296,4.067844
22689000,0.120399,126.604062,4.067758
22690000,0.120398,126.603826,4.067669
22691000,0.120397,126.603588,4.067575
22692000,0.120396,126.603347,4.067479
22693000,0.120395,126.603105,4.067379
22694000,0.120394,126.602860,4.067276
22695000,0.120393,126.602613,4.067170
22696000,0.120392,126.602364,4.067061
22697000,0.120391,126.602112,4.066949
22698000,0.120390,126.601858,4.066834
22699000,0.120389,126.601601,4.066717
22700000,0.120388,126.601341,4.066597
22701000,0.120387,126.601079,4.066475
22702000,0.120386,126.600813,4.066350
22703000,0.120384,126.600545,4.066224
22704000,0.120383,126.600274,4.066095
22705000,0.120382,126.600000,4.065964
22706000,0.120381,126.599723,4.065831
22707000,0.120380,126.599443,4.065697
22708000,0.120378,126.599160,4.065561
22709000,0.120377,126.598874,4.065424
22710000,0.120376,126.598585,4.065285
22711000,0.120375,126.598293,4.065145
22712000,0.120373,126.597997,4.065004
22713000,0.120372,126.597698,4.064862
22714000,0.120371,126.597396,4.064719
22715000,0.120369,126.597091,4.064575
22716000,0.120368,126.596783,4.064431
22717000,0.120367,126.596471,4.064286
22718000,0.120365,126.596156,4.064140
22719000,0.120364,126.595838,4.063995
22720000,0.120363,126.595517,4.063849
22721000,0.120361,126.595192,4.063702
22722000,0.120360,126.594864,4.063556
22723000,0.120358,126.594533,4.063410
22724000,0.120357,126.594199,4.063264
22725000,0.120356,126.593861,4.063118
22726000,0.120354,126.593520,4.062973
22727000,0.120353,126.593176,4.062828
22728000,0.120352,126.592829,4.062684
22729000,0.120350,126.592479,4.062540
22730000,0.120349,126.592125,4.062398
22731000,0.120348,126.591769,4.062256
22732000,0.120346,126.591409,4.062115
22733000,0.120345,126.591046,4.061975
22734000,0.120344,126.590681,4.061836
22735000,0.120342,126.590312,4.061699
22736000,0.120341,126.589941,4.061562
22737000,0.120340,126.589566,4.061428
22738000,0.120338,126.589189,4.061294
22739000,0.120337,126.588809,4.061162
22740000,0.120336,126.588426,4.061032
22741000,0.120334,126.588041,4.060904
22742000,0.120333,126.587653,4.060777
22743000,0.120332,126.587262,4.060652
22744000,0.120331,126.586869,4.060529
22745000,0.120330,126.586473,4.060408
22746000,0.120328,126.586075,4.060289
22747000,0.120327,126.585674,4.060172
22748000,0.120326,126.585271,4.060057
22749000,0.120325,126.584866,4.059944
22750000,0.120324,126.584459,4.059834
22751000,0.120323,126.584050,4.059725
22752000,0.120321,126.583638,4.059620
22753000,0.120320,126.583225,4.059516
22754000,0.120319,126.582809,4.059415
22755000,0.120318,126.582392,4.059317
22756000,0.120317,126.581973,4.059221
22757000,0.120316,126.581552,4.059128
22758000,0.120315,126.581130,4.059037
22759000,0.120314,126.580706,4.058949
22760000,0.120313,126.580280,4.058864
22761000,0.120312,126.579854,4.058781
22762000,0.120311,126.579425,4.058701
22763000,0.120310,126.578996,4.058623
22764000,0.120310,126.578565,4.058549
22765000,0.120309,126.578133,4.058477
22766000,0.120308,126.577700,4.058408
22767000,0.120307,126.577266,4.058342
22768000,0.120306,126.576831,4.058279
22769000,0.120305,126.576395,4.058218
22770000,0.120305,126.575959,4.058161
22771000,0.120304,126.575521,4.058106
22772000,0.120303,126.575084,4.058054
22773000,0.120303,126.574645,4.058005
22774000,0.120302,126.574206,4.057959
22775000,0.120301,126.573767,4.057916
22776000,0.120301,126.573328,4.057875
22777000,0.120300,126.572888,4.057838
22778000,0.120299,126.572448,4.057803
22779000,0.120299,126.572008,4.057771
22780000,0.120298,126.571568,4.057742
22781000,0.120298,126.571128,4.057716
22782000,0.120297,126.570688,4.057692
22783000,0.120297,126.570248,4.057671
22784000,0.120296,126.569809,4.057653
22785000,0.120296,126.569370,4.057638
22786000,0.120296,126.568931,4.057626
22787000,0.120295,126.568493,4.057616
22788000,0.120295,126.568055,4.057609
22789000,0.120295,126.567618,4.057604
22790000,0.120294,126.567182,4.057603
22791000,0.120294,126.566746,4.057603
22792000,0.120294,126.566311,4.057607
22793000,0.120293,126.565878,4.057613
22794000,0.120293,126.565445,4.057621
22795000,0.120293,126.565013,4.057632
22796000,0.120293,126.564582,4.057645
22797000,0.120293,126.564152,4.057660
22798000,0.120292,126.563723,4.057678
22799000,0.120292,126.563296,4.057699
22800000,0.120292,126.562870,4.057721
22801000,0.120292,126.562445,4.057746
22802000,0.120292,126.562022,4.057773
22803000,0.120292,126.561600,4.057802
22804000,0.120292,126.561180,4.057833
22805000,0.120292,126.560761,4.057866
22806000,0.120292,126.560344,4.057902
22807000,0.120292,126.559929,4.057939
22808000,0.120292,126.559515,4.057978
22809000,0.120292,126.559103,4.058019
22810000,0.120292,126.558693,4.058062
22811000,0.120292,126.558284,4.058106
22812000,0.120292,126.557878,4.058153
22813000,0.120292,126.557473,4.058201
22814000,0.120292,126.557071,4.058250
22815000,0.120292,126.556670,4.058301
22816000,0.120292,126.556271,4.058354
22817000,0.120293,126.555875,4.058408
22818000,0.120293,126.555481,4.058464
22819000,0.120293,126.555088,4.058521
22820000,0.120293,126.554698,4.058579
22821000,0.120293,126.554310,4.058638
22822000,0.120293,126.553925,4.058699
22823000,0.120294,126.553541,4.058761
22824000,0.120294,126.553160,4.058824
22825000,0.120294,126.552781,4.058887
22826000,0.120294,126.552405,4.058952
22827000,0.120295,126.552030,4.059018
22828000,0.120295,126.551659,4.059084
22829000,0.120295,126.551289,4.059150
22830000,0.120295,126.550922,4.059217
22831000,0.120296,126.550557,4.059284
22832000,0.120296,126.550195,4.059355
22833000,0.120296,126.549835,4.059436
22834000,0.120297,126.549478,4.059512
22835000,0.120297,126.549123,4.059585
22836000,0.120297,126.548771,4.059656
22837000,0.120297,126.548421,4.059722
22838000,0.120298,126.548074,4.059792
22839000,0.120298,126.547729,4.059866
22840000,0.120298,126.547386,4.059940
22841000,0.120299,126.547046,4.060014
22842000,0.120299,126.546709,4.060088
22843000,0.120299,126.546374,4.060163
22844000,0.120300,126.546041,4.060237
22845000,0.120300,126.545711,4.060311
22846000,0.120300,126.545384,4.060386
22847000,0.120301,126.545059,4.060460
22848000,0.120301,126.544736,4.060535
22849000,0.120302,126.544416,4.060609
22850000,0.120302,126.544098,4.060683
22851000,0.120302,126.543783,4.060757
22852000,0.120303,126.543470,4.060830
22853000,0.120303,126.543160,4.060903
22854000,0.120303,126.542852,4.060976
22855000,0.120304,126.542547,4.061049
22856000,0.120304,126.542243,4.061121
22857000,0.120304,126.541943,4.061193
22858000,0.120305,126.541644,4.061264
22859000,0.120305,126.541348,4.061335
22860000,0.120305,126.541054,4.061405
22861000,0.120306,126.540763,4.061474
22862000,0.120306,126.540474,4.061543
22863000,0.120306,126.540187,4.061612
22864000,0.120307,126.539902,4.061679
22865000,0.120307,126.539619,4.061746
22866000,0.120307,126.539339,4.061813
22867000,0.120308,126.539061,4.061878
22868000,0.120308,126.538785,4.061943
22869000,0.120308,126.538511,4.062007
22870000,0.120309,126.538239,4.062070
22871000,0.120309,126.537969,4.062132
22872000,0.120309,126.537702,4.062194
22873000,0.120309,126.537436,4.062254
22874000,0.120310,126.537172,4.062313
22875000,0.120310,126.536911,4.062372
22876000,0.120310,126.536651,4.062429
22877000,0.120310,126.536393,4.062486
22878000,0.120311,126.536137,4.062541
22879000,0.120311,126.535883,4.062596
22880000,0.120311,126.535630,4.062649
22881000,0.120311,126.535380,4.062702
22882000,0.120312,126.535131,4.062753
22883000,0.120312,126.534884,4.062804
22884000,0.120312,126.534638,4.062853
22885000,0.120312,126.534395,4.062901
22886000,0.120312,126.534153,4.062948
22887000,0.120313,126.533912,4.062994
22888000,0.120313,126.533673,4.063039
22889000,0.120313,126.533436,4.063083
22890000,0.120313,126.533200,4.063126
22891000,0.120313,126.532965,4.063168
22892000,0.120313,126.532732,4.063208
22893000,0.120314,126.532501,4.063247
22894000,0.120314,126.532270,4.063286
22895000,0.120314,126.532042,4.063323
22896000,0.120314,126.531814,4.063359
22897000,0.120314,126.531588,4.063393
22898000,0.120314,126.531363,4.063427
22899000,0.120314,126.531139,4.063459
22900000,0.120314,126.530916,4.063490
22901000,0.120314,126.530695,4.063520
22902000,0.120315,126.530474,4.063549
22903000,0.120315,126.530255,4.063576
22904000,0.120315,126.530037,4.063602
22905000,0.120315,126.529820,4.063627
22906000,0.120315,126.529603,4.063651
22907000,0.120315,126.529388,4.063674
22908000,0.120315,126.529174,4.063696
22909000,0.120315,126.528960,4.063716
22910000,0.120315,126.528748,4.063735
22911000,0.120315,126.528536,4.063753
22912000,0.120315,126.528325,4.063770
22913000,0.120315,126.528114,4.063786
22914000,0.120315,126.527905,4.063800
22915000,0.120315,126.527696,4.063814
22916000,0.120315,126.527488,4.063826
22917000,0.120315,126.527280,4.063837
22918000,0.120314,126.527073,4.063847
22919000,0.120314,126.526867,4.063856
22920000,0.120314,126.526661,4.063864
22921000,0.120314,126.526456,4.063871
22922000,0.120314,126.526251,4.063877
22923000,0.120314,126.526047,4.063882
22924000,0.120314,126.525843,4.063885
22925000,0.120314,126.525640,4.063888
22926000,0.120314,126.525437,4.063890
22927000,0.120313,126.525234,4.063891
22928000,0.120313,126.525031,4.063891
22929000,0.120313,126.524829,4.063890
22930000,0.120313,126.524628,4.063888
22931000,0.120313,126.524426,4.063885
22932000,0.120313,126.524225,4.063882
22933000,0.120313,126.524024,4.063877
22934000,0.120312,126.523823,4.063872
22935000,0.120312,126.523622,4.063866
22936000,0.120312,126.523422,4.063859
22937000,0.120312,126.523222,4.063852
22938000,0.120312,126.523021,4.063844
22939000,0.120311,126.522821,4.063835
22940000,0.120311,126.522621,4.063825
22941000,0.120311,126.522421,4.063815
22942000,0.120311,126.522221,4.063804
22943000,0.120310,126.522021,4.063792
22944000,0.120310,126.521821,4.063780
22945000,0.120310,126.521621,4.063767
22946000,0.120310,126.521422,4.063754
22947000,0.120310,126.521222,4.063740
22948000,0.120309,126.521022,4.063726
22949000,0.120309,126.520822,4.063711
22950000,0.120309,126.520622,4.063696
22951000,0.120308,126.520422,4.063680
22952000,0.120308,126.520221,4.063664
22953000,0.120308,126.520021,4.063648
22954000,0.120308,126.519821,4.063631
22955000,0.120307,126.519620,4.063614
22956000,0.120307,126.519419,4.063597
22957000,0.120307,126.519219,4.063579
22958000,0.120307,126.519018,4.063561
22959000,0.120306,126.518817,4.063543
22960000,0.120306,126.518616,4.063525
22961000,0.120306,126.518414,4.063506
22962000,0.120305,126.518213,4.063488
22963000,0.120305,126.518011,4.063469
22964000,0.120305,126.517810,4.063450
22965000,0.120305,126.517608,4.063431
22966000,0.120304,126.517406,4.063412
22967000,0.120304,126.517203,4.063393
22968000,0.120304,126.517001,4.063373
22969000,0.120303,126.516798,4.063354
22970000,0.120303,126.516596,4.063335
22971000,0.120303,126.516393,4.063316
22972000,0.120303,126.516190,4.063297
22973000,0.120302,126.515987,4.063278
22974000,0.120302,126.515783,4.063259
22975000,0.120302,126.515580,4.063240
22976000,0.120301,126.515376,4.063221
22977000,0.120301,126.515172,4.063203
22978000,0.120301,126.514969,4.063184
22979000,0.120301,126.514764,4.063166
22980000,0.120300,126.514560,4.063148
22981000,0.120300,126.514356,4.063130
22982000,0.120300,126.514152,4.063113
22983000,0.120299,126.513947,4.063095
22984000,0.120299,126.513743,4.063078
22985000,0.120299,126.513538,4.063062
22986000,0.120299,126.513333,4.063045
22987000,0.120298,126.513128,4.063029
22988000,0.120298,126.512923,4.063013
22989000,0.120298,126.512718,4.062998
22990000,0.120298,126.512513,4.062983
22991000,0.120297,126.512308,4.062968
22992000,0.120297,126.512103,4.062954
22993000,0.120297,126.511898,4.062940
22994000,0.120297,126.511693,4.062927
22995000,0.120296,126.511488,4.062914
22996000,0.120296,126.511283,4.062901
22997000,0.120296,126.511078,4.062889
22998000,0.120296,126.510872,4.062877
22999000,0.120295,126.510668,4.062866
23000000,0.120295,126.510463,4.062855
23001000,0.120295,126.510258,4.062845
23002000,0.120295,126.510053,4.062835
23003000,0.120294,126.509848,4.062825
23004000,0.120294,126.509644,4.062817
23005000,0.120294,126.509439,4.062808
23006000,0.120294,126.509235,4.062801
23007000,0.120294,126.509031,4.062793
23008000,0.120293,126.508827,4.062786
23009000,0.120293,126.508623,4.062780
23010000,0.120293,126.508420,4.062775
23011000,0.120293,126.508216,4.062769
23012000,0.120293,126.508013,4.062765
23013000,0.120292,126.507810,4.062761
23014000,0.120292,126.507607,4.062757
23015000,0.120292,126.507405,4.062754
23016000,0.120292,126.507203,4.062752
23017000,0.120292,126.507001,4.062750
23018000,0.120292,126.506799,4.062749
23019000,0.120292,126.506598,4.062748
23020000,0.120291,126.506397,4.062748
23021000,0.120291,126.506197,4.062749
23022000,0.120291,126.505996,4.062749
23023000,0.120291,126.505797,4.062751
23024000,0.120291,126.505597,4.062753
23025000,0.120291,126.505398,4.062756
23026000,0.120291,126.505200,4.062759
23027000,0.120291,126.505001,4.062763
23028000,0.120290,126.504804,4.062767
23029000,0.120290,126.504606,4.062772
23030000,0.120290,126.504409,4.062777
23031000,0.120290,126.504213,4.062783
23032000,0.120290,126.504017,4.062790
23033000,0.120290,126.503822,4.062796
23034000,0.120290,126.503627,4.062804
23035000,0.120290,126.503433,4.062812
23036000,0.120290,126.503239,4.062820
23037000,0.120290,126.503046,4.062829
23038000,0.120290,126.502853,4.062839
23039000,0.120290,126.502661,4.062849
23040000,0.120290,126.502470,4.062860
23041000,0.120289,126.502279,4.062871
23042000,0.120289,126.502089,4.062882
23043000,0.120289,126.501899,4.062894
23044000,0.120289,126.501710,4.062906
23045000,0.120289,126.501522,4.062919
23046000,0.120289,126.501334,4.062932
23047000,0.120289,126.501147,4.062946
23048000,0.120289,126.500961,4.062960
23049000,0.120289,126.500775,4.062975
23050000,0.120289,126.500590,4.062990
23051000,0.120289,126.500406,4.063005
23052000,0.120289,126.500223,4.063021
23053000,0.120289,126.500040,4.063037
23054000,0.120289,126.499858,4.063053
23055000,0.120289,126.499677,4.063070
23056000,0.120289,126.499496,4.063087
23057000,0.120289,126.499316,4.063105
23058000,0.120289,126.499137,4.063123
23059000,0.120289,126.498959,4.063141
23060000,0.120289,126.498782,4.063159
23061000,0.120289,126.498605,4.063178
23062000,0.120289,126.498429,4.063197
23063000,0.120289,126.498254,4.063216
23064000,0.120289,126.498080,4.063236
23065000,0.120289,126.497906,4.063256
23066000,0.120289,126.497733,4.063276
23067000,0.120289,126.497562,4.063296
23068000,0.120289,126.497390,4.063317
23069000,0.120290,126.497220,4.063338
23070000,0.120290,126.497051,4.063359
23071000,0.120290,126.496882,4.063380
23072000,0.120290,126.496715,4.063401
23073000,0.120290,126.496548,4.063423
23074000,0.120290,126.496382,4.063444
23075000,0.120290,126.496216,4.063466
23076000,0.120290,126.496052,4.063488
23077000,0.120290,126.495888,4.063510
23078000,0.120290,126.495726,4.063533
23079000,0.120290,126.495564,4.063555
23080000,0.120290,126.495403,4.063577
23081000,0.120290,126.495243,4.063600
23082000,0.120290,126.495084,4.063622
23083000,0.120290,126.494925,4.063645
23084000,0.120290,126.494768,4.063668
23085000,0.120290,126.494611,4.063691
23086000,0.120290,126.494455,4.063713
23087000,0.120291,126.494300,4.063736
23088000,0.120291,126.494146,4.063759
23089000,0.120291,126.493993,4.063782
23090000,0.120291,126.493840,4.063805
23091000,0.120291,126.493689,4.063827
23092000,0.120291,126.493538,4.063850
23093000,0.120291,126.493388,4.063873
23094000,0.120291,126.493239,4.063896
23095000,0.120291,126.493091,4.063918
23096000,0.120291,126.492943,4.063941
23097000,0.120291,126.492797,4.063963
23098000,0.120291,126.492651,4.063986
23099000,0.120291,126.492506,4.064008
23100000,0.120291,126.492362,4.064031
23101000,0.120292,126.492219,4.064053
23102000,0.120292,126.492076,4.064075
23103000,0.120292,126.491935,4.064097
23104000,0.120292,126.491794,4.064119
23105000,0.120292,126.491654,4.064140
23106000,0.120292,126.491514,4.064162
23107000,0.120292,126.491376,4.064183
23108000,0.120292,126.491238,4.064205
23109000,0.120292,126.491101,4.064226
23110000,0.120292,126.490965,4.064247
23111000,0.120292,126.490830,4.064267
23112000,0.120292,126.490695,4.064288
23113000,0.120292,126.490561,4.064308
23114000,0.120292,126.490428,4.064329
23115000,0.120293,126.490296,4.064349
23116000,0.120293,126.490164,4.064369
23117000,0.120293,126.490033,4.064388
23118000,0.120293,126.489903,4.064408
23119000,0.120293,126.489774,4.064427
23120000,0.120293,126.489645,4.064446
23121000,0.120293,126.489517,4.064465
23122000,0.120293,126.489390,4.064484
23123000,0.120293,126.489263,4.064502
23124000,0.120293,126.489137,4.064520
23125000,0.120293,126.489012,4.064538
23126000,0.120293,126.488887,4.064556
23127000,0.120293,126.488763,4.064573
23128000,0.120293,126.488640,4.064590
23129000,0.120293,126.488517,4.064607
23130000,0.120293,126.488395,4.064624
23131000,0.120293,126.488274,4.064641
23132000,0.120293,126.488153,4.064657
23133000,0.120293,126.488033,4.064673
23134000,0.120293,126.487913,4.064689
23135000,0.120293,126.487794,4.064704
23136000,0.120294,126.487676,4.064719
23137000,0.120294,126.487558,4.064734
23138000,0.120294,126.487441,4.064749
23139000,0.120294,126.487324,4.064764
23140000,0.120294,126.487208,4.064778
23141000,0.120294,126.487093,4.064792
23142000,0.120294,126.486978,4.064805
23143000,0.120294,126.486863,4.064819
23144000,0.120294,126.486750,4.064832
23145000,0.120294,126.486636,4.064845
23146000,0.120294,126.486523,4.064858
23147000,0.120294,126.486411,4.064870
23148000,0.120294,126.486299,4.064883
23149000,0.120294,126.486188,4.064895
23150000,0.120294,126.486077,4.064906
23151000,0.120294,126.485967,4.064918
23152000,0.120294,126.485857,4.064929
23153000,0.120294,126.485747,4.064940
23154000,0.120294,126.485639,4.064951
23155000,0.120294,126.485530,4.064961
23156000,0.120294,126.485422,4.064972
23157000,0.120294,126.485314,4.064982
23158000,0.120294,126.485207,4.064991
23159000,0.120294,126.485101,4.065001
23160000,0.120294,126.484994,4.065010
23161000,0.120294,126.484888,4.065020
23162000,0.120294,126.484783,4.065029
23163000,0.120294,126.484678,4.065037
23164000,0.120294,126.484573,4.065046
23165000,0.120294,126.484469,4.065054
23166000,0.120294,126.484365,4.065062
23167000,0.120294,126.484261,4.065070
23168000,0.120294,126.484158,4.065078
23169000,0.120294,126.484056,4.065085
23170000,0.120294,126.483953,4.065093
23171000,0.120294,126.483851,4.065100
23172000,0.120294,126.483749,4.065107
23173000,0.120294,126.483648,4.065114
23174000,0.120294,126.483547,4.065120
23175000,0.120294,126.483446,4.065127
23176000,0.120294,126.483346,4.065133
23177000,0.120294,126.483246,4.065139
23178000,0.120294,126.483146,4.065145
23179000,0.120294,126.483047,4.065151
23180000,0.120294,126.482948,4.065157
23181000,0.120294,126.482849,4.065162
23182000,0.120294,126.482750,4.065168
23183000,0.120294,126.482652,4.065173
23184000,0.120293,126.482554,4.065178
23185000,0.120293,126.482457,4.065183
23186000,0.120293,126.482360,4.065188
23187000,0.120293,126.482263,4.065193
23188000,0.120293,126.482166,4.065198
23189000,0.120293,126.482069,4.065202
23190000,0.120293,126.481973,4.065207
23191000,0.120293,126.481877,4.065211
23192000,0.120293,126.481782,4.065215
23193000,0.120293,126.481686,4.065220
23194000,0.120293,126.481591,4.065224
23195000,0.120293,126.481497,4.065228
23196000,0.120293,126.481402,4.065232
23197000,0.120293,126.481308,4.065236
23198000,0.120293,126.481214,4.065239
23199000,0.120293,126.481120,4.065243
23200000,0.120293,126.481026,4.065247
23201000,0.120293,126.480933,4.065251
23202000,0.120293,126.480840,4.065254
23203000,0.120293,126.480747,4.065258
23204000,0.120293,126.480655,4.065262
23205000,0.120293,126.480563,4.065265
23206000,0.120293,126.480471,4.065269
23207000,0.120293,126.480379,4.065272
23208000,0.120293,126.480287,4.065276
23209000,0.120293,126.480196,4.065279
23210000,0.120293,126.480105,4.065282
23211000,0.120293,126.480014,4.065286
23212000,0.120293,126.479923,4.065289
23213000,0.120292,126.479833,4.065293
23214000,0.120292,126.479743,4.065296
23215000,0.120292,126.479653,4.065300
23216000,0.120292,126.479564,4.065303
23217000,0.120292,126.479474,4.065307
23218000,0.120292,126.479385,4.065310
23219000,0.120292,126.479296,4.065314
23220000,0.120292,126.479208,4.065317
23221000,0.120292,126.479119,4.065321
23222000,0.120292,126.479031,4.065325
23223000,0.120292,126.478943,4.065328
23224000,0.120292,126.478855,4.065332
23225000,0.120292,126.478768,4.065336
23226000,0.120292,126.478681,4.065340
23227000,0.120292,126.478594,4.065343
23228000,0.120292,126.478507,4.065347
23229000,0.120292,126.478421,4.065351
23230000,0.120292,126.478334,4.065355
23231000,0.120292,126.478249,4.065359
23232000,0.120292,126.478163,4.065363
23233000,0.120292,126.478077,4.065368
23234000,0.120292,126.477992,4.065372
23235000,0.120292,126.477907,4.065376
23236000,0.120292,126.477823,4.065381
23237000,0.120292,126.477738,4.065385
23238000,0.120292,126.477654,4.065390
23239000,0.120292,126.477570,4.065394
23240000,0.120292,126.477486,4.065399
23241000,0.120292,126.477403,4.065404
23242000,0.120292,126.477320,4.065409
23243000,0.120292,126.477237,4.065414
23244000,0.120292,126.477154,4.065419
23245000,0.120292,126.477072,4.065424
23246000,0.120292,126.476990,4.065429
23247000,0.120292,126.476908,4.065435
23248000,0.120291,126.476827,4.065440
23249000,0.120291,126.476746,4.065445
23250000,0.120291,126.476665,4.065451
23251000,0.120291,126.476584,4.065457
23252000,0.120291,126.476504,4.065462
23253000,0.120291,126.476424,4.065468
23254000,0.120291,126.476344,4.065474
23255000,0.120291,126.476264,4.065480
23256000,0.120291,126.476185,4.065486
23257000,0.120291,126.476106,4.065493
23258000,0.120291,126.476028,4.065499
23259000,0.120291,126.475949,4.065506
23260000,0.120291,126.475871,4.065512
23261000,0.120291,126.475794,4.065519
23262000,0.120291,126.475716,4.065525
23263000,0.120291,126.475639,4.065532
23264000,0.120291,126.475562,4.065539
23265000,0.120291,126.475486,4.065546
23266000,0.120291,126.475410,4.065553
23267000,0.120291,126.475334,4.065560
23268000,0.120291,126.475258,4.065568
23269000,0.120291,126.475183,4.065575
23270000,0.120291,126.475108,4.065582
23271000,0.120291,126.475034,4.065590
23272000,0.120291,126.474959,4.065598
23273000,0.120291,126.474885,4.065605
23274000,0.120291,126.474812,4.065613
23275000,0.120291,126.474739,4.065621
23276000,0.120291,126.474666,4.065629
23277000,0.120291,126.474593,4.065637
23278000,0.120291,126.474521,4.065645
23279000,0.120291,126.474449,4.065654
23280000,0.120291,126.474377,4.065662
23281000,0.120292,126.474306,4.065670
23282000,0.120292,126.474235,4.065679
23283000,0.120292,126.474164,4.065687
23284000,0.120292,126.474094,4.065696
23285000,0.120292,126.474024,4.065705
23286000,0.120292,126.473955,4.065713
23287000,0.120292,126.473885,4.065722
23288000,0.120292,126.473817,4.065731
23289000,0.120292,126.473748,4.065740
23290000,0.120292,126.473680,4.065749
23291000,0.120292,126.473612,4.065758
23292000,0.120292,126.473544,4.065767
23293000,0.120292,126.473477,4.065776
23294000,0.120292,126.473411,4.065786
23295000,0.120292,126.473344,4.065795
23296000,0.120292,126.473278,4.065804
23297000,0.120292,126.473212,4.065814
23298000,0.120292,126.473147,4.065823
23299000,0.120292,126.473082,4.065833
23300000,0.120292,126.473017,4.065842
23301000,0.120292,126.472953,4.065852
23302000,0.120292,126.472889,4.065861
23303000,0.120292,126.472825,4.065871
23304000,0.120292,126.472762,4.065881
23305000,0.120292,126.472699,4.065891
23306000,0.120292,126.472637,4.065900
23307000,0.120292,126.472575,4.065910
23308000,0.120292,126.472513,4.065920
23309000,0.120292,126.472451,4.065930
23310000,0.120292,126.472390,4.065940
23311000,0.120292,126.472330,4.065950
23312000,0.120292,126.472269,4.065959
23313000,0.120292,126.472209,4.065969
23314000,0.120292,126.472150,4.065979
23315000,0.120292,126.472090,4.065989
23316000,0.120292,126.472032,4.065999
23317000,0.120293,126.471973,4.066009
23318000,0.120293,126.471915,4.066019
23319000,0.120293,126.471857,4.066029
23320000,0.120293,126.471799,4.066039
23321000,0.120293,126.471742,4.066049
23322000,0.120293,126.471685,4.066059
23323000,0.120293,126.471629,4.066069
23324000,0.120293,126.471573,4.066079
23325000,0.120293,126.471517,4.066089
23326000,0.120293,126.471462,4.066099
23327000,0.120293,126.471407,4.066109
23328000,0.120293,126.471352,4.066119
23329000,0.120293,126.471298,4.066129
23330000,0.120293,126.471244,4.066139
23331000,0.120293,126.471190,4.066149
23332000,0.120293,126.471137,4.066158
23333000,0.120293,126.471084,4.066168
23334000,0.120293,126.471031,4.066178
23335000,0.120293,126.470979,4.066188
23336000,0.120293,126.470927,4.066198
23337000,0.120293,126.470876,4.066207
23338000,0.120293,126.470824,4.066217
23339000,0.120293,126.470773,4.066227
23340000,0.120293,126.470723,4.066236
23341000,0.120293,126.470673,4.066246
23342000,0.120293,126.470623,4.066255
23343000,0.120294,126.470573,4.066265
23344000,0.120294,126.470524,4.066274
23345000,0.120294,126.470475,4.066284
23346000,0.120294,126.470426,4.066293
23347000,0.120294,126.470378,4.066303
23348000,0.120294,126.470330,4.066312
23349000,0.120294,126.470283,4.066321
23350000,0.120294,126.470235,4.066330
23351000,0.120294,126.470188,4.066340
23352000,0.120294,126.470142,4.066349
23353000,0.120294,126.470095,4.066358
23354000,0.120294,126.470049,4.066367
23355000,0.120294,126.470003,4.066376
23356000,0.120294,126.469958,4.066385
23357000,0.120294,126.469913,4.066393
23358000,0.120294,126.469868,4.066402
23359000,0.120294,126.469823,4.066411
23360000,0.120294,126.469779,4.066420
23361000,0.120294,126.469735,4.066428
23362000,0.120294,126.469692,4.066437
23363000,0.120294,126.469648,4.066445
23364000,0.120294,126.469605,4.066454
23365000,0.120951,126.471756,4.150998
23366000,0.119711,126.469758,3.991259
23367000,0.120288,126.469692,4.065576
23368000,0.120288,126.469627,4.065588
23369000,0.120288,126.469564,4.065682
23370000,0.120289,126.469503,4.065775
23371000,0.120290,126.469445,4.065861
23372000,0.120290,126.469389,4.065940
23373000,0.120291,126.469335,4.066011
23374000,0.120291,126.469282,4.066074
23375000,0.120292,126.469232,4.066131
23376000,0.120292,126.469182,4.066181
23377000,0.120292,126.469134,4.066227
23378000,0.120293,126.469087,4.066278
23379000,0.120293,126.469042,4.066319
23380000,0.120293,126.468997,4.066352
23381000,0.120293,126.468953,4.066380
23382000,0.120293,126.468910,4.066404
23383000,0.120294,126.468867,4.066424
23384000,0.120294,126.468825,4.066442
23385000,0.120294,126.468784,4.066458
23386000,0.120294,126.468743,4.066471
23387000,0.120294,126.468702,4.066483
23388000,0.120294,126.468661,4.066493
23389000,0.120294,126.468621,4.066501
23390000,0.120294,126.468581,4.066508
23391000,0.120294,126.468541,4.066514
23392000,0.120294,126.468502,4.066519
23393000,0.120294,126.468463,4.066523
23394000,0.120294,126.468423,4.066526
23395000,0.120294,126.468384,4.066528
23396000,0.120294,126.468345,4.066530
23397000,0.120294,126.468306,4.066531
23398000,0.120294,126.468268,4.066531
23399000,0.120294,126.468229,4.066532
23400000,0.120717,126.469603,4.120977
23401000,0.119821,126.467980,4.005565
23402000,0.120244,126.467776,4.060152
23403000,0.120248,126.467587,4.060715
23404000,0.120253,126.467413,4.061277
23405000,0.120256,126.467253,4.061786
23406000,0.120260,126.467105,4.062246
23407000,0.120263,126.466968,4.062660
23408000,0.120266,126.466840,4.063032
23409000,0.120268,126.466722,4.063366
23410000,0.120419,126.467107,4.082778
23411000,0.119909,126.465787,4.017084
23412000,0.120165,126.465329,4.050189
23413000,0.120177,126.464911,4.051732
23414000,0.120188,126.464530,4.053150
23415000,0.120197,126.464184,4.054427
23416000,0.120206,126.463868,4.055576
23417000,0.120214,126.463579,4.056611
23418000,0.120221,126.463314,4.057541
23419000,0.120060,126.462515,4.036888
23420000,0.119977,126.461441,4.026277
23421000,0.120053,126.460624,4.036085
23422000,0.120075,126.459883,4.038983
23423000,0.120094,126.459211,4.041597
23424000,0.120112,126.458602,4.043950
23425000,0.120128,126.458048,4.046069
23426000,0.120143,126.457545,4.047976
23427000,0.120156,126.457087,4.049693
23428000,0.120167,126.456670,4.051238
23429000,0.120178,126.456290,4.052630
23430000,0.120187,126.455943,4.053882
23431000,0.120196,126.455626,4.055010
23432000,0.120203,126.455336,4.056024
23433000,0.120210,126.455070,4.056938
23434000,0.120217,126.454825,4.057760
23435000,0.120222,126.454600,4.058500
23436000,0.120227,126.454393,4.059166
23437000,0.120232,126.454202,4.059765
23438000,0.120236,126.454025,4.060305
23439000,0.120239,126.453862,4.060791
23440000,0.120243,126.453709,4.061228
23441000,0.120246,126.453567,4.061621
23442000,0.120248,126.453435,4.061976
23443000,0.120251,126.453311,4.062295
23444000,0.120253,126.453195,4.062582
23445000,0.120255,126.453085,4.062841
23446000,0.120256,126.452982,4.063074
23447000,0.120258,126.452885,4.063284
23448000,0.120259,126.452792,4.063473
23449000,0.120261,126.452705,4.063644
23450000,0.120262,126.452621,4.063798
23451000,0.120263,126.452541,4.063937
23452000,0.120264,126.452464,4.064062
23453000,0.120265,126.452391,4.064176
23454000,0.120265,126.452320,4.064279
23455000,0.120266,126.452252,4.064371
23456000,0.120267,126.452186,4.064456
23457000,0.120267,126.452123,4.064532
23458000,0.120268,126.452061,4.064602
23459000,0.120268,126.452001,4.064665
23460000,0.119745,126.450194,3.997359
23461000,0.120120,126.449648,4.045805
23462000,0.119991,126.448672,4.029241
23463000,0.120018,126.447789,4.032736
23464000,0.120041,126.446989,4.035869
23465000,0.120063,126.446264,4.038693
23466000,0.120082,126.445605,4.041238
23467000,0.120099,126.445007,4.043532
23468000,0.120115,126.444464,4.045600
23469000,0.120129,126.443971,4.047464
23470000,0.120142,126.443521,4.049145
23471000,0.120153,126.443112,4.050660
23472000,0.120164,126.442739,4.052027
23473000,0.120173,126.442398,4.053260
23474000,0.120181,126.442087,4.054372
23475000,0.120189,126.441803,4.055376
23476000,0.120196,126.441542,4.056281
23477000,0.120202,126.441303,4.057099
23478000,0.120207,126.441084,4.057837
23479000,0.120212,126.440882,4.058503
23480000,0.120217,126.440697,4.059106
23481000,0.120221,126.440525,4.059650
23482000,0.120225,126.440367,4.060142
23483000,0.120228,126.440221,4.060587
23484000,0.120231,126.440085,4.060990
23485000,0.120234,126.439959,4.061354
23486000,0.120236,126.439842,4.061685
23487000,0.120239,126.439732,4.061984
23488000,0.120241,126.439630,4.062256
23489000,0.120243,126.439535,4.062502
23490000,0.120244,126.439445,4.062726
23491000,0.120246,126.439361,4.062926
23492000,0.120247,126.439282,4.063105
23493000,0.120248,126.439207,4.063265
23494000,0.120249,126.439136,4.063415
23495000,0.120250,126.439068,4.063555
23496000,0.120251,126.439004,4.063683
23497000,0.120252,126.438944,4.063801
23498000,0.120253,126.438886,4.063909
23499000,0.120254,126.438831,4.064008
23500000,0.120254,126.438778,4.064099
23501000,0.120255,126.438727,4.064184
23502000,0.120256,126.438679,4.064261
23503000,0.120256,126.438633,4.064333
23504000,0.120257,126.438588,4.064400
23505000,0.120257,126.438545,4.064462
23506000,0.120257,126.438504,4.064520
23507000,0.120258,126.438464,4.064574
23508000,0.120258,126.438426,4.064624
23509000,0.120259,126.438388,4.064671
23510000,0.120259,126.438352,4.064716
23511000,0.120259,126.438318,4.064757
23512000,0.120259,126.438284,4.064797
23513000,0.120260,126.438251,4.064834
23514000,0.120260,126.438219,4.064869
23515000,0.120260,126.438189,4.064903
23516000,0.120260,126.438159,4.064935
23517000,0.120261,126.438129,4.064965
23518000,0.120261,126.438101,4.064995
23519000,0.120261,126.438074,4.065022
23520000,0.120261,126.438047,4.065049
23521000,0.120261,126.438021,4.065075
23522000,0.120262,126.437995,4.065100
23523000,0.120262,126.437971,4.065124
23524000,0.120262,126.437947,4.065147
23525000,0.120262,126.437923,4.065169
23526000,0.120262,126.437900,4.065191
23527000,0.120262,126.437878,4.065212
23528000,0.120263,126.437856,4.065232
23529000,0.120263,126.437835,4.065252
23530000,0.120263,126.437814,4.065271
23531000,0.120263,126.437794,4.065290
23532000,0.120263,126.437775,4.065308
23533000,0.120263,126.437756,4.065326
23534000,0.120263,126.437737,4.065343
23535000,0.120263,126.437719,4.065360
23536000,0.120264,126.437701,4.065376
23537000,0.120264,126.437684,4.065392
23538000,0.120264,126.437667,4.065408
23539000,0.120264,126.437650,4.065423
23540000,0.120264,126.437634,4.065437
23541000,0.120264,126.437619,4.065452
23542000,0.120264,126.437604,4.065466
23543000,0.120264,126.437589,4.065480
23544000,0.120264,126.437574,4.065493
23545000,0.120264,126.437560,4.065506
23546000,0.120265,126.437546,4.065519
23547000,0.120265,126.437533,4.065531
23548000,0.120265,126.437520,4.065543
23549000,0.120265,126.437507,4.065554
23550000,0.120265,126.437495,4.065566
23551000,0.120265,126.437483,4.065577
23552000,0.120265,126.437471,4.065587
23553000,0.120265,126.437459,4.065598
23554000,0.120265,126.437448,4.065608
23555000,0.120265,126.437437,4.065618
23556000,0.120265,126.437426,4.065627
23557000,0.120265,126.437416,4.065636
23558000,0.120265,126.437405,4.065645
23559000,0.120265,126.437395,4.065654
23560000,0.120266,126.437386,4.065662
23561000,0.120266,126.437376,4.065670
23562000,0.120266,126.437367,4.065677
23563000,0.120266,126.437358,4.065685
23564000,0.120266,126.437349,4.065692
23565000,0.120266,126.437340,4.065698
23566000,0.120266,126.437331,4.065705
23567000,0.120266,126.437323,4.065711
23568000,0.120266,126.437315,4.065717
23569000,0.120266,126.437307,4.065723
23570000,0.120266,126.437299,4.065728
23571000,0.120266,126.437291,4.065733
23572000,0.120266,126.437284,4.065738
23573000,0.120266,126.437276,4.065743
23574000,0.120266,126.437269,4.065747
23575000,0.120266,126.437262,4.065751
23576000,0.120266,126.437254,4.065755
23577000,0.120266,126.437247,4.065759
23578000,0.120266,126.437240,4.065762
23579000,0.120266,126.437234,4.065765
23580000,0.120266,126.437227,4.065768
23581000,0.120266,126.437220,4.065771
23582000,0.120266,126.437214,4.065773
23583000,0.120266,126.437207,4.065775
23584000,0.120266,126.437201,4.065777
23585000,0.120266,126.437194,4.065779
23586000,0.120266,126.437188,4.065781
23587000,0.120266,126.437182,4.065782
23588000,0.120266,126.437175,4.065783
23589000,0.120266,126.437169,4.065784
23590000,0.120266,126.437163,4.065785
23591000,0.120266,126.437157,4.065786
23592000,0.120266,126.437151,4.065786
23593000,0.120266,126.437145,4.065787
23594000,0.120266,126.437138,4.065787
23595000,0.120266,126.437132,4.065787
23596000,0.120266,126.437126,4.065786
23597000,0.120266,126.437120,4.065786
23598000,0.120266,126.437114,4.065786
23599000,0.120266,126.437108,4.065785
23600000,0.120266,126.437102,4.065784
23601000,0.120266,126.437096,4.065783
23602000,0.120266,126.437090,4.065782
23603000,0.120266,126.437083,4.065781
23604000,0.120266,126.437077,4.065780
23605000,0.120266,126.437071,4.065779
23606000,0.120266,126.437065,4.065777
23607000,0.120266,126.437059,4.065776
23608000,0.120266,126.437052,4.065774
23609000,0.120266,126.437046,4.065772
23610000,0.120266,126.437040,4.065771
23611000,0.120266,126.437033,4.065769
23612000,0.120266,126.437027,4.065767
23613000,0.120266,126.437020,4.065765
23614000,0.120266,126.437014,4.065763
23615000,0.120266,126.437007,4.065761
23616000,0.120266,126.437001,4.065759
23617000,0.120266,126.436994,4.065756
23618000,0.120266,126.436987,4.065754
23619000,0.120266,126.436980,4.065752
23620000,0.120266,126.436974,4.065750
23621000,0.120266,126.436967,4.065747
23622000,0.120266,126.436960,4.065745
23623000,0.120266,126.436953,4.065743
23624000,0.120266,126.436946,4.065740
23625000,0.120266,126.436939,4.065738
23626000,0.120266,126.436932,4.065736
23627000,0.120266,126.436925,4.065733
23628000,0.120266,126.436918,4.065731
23629000,0.120266,126.436910,4.065729
23630000,0.120266,126.436903,4.065726
23631000,0.120266,126.436896,4.065724
23632000,0.120266,126.436888,4.065722
23633000,0.120266,126.436881,4.065720
23634000,0.120266,126.436873,4.065717
23635000,0.120266,126.436866,4.065715
23636000,0.120266,126.436858,4.065713
23637000,0.120266,126.436851,4.065711
23638000,0.120265,126.436843,4.065709
23639000,0.120265,126.436836,4.065707
23640000,0.120265,126.436828,4.065705
23641000,0.120265,126.436820,4.065703
23642000,0.120265,126.436812,4.065702
23643000,0.120265,126.436804,4.065700
23644000,0.120265,126.436797,4.065698
23645000,0.120265,126.436789,4.065697
23646000,0.120265,126.436781,4.065695
23647000,0.120265,126.436773,4.065694
23648000,0.120265,126.436765,4.065692
23649000,0.120265,126.436757,4.065691
23650000,0.120265,126.436749,4.065690
23651000,0.120265,126.436741,4.065689
23652000,0.120265,126.436733,4.065688
23653000,0.120265,126.436725,4.065687
23654000,0.120265,126.436717,4.065686
23655000,0.120265,126.436709,4.065685
23656000,0.120265,126.436701,4.065685
23657000,0.120265,126.436693,4.065684
23658000,0.120265,126.436685,4.065684
23659000,0.120265,126.436677,4.065683
23660000,0.120265,126.436669,4.065683
23661000,0.120265,126.436661,4.065683
23662000,0.120265,126.436653,4.065683
23663000,0.120265,126.436645,4.065683
23664000,0.120265,126.436637,4.065683
23665000,0.120265,126.436629,4.065683
23666000,0.120265,126.436621,4.065684
23667000,0.120265,126.436613,4.065684
23668000,0.120265,126.436605,4.065685
23669000,0.120265,126.436598,4.065685
23670000,0.120265,126.436590,4.065686
23671000,0.120265,126.436582,4.065687
23672000,0.120265,126.436574,4.065688
23673000,0.120265,126.436567,4.065689
23674000,0.120265,126.436559,4.065690
23675000,0.120265,126.436551,4.065692
23676000,0.120265,126.436544,4.065693
23677000,0.120265,126.436536,4.065695
23678000,0.120265,126.436529,4.065696
23679000,0.120265,126.436521,4.065698
23680000,0.120265,126.436514,4.065700
23681000,0.120265,126.436507,4.065702
23682000,0.120265,126.436500,4.065704
23683000,0.120265,126.436493,4.065706
23684000,0.120265,126.436485,4.065708
23685000,0.120265,126.436478,4.065711
23686000,0.120265,126.436472,4.065713
23687000,0.120265,126.436465,4.065716
23688000,0.120265,126.436458,4.065718
23689000,0.120265,126.436451,4.065721
23690000,0.120265,126.436445,4.065724
23691000,0.120265,126.436438,4.065727
23692000,0.120265,126.436432,4.065730
23693000,0.120265,126.436426,4.065733
23694000,0.120265,126.436419,4.065736
23695000,0.120265,126.436413,4.065739
23696000,0.120265,126.436407,4.065742
23697000,0.120265,126.436401,4.065746
23698000,0.120265,126.436395,4.065749
23699000,0.120266,126.436390,4.065753
23700000,0.120266,126.436384,4.065757
23701000,0.120266,126.436378,4.065760
23702000,0.120266,126.436373,4.065764
23703000,0.120266,126.436368,4.065768
23704000,0.120266,126.436363,4.065772
23705000,0.120266,126.436357,4.065776
23706000,0.120266,126.436352,4.065780
23707000,0.120266,126.436348,4.065784
23708000,0.120266,126.436343,4.065788
23709000,0.120266,126.436338,4.065792
23710000,0.120266,126.436334,4.065797
23711000,0.120266,126.436329,4.065801
23712000,0.120266,126.436325,4.065805
23713000,0.120266,126.436321,4.065810
23714000,0.120266,126.436317,4.065814
23715000,0.120266,126.436313,4.065819
23716000,0.120266,126.436309,4.065823
23717000,0.120266,126.436306,4.065828
23718000,0.120266,126.436302,4.065833
23719000,0.120266,126.436299,4.065837
23720000,0.120266,126.436296,4.065842
23721000,0.120266,126.436292,4.065847
23722000,0.120266,126.436289,4.065852
23723000,0.120266,126.436287,4.065856
23724000,0.120266,126.436284,4.065861
23725000,0.120266,126.436281,4.065866
23726000,0.120266,126.436279,4.065871
23727000,0.120266,126.436276,4.065876
23728000,0.120266,126.436274,4.065881
23729000,0.120266,126.436272,4.065885
23730000,0.120266,126.436270,4.065890
23731000,0.120267,126.436268,4.065895
23732000,0.120267,126.436267,4.065900
23733000,0.120267,126.436265,4.065905
23734000,0.120267,126.436263,4.065910
23735000,0.120267,126.436262,4.065915
23736000,0.120267,126.436261,4.065920
23737000,0.120267,126.436260,4.065925
23738000,0.120267,126.436259,4.065930
23739000,0.120267,126.436258,4.065934
23740000,0.120267,126.436258,4.065939
23741000,0.120267,126.436257,4.065944
23742000,0.120267,126.436257,4.065949
23743000,0.120267,126.436256,4.065954
23744000,0.120267,126.436256,4.065959
23745000,0.120267,126.436256,4.065963
23746000,0.120267,126.436256,4.065968
23747000,0.120267,126.436256,4.065973
23748000,0.120267,126.436257,4.065978
23749000,0.120267,126.436257,4.065982
23750000,0.120267,126.436258,4.065987
23751000,0.120267,126.436258,4.065991
23752000,0.120267,126.436259,4.065996
23753000,0.120267,126.436260,4.066001
23754000,0.120267,126.436261,4.066005
23755000,0.120267,126.436262,4.066010
23756000,0.120267,126.436264,4.066014
23757000,0.120267,126.436265,4.066018
23758000,0.120268,126.436266,4.066023
23759000,0.120268,126.436268,4.066027
23760000,0.120268,126.436270,4.066031
23761000,0.120268,126.436272,4.066036
23762000,0.120268,126.436273,4.066040
23763000,0.120268,126.436276,4.066044
23764000,0.120268,126.436278,4.066048
23765000,0.120268,126.436280,4.066052
23766000,0.120268,126.436282,4.066056
23767000,0.120268,126.436285,4.066060
23768000,0.120268,126.436287,4.066064
23769000,0.120268,126.436290,4.066068
23770000,0.120268,126.436292,4.066071
23771000,0.120268,126.436295,4.066075
23772000,0.120268,126.436298,4.066079
23773000,0.120268,126.436301,4.066082
23774000,0.120268,126.436304,4.066086
23775000,0.120268,126.436307,4.066089
23776000,0.120268,126.436311,4.066093
23777000,0.120268,126.436314,4.066096
23778000,0.120268,126.436317,4.066100
23779000,0.120268,126.436321,4.066103
23780000,0.120268,126.436324,4.066106
23781000,0.120268,126.436328,4.066109
23782000,0.120268,126.436332,4.066112
23783000,0.120268,126.436335,4.066115
23784000,0.120268,126.436339,4.066118
23785000,0.120268,126.436343,4.066121
23786000,0.120268,126.436347,4.066124
23787000,0.120268,126.436351,4.066127
23788000,0.120268,126.436355,4.066130
23789000,0.120268,126.436359,4.066132
23790000,0.120268,126.436364,4.066135
23791000,0.120268,126.436368,4.066138
23792000,0.120269,126.436372,4.066140
23793000,0.120269,126.436377,4.066143
23794000,0.120269,126.436381,4.066145
23795000,0.120269,126.436386,4.066147
23796000,0.120269,126.436390,4.066150
23797000,0.120269,126.436395,4.066152
23798000,0.120269,126.436400,4.066154
23799000,0.120269,126.436404,4.066156
23800000,0.120269,126.436409,4.066158
23801000,0.120269,126.436414,4.066160
23802000,0.120269,126.436419,4.066162
23803000,0.120269,126.436424,4.066164
23804000,0.120269,126.436429,4.066166
23805000,0.120269,126.436434,4.066168
23806000,0.120269,126.436439,4.066169
23807000,0.120269,126.436444,4.066171
23808000,0.120269,126.436449,4.066173
23809000,0.120269,126.436454,4.066174
23810000,0.120269,126.436459,4.066176
23811000,0.120269,126.436464,4.066177
23812000,0.120269,126.436469,4.066179
23813000,0.120269,126.436475,4.066180
23814000,0.120269,126.436480,4.066182
23815000,0.120269,126.436485,4.066183
23816000,0.120269,126.436491,4.066184
23817000,0.120269,126.436496,4.066186
23818000,0.120269,126.436501,4.066187
23819000,0.120269,126.436507,4.066188
23820000,0.120269,126.436512,4.066189
23821000,0.120269,126.436517,4.066190
23822000,0.120269,126.436523,4.066191
23823000,0.120269,126.436528,4.066192
23824000,0.120269,126.436534,4.066193
23825000,0.120269,126.436539,4.066194
23826000,0.120269,126.436545,4.066195
23827000,0.120269,126.436550,4.066196
23828000,0.120269,126.436556,4.066197
23829000,0.120269,126.436561,4.066197
23830000,0.120269,126.436567,4.066198
23831000,0.120269,126.436572,4.066199
23832000,0.120269,126.436578,4.066200
23833000,0.120269,126.436584,4.066200
23834000,0.120269,126.436589,4.066201
23835000,0.120269,126.436595,4.066202
23836000,0.120269,126.436600,4.066202
23837000,0.120269,126.436606,4.066203
23838000,0.120269,126.436612,4.066203
23839000,0.120269,126.436617,4.066204
23840000,0.120269,126.436623,4.066204
23841000,0.120269,126.436628,4.066205
23842000,0.120269,126.436634,4.066205
23843000,0.120269,126.436640,4.066206
23844000,0.120269,126.436645,4.066206
23845000,0.120269,126.436651,4.066206
23846000,0.120269,126.436656,4.066207
23847000,0.120269,126.436662,4.066207
23848000,0.120269,126.436668,4.066207
23849000,0.120269,126.436673,4.066208
23850000,0.120269,126.436679,4.066208
23851000,0.120269,126.436684,4.066208
23852000,0.120269,126.436690,4.066209
23853000,0.120269,126.436696,4.066209
23854000,0.120269,126.436701,4.066209
23855000,0.120269,126.436707,4.066209
23856000,0.120269,126.436712,4.066210
23857000,0.120269,126.436718,4.066210
23858000,0.120269,126.436724,4.066210
23859000,0.120269,126.436729,4.066210
23860000,0.120269,126.436735,4.066211
23861000,0.120269,126.436740,4.066211
23862000,0.120269,126.436746,4.066211
23863000,0.120269,126.436752,4.066211
23864000,0.120269,126.436757,4.066212
23865000,0.120269,126.436763,4.066212
23866000,0.120269,126.436768,4.066212
23867000,0.120269,126.436774,4.066213
23868000,0.120269,126.436779,4.066213
23869000,0.120269,126.436785,4.066213
23870000,0.120269,126.436791,4.066213
23871000,0.120269,126.436796,4.066214
23872000,0.120269,126.436802,4.066214
23873000,0.120269,126.436807,4.066214
23874000,0.120269,126.436813,4.066215
23875000,0.120269,126.436818,4.066215
23876000,0.120269,126.436824,4.066215
23877000,0.120269,126.436830,4.066216
23878000,0.120269,126.436835,4.066216
23879000,0.120269,126.436841,4.066217
23880000,0.120269,126.436846,4.066217
23881000,0.120269,126.436852,4.066217
23882000,0.120269,126.436857,4.066218
23883000,0.120269,126.436863,4.066218
23884000,0.120269,126.436869,4.066219
23885000,0.120269,126.436874,4.066219
23886000,0.120269,126.436880,4.066220
23887000,0.120269,126.436885,4.066220
23888000,0.120269,126.436891,4.066221
23889000,0.120270,126.436896,4.066221
23890000,0.120270,126.436902,4.066222
23891000,0.120270,126.436908,4.066223
23892000,0.120270,126.436913,4.066223
23893000,0.120270,126.436919,4.066224
23894000,0.120270,126.436925,4.066225
23895000,0.120270,126.436930,4.066225
23896000,0.120270,126.436936,4.066226
23897000,0.120270,126.436941,4.066227
23898000,0.120270,126.436947,4.066227
23899000,0.120270,126.436953,4.066228
23900000,0.120270,126.436958,4.066229
23901000,0.120270,126.436964,4.066230
23902000,0.120270,126.436970,4.066230
23903000,0.120270,126.436976,4.066231
23904000,0.120270,126.436981,4.066232
23905000,0.120270,126.436987,4.066233
23906000,0.120270,126.436993,4.066234
23907000,0.120270,126.436999,4.066235
23908000,0.120270,126.437004,4.066236
23909000,0.120270,126.437010,4.066237
23910000,0.120270,126.437016,4.066238
23911000,0.120270,126.437022,4.066239
23912000,0.120270,126.437028,4.066240
23913000,0.120270,126.437034,4.066241
23914000,0.120270,126.437039,4.066242
23915000,0.120270,126.437045,4.066243
23916000,0.120270,126.437051,4.066244
23917000,0.120270,126.437057,4.066245
23918000,0.120270,126.437063,4.066246
23919000,0.120270,126.437069,4.066247
23920000,0.120270,126.437075,4.066248
23921000,0.120270,126.437081,4.066249
23922000,0.120270,126.437087,4.066251
23923000,0.120270,126.437093,4.066252
23924000,0.120270,126.437099,4.066253
23925000,0.120270,126.437105,4.066254
23926000,0.120270,126.437112,4.066256
23927000,0.120270,126.437118,4.066257
23928000,0.120270,126.437124,4.066258
23929000,0.120270,126.437130,4.066259
23930000,0.120270,126.437136,4.066261
23931000,0.120270,126.437143,4.066262
23932000,0.120270,126.437149,4.066263
23933000,0.120270,126.437155,4.066265
23934000,0.120270,126.437161,4.066266
23935000,0.120270,126.437168,4.066267
23936000,0.120270,126.437174,4.066269
23937000,0.120270,126.437181,4.066270
23938000,0.120270,126.437187,4.066272
23939000,0.120270,126.437193,4.066273
23940000,0.120270,126.437200,4.066274
23941000,0.120270,126.437206,4.066276
23942000,0.120270,126.437213,4.066277
23943000,0.120270,126.437219,4.066279
23944000,0.120270,126.437226,4.066280
23945000,0.120270,126.437233,4.066282
23946000,0.120270,126.437239,4.066283
23947000,0.120270,126.437246,4.066285
23948000,0.120270,126.437253,4.066286
23949000,0.120270,126.437259,4.066288
23950000,0.120270,126.437266,4.066289
23951000,0.120270,126.437273,4.066291
23952000,0.120270,126.437280,4.066292
23953000,0.120270,126.437286,4.066294
23954000,0.120270,126.437293,4.066295
23955000,0.120270,126.437300,4.066297
23956000,0.120270,126.437307,4.066298
23957000,0.120270,126.437314,4.066300
23958000,0.120270,126.437321,4.066301
23959000,0.120270,126.437328,4.066303
23960000,0.120270,126.437335,4.066304
23961000,0.120270,126.437342,4.066306
23962000,0.120270,126.437349,4.066307
23963000,0.120271,126.437356,4.066309
23964000,0.120271,126.437363,4.066310
23965000,0.120271,126.437370,4.066312
23966000,0.120271,126.437378,4.066313
23967000,0.120271,126.437385,4.066315
23968000,0.120271,126.437392,4.066316
23969000,0.120271,126.437399,4.066318
23970000,0.120271,126.437407,4.066319
23971000,0.120271,126.437414,4.066321
23972000,0.120271,126.437421,4.066322
23973000,0.120271,126.437429,4.066324
23974000,0.120271,126.437436,4.066325
23975000,0.120271,126.437443,4.066327
23976000,0.120271,126.437451,4.066328
23977000,0.120271,126.437458,4.066329
23978000,0.120271,126.437466,4.066331
23979000,0.120271,126.437473,4.066332
23980000,0.120271,126.437481,4.066334
23981000,0.120271,126.437488,4.066335
23982000,0.120271,126.437496,4.066337
23983000,0.120271,126.437504,4.066338
23984000,0.120271,126.437511,4.066339
23985000,0.120271,126.437519,4.066341
23986000,0.120271,126.437527,4.066342
23987000,0.120271,126.437534,4.066344
23988000,0.120271,126.437542,4.066345
23989000,0.120271,126.437550,4.066346
23990000,0.120271,126.437557,4.066348
23991000,0.120271,126.437565,4.066349
23992000,0.120271,126.437573,4.066350
23993000,0.120271,126.437581,4.066351
23994000,0.120271,126.437589,4.066353
23995000,0.120271,126.437597,4.066354
23996000,0.120271,126.437605,4.066355
23997000,0.120271,126.437612,4.066356
23998000,0.120271,126.437620,4.066358
23999000,0.120271,126.437628,4.066359
24000000,0.120271,126.437636,4.066360
24001000,0.120271,126.437644,4.066361
24002000,0.120271,126.437652,4.066362
24003000,0.120271,126.437660,4.066364
24004000,0.120271,126.437668,4.066365
24005000,0.120271,126.437676,4.066366
24006000,0.120271,126.437684,4.066367
24007000,0.120271,126.437692,4.066368
24008000,0.120271,126.437701,4.066369
24009000,0.120271,126.437709,4.066370
24010000,0.120271,126.437717,4.066371
24011000,0.120271,126.437725,4.066372
24012000,0.120271,126.437733,4.066373
24013000,0.120271,126.437741,4.066374
24014000,0.120271,126.437749,4.066375
24015000,0.120271,126.437758,4.066376
24016000,0.120271,126.437766,4.066377
24017000,0.120271,126.437774,4.066378
24018000,0.120271,126.437782,4.066379
24019000,0.120271,126.437790,4.066380
24020000,0.120271,126.437799,4.066381
24021000,0.120271,126.437807,4.066382
24022000,0.120271,126.437815,4.066383
24023000,0.120271,126.437823,4.066383
24024000,0.120271,126.437832,4.066384
24025000,0.120271,126.437840,4.066385
24026000,0.120271,126.437848,4.066386
24027000,0.120271,126.437856,4.066386
24028000,0.120271,126.437865,4.066387
24029000,0.120271,126.437873,4.066388
24030000,0.120271,126.437881,4.066389
24031000,0.120272,126.437890,4.066389
24032000,0.120272,126.437898,4.066390
24033000,0.120272,126.437906,4.066391
24034000,0.120272,126.437915,4.066391
24035000,0.120272,126.437923,4.066392
24036000,0.120272,126.437931,4.066393
24037000,0.120272,126.437940,4.066393
24038000,0.120272,126.437948,4.066394
24039000,0.120272,126.437956,4.066394
24040000,0.120272,126.437965,4.066395
24041000,0.120272,126.437973,4.066396
24042000,0.120272,126.437981,4.066396
24043000,0.120272,126.437989,4.066397
24044000,0.120272,126.437998,4.066397
24045000,0.120272,126.438006,4.066398
24046000,0.120272,126.438014,4.066398
24047000,0.120272,126.438023,4.066399
24048000,0.120272,126.438031,4.066399
24049000,0.120272,126.438039,4.066400
24050000,0.120272,126.438048,4.066400
24051000,0.120272,126.438056,4.066401
24052000,0.120272,126.438064,4.066401
24053000,0.120272,126.438073,4.066401
24054000,0.120272,126.438081,4.066402
24055000,0.120272,126.438089,4.066402
24056000,0.120272,126.438098,4.066403
24057000,0.120272,126.438106,4.066403
24058000,0.120272,126.438114,4.066404
24059000,0.120272,126.438122,4.066404
24060000,0.120272,126.438131,4.066404
24061000,0.120272,126.438139,4.066405
24062000,0.120272,126.438147,4.066405
24063000,0.120272,126.438156,4.066405
24064000,0.120272,126.438164,4.066406
24065000,0.120272,126.438172,4.066406
24066000,0.120272,126.438180,4.066406
24067000,0.120272,126.438189,4.066407
24068000,0.120272,126.438197,4.066407
24069000,0.120272,126.438205,4.066407
24070000,0.120272,126.438213,4.066408
24071000,0.120272,126.438222,4.066408
24072000,0.120272,126.438230,4.066408
24073000,0.120272,126.438238,4.066409
24074000,0.120272,126.438246,4.066409
24075000,0.120272,126.438254,4.066409
24076000,0.120272,126.438263,4.066409
24077000,0.120272,126.438271,4.066410
24078000,0.120272,126.438279,4.066410
24079000,0.120272,126.438287,4.066410
24080000,0.120272,126.438295,4.066410
24081000,0.120272,126.438304,4.066411
24082000,0.120272,126.438312,4.066411
24083000,0.120272,126.438320,4.066411
24084000,0.120272,126.438328,4.066411
24085000,0.120272,126.438336,4.066412
24086000,0.120272,126.438344,4.066412
24087000,0.120272,126.438352,4.066412
24088000,0.120272,126.438360,4.066413
24089000,0.120272,126.438369,4.066413
24090000,0.120272,126.438377,4.066413
24091000,0.120272,126.438385,4.066413
24092000,0.120272,126.438393,4.066414
24093000,0.120272,126.438401,4.066414
24094000,0.120272,126.438409,4.066414
24095000,0.120272,126.438417,4.066414
24096000,0.120272,126.438425,4.066415
24097000,0.120272,126.438433,4.066415
24098000,0.120272,126.438441,4.066415
24099000,0.120272,126.438449,4.066415
24100000,0.120272,126.438457,4.066416
24101000,0.120272,126.438465,4.066416
24102000,0.120272,126.438473,4.066416
24103000,0.120272,126.438481,4.066416
24104000,0.120272,126.438489,4.066417
24105000,0.120272,126.438497,4.066417
24106000,0.120272,126.438505,4.066417
24107000,0.120272,126.438513,4.066417
24108000,0.120272,126.438521,4.066418
24109000,0.120272,126.438529,4.066418
24110000,0.120272,126.438537,4.066418
24111000,0.120272,126.438545,4.066418
24112000,0.120272,126.438553,4.066419
24113000,0.120272,126.438561,4.066419
24114000,0.120272,126.438569,4.066419
24115000,0.120272,126.438577,4.066419
24116000,0.120272,126.438585,4.066420
24117000,0.120272,126.438593,4.066420
24118000,0.120272,126.438601,4.066420
24119000,0.120272,126.438609,4.066421
24120000,0.120272,126.438617,4.066421
24121000,0.120272,126.438624,4.066421
24122000,0.120272,126.438632,4.066421
24123000,0.120272,126.438640,4.066422
24124000,0.120272,126.438648,4.066422
24125000,0.120272,126.438656,4.066422
24126000,0.120272,126.438664,4.066423
24127000,0.120272,126.438672,4.066423
24128000,0.120272,126.438680,4.066423
24129000,0.120272,126.438687,4.066424
24130000,0.120272,126.438695,4.066424
24131000,0.120272,126.438703,4.066424
24132000,0.120272,126.438711,4.066424
24133000,0.120272,126.438719,4.066425
24134000,0.120272,126.438727,4.066425
24135000,0.120272,126.438735,4.066425
24136000,0.120272,126.438742,4.066426
24137000,0.120272,126.438750,4.066426
24138000,0.120272,126.438758,4.066426
24139000,0.120272,126.438766,4.066427
24140000,0.120272,126.438774,4.066427
24141000,0.120272,126.438781,4.066427
24142000,0.120272,126.438789,4.066428
24143000,0.120272,126.438797,4.066428
24144000,0.120272,126.438805,4.066429
24145000,0.120272,126.438813,4.066429
24146000,0.120272,126.438820,4.066429
24147000,0.120272,126.438828,4.066430
24148000,0.120272,126.438836,4.066430
24149000,0.120272,126.438844,4.066430
24150000,0.120273,126.438851,4.066431
24151000,0.120273,126.438859,4.066431
24152000,0.120273,126.438867,4.066431
24153000,0.120273,126.438875,4.066432
24154000,0.120273,126.438882,4.066432
24155000,0.120273,126.438890,4.066433
24156000,0.120273,126.438898,4.066433
24157000,0.120273,126.438906,4.066433
24158000,0.120273,126.438913,4.066434
24159000,0.120273,126.438921,4.066434
24160000,0.120273,126.438929,4.066434
24161000,0.120273,126.438937,4.066435
24162000,0.120273,126.438944,4.066435
24163000,0.120273,126.438952,4.066436
24164000,0.120273,126.438960,4.066436
24165000,0.120273,126.438968,4.066436
24166000,0.120273,126.438975,4.066437
24167000,0.120273,126.438983,4.066437
24168000,0.120273,126.438991,4.066438
24169000,0.120273,126.438998,4.066438
24170000,0.120273,126.439006,4.066438
24171000,0.120273,126.439014,4.066439
24172000,0.120273,126.439022,4.066439
24173000,0.120273,126.439029,4.066439
24174000,0.120273,126.439037,4.066440
24175000,0.120273,126.439045,4.066440
24176000,0.120273,126.439052,4.066441
24177000,0.120273,126.439060,4.066441
24178000,0.120273,126.439068,4.066441
24179000,0.120273,126.439075,4.066442
24180000,0.120273,126.439083,4.066442
24181000,0.120273,126.439091,4.066443
24182000,0.120273,126.439098,4.066443
24183000,0.120273,126.439106,4.066443
24184000,0.120273,126.439114,4.066444
24185000,0.120273,126.439121,4.066444
24186000,0.120273,126.439129,4.066445
24187000,0.120273,126.439137,4.066445
24188000,0.120273,126.439144,4.066445
24189000,0.120273,126.439152,4.066446
24190000,0.120273,126.439160,4.066446
24191000,0.120273,126.439167,4.066446
24192000,0.120273,126.439175,4.066447
24193000,0.120273,126.439183,4.066447
24194000,0.120273,126.439190,4.066447
24195000,0.120273,126.439198,4.066448
24196000,0.120273,126.439206,4.066448
24197000,0.120273,126.439213,4.066449
24198000,0.120273,126.439221,4.066449
24199000,0.120273,126.439228,4.066449
24200000,0.120273,126.439236,4.066450
24201000,0.120273,126.439244,4.066450
24202000,0.120273,126.439251,4.066450
24203000,0.120273,126.439259,4.066451
24204000,0.120273,126.439266,4.066451
24205000,0.120273,126.439274,4.066451
24206000,0.120273,126.439282,4.066452
24207000,0.120273,126.439289,4.066452
24208000,0.120273,126.439297,4.066452
24209000,0.120273,126.439304,4.066453
24210000,0.120273,126.439312,4.066453
24211000,0.120273,126.439320,4.066453
24212000,0.120273,126.439327,4.066454
24213000,0.120273,126.439335,4.066454
24214000,0.120273,126.439342,4.066454
24215000,0.120273,126.439350,4.066455
24216000,0.120273,126.439357,4.066455
24217000,0.120273,126.439365,4.066455
24218000,0.120273,126.439372,4.066455
24219000,0.120273,126.439380,4.066456
24220000,0.120273,126.439388,4.066456
24221000,0.120273,126.439395,4.066456
24222000,0.120273,126.439403,4.066457
24223000,0.120273,126.439410,4.066457
24224000,0.120273,126.439418,4.066457
24225000,0.120273,126.439425,4.066457
24226000,0.120273,126.439433,4.066458
24227000,0.120273,126.439440,4.066458
24228000,0.120273,126.439448,4.066458
24229000,0.120273,126.439455,4.066458
24230000,0.120273,126.439463,4.066459
24231000,0.120273,126.439470,4.066459
24232000,0.120273,126.439477,4.066459
24233000,0.120273,126.439485,4.066459
24234000,0.120273,126.439492,4.066460
24235000,0.120273,126.439500,4.066460
24236000,0.120273,126.439507,4.066460
24237000,0.120273,126.439515,4.066460
24238000,0.120273,126.439522,4.066461
24239000,0.120273,126.439530,4.066461
24240000,0.120273,126.439537,4.066461
24241000,0.120273,126.439544,4.066461
24242000,0.120273,126.439552,4.066461
24243000,0.120273,126.439559,4.066462
24244000,0.120273,126.439566,4.066462
24245000,0.120273,126.439574,4.066462
24246000,0.120273,126.439581,4.066462
24247000,0.120273,126.439589,4.066462
24248000,0.120273,126.439596,4.066462
24249000,0.120273,126.439603,4.066463
24250000,0.120273,126.439611,4.066463
24251000,0.120273,126.439618,4.066463
24252000,0.120273,126.439625,4.066463
24253000,0.120273,126.439633,4.066463
24254000,0.120273,126.439640,4.066463
24255000,0.120273,126.439647,4.066464
24256000,0.120273,126.439654,4.066464
24257000,0.120273,126.439662,4.066464
24258000,0.120273,126.439669,4.066464
24259000,0.120273,126.439676,4.066464
24260000,0.120273,126.439683,4.066464
24261000,0.120273,126.439691,4.066464
24262000,0.120273,126.439698,4.066464
24263000,0.120273,126.439705,4.066465
24264000,0.120273,126.439712,4.066465
24265000,0.120273,126.439720,4.066465
24266000,0.120273,126.439727,4.066465
24267000,0.120273,126.439734,4.066465
24268000,0.120273,126.439741,4.066465
24269000,0.120273,126.439748,4.066465
24270000,0.120273,126.439755,4.066465
24271000,0.120273,126.439763,4.066465
24272000,0.120273,126.439770,4.066465
24273000,0.120273,126.439777,4.066466
24274000,0.120273,126.439784,4.066466
24275000,0.120273,126.439791,4.066466
24276000,0.120273,126.439798,4.066466
24277000,0.120273,126.439805,4.066466
24278000,0.120273,126.439812,4.066466
24279000,0.120273,126.439819,4.066466
24280000,0.120273,126.439826,4.066466
24281000,0.120273,126.439834,4.066466
24282000,0.120273,126.439841,4.066466
24283000,0.120273,126.439848,4.066466
24284000,0.120273,126.439855,4.066466
24285000,0.120273,126.439862,4.066466
24286000,0.120273,126.439869,4.066466
24287000,0.120273,126.439876,4.066466
24288000,0.120274,126.439883,4.066466
24289000,0.120274,126.439890,4.066466
24290000,0.120274,126.439896,4.066466
24291000,0.120274,126.439903,4.066466
24292000,0.120274,126.439910,4.066466
24293000,0.120274,126.439917,4.066467
24294000,0.120274,126.439924,4.066467
24295000,0.120274,126.439931,4.066467
24296000,0.120274,126.439938,4.066467
24297000,0.120274,126.439945,4.066467
24298000,0.120274,126.439952,4.066467
24299000,0.120274,126.439959,4.066467
24300000,0.120274,126.439965,4.066467
24301000,0.120274,126.439972,4.066467
24302000,0.120274,126.439979,4.066467
24303000,0.120274,126.439986,4.066467
24304000,0.120274,126.439993,4.066467
24305000,0.120274,126.439999,4.066467
24306000,0.120274,126.440006,4.066467
24307000,0.120274,126.440013,4.066467
24308000,0.120274,126.440020,4.066467
24309000,0.120274,126.440026,4.066467
24310000,0.120274,126.440033,4.066467
24311000,0.120274,126.440040,4.066467
24312000,0.120274,126.440047,4.066467
24313000,0.120274,126.440053,4.066467
24314000,0.120274,126.440060,4.066467
24315000,0.120274,126.440067,4.066467
24316000,0.120274,126.440073,4.066467
24317000,0.120274,126.440080,4.066466
24318000,0.120274,126.440087,4.066466
24319000,0.120274,126.440093,4.066466
24320000,0.120274,126.440100,4.066466
24321000,0.120274,126.440106,4.066466
24322000,0.120274,126.440113,4.066466
24323000,0.120274,126.440120,4.066466
24324000,0.120274,126.440126,4.066466
24325000,0.120274,126.440133,4.066466
24326000,0.120274,126.440139,4.066466
24327000,0.120274,126.440146,4.066466
24328000,0.120274,126.440152,4.066466
24329000,0.120274,126.440159,4.066466
24330000,0.120274,126.440165,4.066466
24331000,0.120274,126.440172,4.066466
24332000,0.120274,126.440178,4.066466
24333000,0.120274,126.440185,4.066466
24334000,0.120274,126.440191,4.066466
24335000,0.120274,126.440198,4.066466
24336000,0.120274,126.440204,4.066466
24337000,0.120274,126.440210,4.066466
24338000,0.120274,126.440217,4.066466
24339000,0.120274,126.440223,4.066466
24340000,0.120274,126.440230,4.066466
24341000,0.120274,126.440236,4.066466
24342000,0.120274,126.440242,4.066466
24343000,0.120274,126.440249,4.066466
24344000,0.120274,126.440255,4.066466
24345000,0.120274,126.440261,4.066466
24346000,0.120274,126.440268,4.066466
24347000,0.120274,126.440274,4.066466
24348000,0.120274,126.440280,4.066466
24349000,0.120274,126.440286,4.066466
24350000,0.120274,126.440293,4.066466
24351000,0.120274,126.440299,4.066466
24352000,0.120274,126.440305,4.066465
24353000,0.120274,126.440311,4.066465
24354000,0.120274,126.440318,4.066465
24355000,0.120274,126.440324,4.066465
24356000,0.120274,126.440330,4.066465
24357000,0.120274,126.440336,4.066465
24358000,0.120274,126.440342,4.066465
24359000,0.120274,126.440349,4.066465
24360000,0.120274,126.440355,4.066465
24361000,0.120274,126.440361,4.066465
24362000,0.120274,126.440367,4.066465
24363000,0.120274,126.440373,4.066465
24364000,0.120274,126.440379,4.066465
24365000,0.120274,126.440385,4.066465
24366000,0.120274,126.440391,4.066465
24367000,0.120274,126.440397,4.066465
24368000,0.120274,126.440403,4.066465
24369000,0.120274,126.440410,4.066465
24370000,0.120274,126.440416,4.066465
24371000,0.120274,126.440422,4.066465
24372000,0.120274,126.440428,4.066465
24373000,0.120274,126.440434,4.066465
24374000,0.120274,126.440440,4.066465
24375000,0.120274,126.440446,4.066465
24376000,0.120274,126.440452,4.066465
24377000,0.120274,126.440458,4.066465
24378000,0.120274,126.440464,4.066464
24379000,0.120274,126.440469,4.066464
24380000,0.120274,126.440475,4.066464
24381000,0.120274,126.440481,4.066464
24382000,0.120274,126.440487,4.066464
24383000,0.120274,126.440493,4.066464
24384000,0.120274,126.440499,4.066464
24385000,0.120274,126.440505,4.066464
24386000,0.120274,126.440511,4.066464
24387000,0.120274,126.440517,4.066464
24388000,0.120274,126.440522,4.066464
24389000,0.120274,126.440528,4.066464
24390000,0.120274,126.440534,4.066464
24391000,0.120274,126.440540,4.066464
24392000,0.120274,126.440546,4.066464
24393000,0.120274,126.440551,4.066464
24394000,0.120274,126.440557,4.066464
24395000,0.120274,126.440563,4.066464
24396000,0.120274,126.440569,4.066464
24397000,0.120274,126.440575,4.066464
24398000,0.120274,126.440580,4.066464
24399000,0.120274,126.440586,4.066464
24400000,0.120274,126.440592,4.066464
24401000,0.120274,126.440597,4.066464
24402000,0.120274,126.440603,4.066463
24403000,0.120274,126.440609,4.066463
24404000,0.120274,126.440614,4.066463
24405000,0.120274,126.440620,4.066463
24406000,0.120274,126.440626,4.066463
24407000,0.120274,126.440631,4.066463
24408000,0.120274,126.440637,4.066463
24409000,0.120274,126.440643,4.066463
24410000,0.120274,126.440648,4.066463
24411000,0.120274,126.440654,4.066463
24412000,0.120274,126.440659,4.066463
24413000,0.120274,126.440665,4.066463
24414000,0.120274,126.440671,4.066463
24415000,0.120274,126.440676,4.066463
24416000,0.120274,126.440682,4.066463
24417000,0.120274,126.440687,4.066463
24418000,0.120274,126.440693,4.066463
24419000,0.120274,126.440698,4.066463
24420000,0.120274,126.440704,4.066463
24421000,0.120274,126.440709,4.066462
24422000,0.120274,126.440715,4.066462
24423000,0.120274,126.440720,4.066462
24424000,0.120274,126.440726,4.066462
24425000,0.120274,126.440731,4.066462
24426000,0.120274,126.440736,4.066462
24427000,0.120274,126.440742,4.066462
24428000,0.120274,126.440747,4.066462
24429000,0.120274,126.440753,4.066462
24430000,0.120274,126.440758,4.066462
24431000,0.120274,126.440763,4.066462
24432000,0.120274,126.440769,4.066462
24433000,0.120274,126.440774,4.066462
24434000,0.120274,126.440780,4.066462
24435000,0.120274,126.440785,4.066461
24436000,0.120274,126.440790,4.066461
24437000,0.120274,126.440796,4.066461
24438000,0.120274,126.440801,4.066461
24439000,0.120274,126.440806,4.066461
24440000,0.120274,126.440811,4.066461
24441000,0.120274,126.440817,4.066461
24442000,0.120274,126.440822,4.066461
24443000,0.120274,126.440827,4.066461
24444000,0.120274,126.440832,4.066461
24445000,0.120274,126.440838,4.066461
24446000,0.120274,126.440843,4.066461
24447000,0.120274,126.440848,4.066461
24448000,0.120274,126.440853,4.066460
24449000,0.120274,126.440858,4.066460
24450000,0.120274,126.440864,4.066460
24451000,0.120274,126.440869,4.066460
24452000,0.120274,126.440874,4.066460
24453000,0.120274,126.440879,4.066460
24454000,0.120274,126.440884,4.066460
24455000,0.120274,126.440889,4.066460
24456000,0.120274,126.440894,4.066460
24457000,0.120274,126.440899,4.066460
24458000,0.120274,126.440905,4.066459
24459000,0.120274,126.440910,4.066459
24460000,0.120274,126.440915,4.066459
24461000,0.120274,126.440920,4.066459
24462000,0.120274,126.440925,4.066459
24463000,0.120274,126.440930,4.066459
24464000,0.120274,126.440935,4.066459
24465000,0.120274,126.440940,4.066459
24466000,0.120274,126.440945,4.066459
24467000,0.120274,126.440950,4.066459
24468000,0.120274,126.440955,4.066458
24469000,0.120274,126.440960,4.066458
24470000,0.120274,126.440965,4.066458
24471000,0.120274,126.440970,4.066458
24472000,0.120274,126.440975,4.066458
24473000,0.120274,126.440979,4.066458
24474000,0.120274,126.440984,4.066458
24475000,0.120274,126.440989,4.066458
24476000,0.120274,126.440994,4.066457
24477000,0.120274,126.440999,4.066457
24478000,0.120274,126.441004,4.066457
24479000,0.120274,126.441009,4.066457
24480000,0.120274,126.441014,4.066457
24481000,0.120274,126.441018,4.066457
24482000,0.120274,126.441023,4.066457
24483000,0.120274,126.441028,4.066457
24484000,0.120274,126.441033,4.066456
24485000,0.120274,126.441038,4.066456
24486000,0.120274,126.441042,4.066456
24487000,0.120274,126.441047,4.066456
24488000,0.120274,126.441052,4.066456
24489000,0.120274,126.441057,4.066456
24490000,0.120274,126.441061,4.066456
24491000,0.120274,126.441066,4.066455
24492000,0.120274,126.441071,4.066455
24493000,0.120274,126.441075,4.066455
24494000,0.120274,126.441080,4.066455
24495000,0.120274,126.441085,4.066455
24496000,0.120274,126.441089,4.066455
24497000,0.120274,126.441094,4.066455
24498000,0.120274,126.441099,4.066454
24499000,0.120274,126.441103,4.066454
24500000,0.120274,126.441108,4.066454
24501000,0.120274,126.441112,4.066454
24502000,0.120274,126.441117,4.066454
24503000,0.120274,126.441122,4.066454
24504000,0.120274,126.441126,4.066454
24505000,0.120274,126.441131,4.066453
24506000,0.120274,126.441135,4.066453
24507000,0.120274,126.441140,4.066453
24508000,0.120274,126.441144,4.066453
24509000,0.120274,126.441149,4.066453
24510000,0.120274,126.441153,4.066453
24511000,0.120274,126.441158,4.066453
24512000,0.120274,126.441162,4.066452
24513000,0.120274,126.441167,4.066452
24514000,0.120274,126.441171,4.066452
24515000,0.120274,126.441176,4.066452
24516000,0.120274,126.441180,4.066452
24517000,0.120274,126.441184,4.066452
24518000,0.120274,126.441189,4.066451
24519000,0.120274,126.441193,4.066451
24520000,0.120274,126.441198,4.066451
24521000,0.120274,126.441202,4.066451
24522000,0.120274,126.441206,4.066451
24523000,0.120274,126.441211,4.066451
24524000,0.120274,126.441215,4.066450
24525000,0.120274,126.441219,4.066450
24526000,0.120274,126.441224,4.066450
24527000,0.120274,126.441228,4.066450
24528000,0.120274,126.441232,4.066450
24529000,0.120274,126.441236,4.066450
24530000,0.120274,126.441241,4.066449
24531000,0.120274,126.441245,4.066449
24532000,0.120274,126.441249,4.066449
24533000,0.120274,126.441253,4.066449
24534000,0.120274,126.441258,4.066449
24535000,0.120274,126.441262,4.066448
24536000,0.120274,126.441266,4.066448
24537000,0.120274,126.441270,4.066448
24538000,0.120274,126.441274,4.066448
24539000,0.120274,126.441279,4.066448
24540000,0.120274,126.441283,4.066448
24541000,0.120274,126.441287,4.066447
24542000,0.120274,126.441291,4.066447
24543000,0.120274,126.441295,4.066447
24544000,0.120274,126.441299,4.066447
24545000,0.120274,126.441303,4.066447
24546000,0.120274,126.441307,4.066447
24547000,0.120274,126.441311,4.066446
24548000,0.120274,126.441315,4.066446
24549000,0.120274,126.441319,4.066446
24550000,0.120274,126.441323,4.066446
24551000,0.120274,126.441327,4.066446
24552000,0.120274,126.441331,4.066445
24553000,0.120274,126.441335,4.066445
24554000,0.120274,126.441339,4.066445
24555000,0.120274,126.441343,4.066445
24556000,0.120274,126.441347,4.066445
24557000,0.120274,126.441351,4.066445
24558000,0.120274,126.441355,4.066444
24559000,0.120274,126.441359,4.066444
24560000,0.120274,126.441363,4.066444
24561000,0.120274,126.441367,4.066444
24562000,0.120274,126.441371,4.066444
24563000,0.120274,126.441375,4.066443
24564000,0.120274,126.441379,4.066443
24565000,0.120274,126.441383,4.066443
24566000,0.120274,126.441386,4.066443
24567000,0.120274,126.441390,4.066443
24568000,0.120274,126.441394,4.066443
24569000,0.120274,126.441398,4.066442
24570000,0.120274,126.441402,4.066442
24571000,0.120274,126.441405,4.066442
24572000,0.120274,126.441409,4.066442
24573000,0.120274,126.441413,4.066442
24574000,0.120274,126.441417,4.066441
24575000,0.120274,126.441421,4.066441
24576000,0.120274,126.441424,4.066441
24577000,0.120274,126.441428,4.066441
24578000,0.120274,126.441432,4.066441
24579000,0.120274,126.441435,4.066440
24580000,0.120274,126.441439,4.066440
24581000,0.120274,126.441443,4.066440
24582000,0.120274,126.441446,4.066440
24583000,0.120274,126.441450,4.066440
24584000,0.120274,126.441454,4.066440
24585000,0.120274,126.441457,4.066439
24586000,0.120274,126.441461,4.066439
24587000,0.120274,126.441465,4.066439
24588000,0.120274,126.441468,4.066439
24589000,0.120274,126.441472,4.066439
24590000,0.120274,126.441475,4.066438
24591000,0.120274,126.441479,4.066438
24592000,0.120274,126.441483,4.066438
24593000,0.120274,126.441486,4.066438
24594000,0.120274,126.441490,4.066438
24595000,0.120274,126.441493,4.066437
24596000,0.120274,126.441497,4.066437
24597000,0.120274,126.441500,4.066437
24598000,0.120274,126.441504,4.066437
24599000,0.120274,126.441507,4.066437
24600000,0.120274,126.441511,4.066437
24601000,0.120274,126.441514,4.066436
24602000,0.120274,126.441518,4.066436
24603000,0.120274,126.441521,4.066436
24604000,0.120274,126.441524,4.066436
24605000,0.120274,126.441528,4.066436
24606000,0.120274,126.441531,4.066435
24607000,0.120274,126.441535,4.066435
24608000,0.120274,126.441538,4.066435
24609000,0.120274,126.441541,4.066435
24610000,0.120274,126.441545,4.066435
24611000,0.120274,126.441548,4.066434
24612000,0.120274,126.441551,4.066434
24613000,0.120274,126.441555,4.066434
24614000,0.120274,126.441558,4.066434
24615000,0.120274,126.441561,4.066434
24616000,0.120274,126.441565,4.066433
24617000,0.120274,126.441568,4.066433
24618000,0.120274,126.441571,4.066433
24619000,0.120274,126.441575,4.066433
24620000,0.120274,126.441578,4.066433
24621000,0.120274,126.441581,4.066433
24622000,0.120274,126.441584,4.066432
24623000,0.120274,126.441588,4.066432
24624000,0.120274,126.441591,4.066432
24625000,0.120274,126.441594,4.066432
24626000,0.120274,126.441597,4.066432
24627000,0.120274,126.441600,4.066431
24628000,0.120274,126.441604,4.066431
24629000,0.120274,126.441607,4.066431
24630000,0.120274,126.441610,4.066431
24631000,0.120274,126.441613,4.066431
24632000,0.120274,126.441616,4.066430
24633000,0.120274,126.441619,4.066430
24634000,0.120274,126.441622,4.066430
24635000,0.120274,126.441626,4.066430
24636000,0.120274,126.441629,4.066430
24637000,0.120274,126.441632,4.066429
24638000,0.120274,126.441635,4.066429
24639000,0.120274,126.441638,4.066429
24640000,0.120274,126.441641,4.066429
24641000,0.120274,126.441644,4.066429
24642000,0.120274,126.441647,4.066428
24643000,0.120274,126.441650,4.066428
24644000,0.120274,126.441653,4.066428
24645000,0.120274,126.441656,4.066428
24646000,0.120274,126.441659,4.066428
24647000,0.120274,126.441662,4.066428
24648000,0.120274,126.441665,4.066427
24649000,0.120274,126.441668,4.066427
24650000,0.120274,126.441671,4.066427
24651000,0.120274,126.441674,4.066427
24652000,0.120274,126.441677,4.066427
24653000,0.120274,126.441680,4.066426
24654000,0.120274,126.441683,4.066426
24655000,0.120274,126.441686,4.066426
24656000,0.120274,126.441688,4.066426
24657000,0.120274,126.441691,4.066426
24658000,0.120274,126.441694,4.066425
24659000,0.120274,126.441697,4.066425
24660000,0.120274,126.441700,4.066425
24661000,0.120274,126.441703,4.066425
24662000,0.120274,126.441706,4.066425
24663000,0.120274,126.441708,4.066424
24664000,0.120274,126.441711,4.066424
24665000,0.120274,126.441714,4.066424
24666000,0.120274,126.441717,4.066424
24667000,0.120274,126.441720,4.066424
24668000,0.120274,126.441722,4.066423
24669000,0.120274,126.441725,4.066423
24670000,0.120274,126.441728,4.066423
24671000,0.120274,126.441731,4.066423
24672000,0.120274,126.441733,4.066423
24673000,0.120274,126.441736,4.066422
24674000,0.120274,126.441739,4.066422
24675000,0.120274,126.441742,4.066422
24676000,0.120274,126.441744,4.066422
24677000,0.120274,126.441747,4.066422
24678000,0.120274,126.441750,4.066421
24679000,0.120274,126.441752,4.066421
24680000,0.120274,126.441755,4.066421
24681000,0.120274,126.441758,4.066421
24682000,0.120274,126.441760,4.066421
24683000,0.120274,126.441763,4.066420
24684000,0.120274,126.441766,4.066420
24685000,0.120274,126.441768,4.066420
24686000,0.120274,126.441771,4.066420
24687000,0.120274,126.441773,4.066420
24688000,0.120274,126.441776,4.066419
24689000,0.120274,126.441779,4.066419
24690000,0.120274,126.441781,4.066419
24691000,0.120274,126.441784,4.066419
24692000,0.120274,126.441786,4.066419
24693000,0.120274,126.441789,4.066418
24694000,0.120274,126.441791,4.066418
24695000,0.120274,126.441794,4.066418
24696000,0.120274,126.441796,4.066418
24697000,0.120274,126.441799,4.066418
24698000,0.120274,126.441801,4.066417
24699000,0.120274,126.441804,4.066417
24700000,0.120274,126.441806,4.066417
24701000,0.120274,126.441809,4.066417
24702000,0.120274,126.441811,4.066417
24703000,0.120274,126.441814,4.066416
24704000,0.120274,126.441816,4.066416
24705000,0.120274,126.441818,4.066416
24706000,0.120274,126.441821,4.066416
24707000,0.120274,126.441823,4.066416
24708000,0.120274,126.441826,4.066415
24709000,0.120274,126.441828,4.066415
24710000,0.120274,126.441830,4.066415
24711000,0.120274,126.441833,4.066415
24712000,0.120274,126.441835,4.066415
24713000,0.120274,126.441838,4.066414
24714000,0.120274,126.441840,4.066414
24715000,0.120274,126.441842,4.066414
24716000,0.120274,126.441845,4.066414
24717000,0.120274,126.441847,4.066414
24718000,0.120274,126.441849,4.066413
24719000,0.120274,126.441851,4.066413
24720000,0.120274,126.441854,4.066413
24721000,0.120274,126.441856,4.066413
24722000,0.120274,126.441858,4.066412
24723000,0.120274,126.441861,4.066412
24724000,0.120274,126.441863,4.066412
24725000,0.120274,126.441865,4.066412
24726000,0.120274,126.441867,4.066412
24727000,0.120274,126.441869,4.066411
24728000,0.120274,126.441872,4.066411
24729000,0.120274,126.441874,4.066411
24730000,0.120274,126.441876,4.066411
24731000,0.120274,126.441878,4.066411
24732000,0.120274,126.441880,4.066410
24733000,0.120274,126.441883,4.066410
24734000,0.120274,126.441885,4.066410
24735000,0.120274,126.441887,4.066410
24736000,0.120274,126.441889,4.066410
24737000,0.120274,126.441891,4.066409
24738000,0.120274,126.441893,4.066409
24739000,0.120274,126.441895,4.066409
24740000,0.120274,126.441898,4.066409
24741000,0.120274,126.441900,4.066409
24742000,0.120274,126.441902,4.066408
24743000,0.120274,126.441904,4.066408
24744000,0.120274,126.441906,4.066408
24745000,0.120274,126.441908,4.066408
24746000,0.120274,126.441910,4.066408
24747000,0.120274,126.441912,4.066407
24748000,0.120274,126.441914,4.066407
24749000,0.120274,126.441916,4.066407
24750000,0.120274,126.441918,4.066407
24751000,0.120274,126.441920,4.066406
24752000,0.120274,126.441922,4.066406
24753000,0.120274,126.441924,4.066406
24754000,0.120274,126.441926,4.066406
24755000,0.120274,126.441928,4.066406
24756000,0.120274,126.441930,4.066405
24757000,0.120274,126.441932,4.066405
24758000,0.120274,126.441934,4.066405
24759000,0.120274,126.441936,4.066405
24760000,0.120274,126.441938,4.066405
24761000,0.120274,126.441940,4.066404
24762000,0.120274,126.441942,4.066404
24763000,0.120274,126.441944,4.066404
24764000,0.120274,126.441945,4.066404
24765000,0.120274,126.441947,4.066404
24766000,0.120274,126.441949,4.066403
24767000,0.120274,126.441951,4.066403
24768000,0.120274,126.441953,4.066403
24769000,0.120274,126.441955,4.066403
24770000,0.120274,126.441957,4.066403
24771000,0.120274,126.441958,4.066402
24772000,0.120274,126.441960,4.066402
24773000,0.120274,126.441962,4.066402
24774000,0.120274,126.441964,4.066402
24775000,0.120274,126.441966,4.066401
24776000,0.120274,126.441968,4.066401
24777000,0.120274,126.441969,4.066401
24778000,0.120274,126.441971,4.066401
24779000,0.120274,126.441973,4.066401
24780000,0.120274,126.441975,4.066400
24781000,0.120274,126.441976,4.066400
24782000,0.120274,126.441978,4.066400
24783000,0.120274,126.441980,4.066400
24784000,0.120274,126.441982,4.066400
24785000,0.120274,126.441983,4.066399
24786000,0.120274,126.441985,4.066399
24787000,0.120274,126.441987,4.066399
24788000,0.120274,126.441988,4.066399
24789000,0.120274,126.441990,4.066399
24790000,0.120274,126.441992,4.066398
24791000,0.120274,126.441993,4.066398
24792000,0.120274,126.441995,4.066398
24793000,0.120274,126.441997,4.066398
24794000,0.120274,126.441998,4.066398
24795000,0.120274,126.442000,4.066397
24796000,0.120274,126.442002,4.066397
24797000,0.120274,126.442003,4.066397
24798000,0.120274,126.442005,4.066397
24799000,0.120274,126.442007,4.066397
24800000,0.120274,126.442008,4.066396
24801000,0.120274,126.442010,4.066396
24802000,0.120274,126.442011,4.066396
24803000,0.120274,126.442013,4.066396
24804000,0.120274,126.442014,4.066396
24805000,0.120274,126.442016,4.066395
24806000,0.120274,126.442018,4.066395
24807000,0.120274,126.442019,4.066395
24808000,0.120274,126.442021,4.066395
24809000,0.120274,126.442022,4.066394
24810000,0.120274,126.442024,4.066394
24811000,0.120274,126.442025,4.066394
24812000,0.120274,126.442027,4.066394
24813000,0.120274,126.442028,4.066394
24814000,0.120274,126.442030,4.066393
24815000,0.120274,126.442031,4.066393
24816000,0.120274,126.442033,4.066393
24817000,0.120274,126.442034,4.066393
24818000,0.120274,126.442036,4.066393
24819000,0.120274,126.442037,4.066392
24820000,0.120274,126.442038,4.066392
24821000,0.120274,126.442040,4.066392
24822000,0.120274,126.442041,4.066392
24823000,0.120274,126.442043,4.066392
24824000,0.120274,126.442044,4.066391
24825000,0.120274,126.442045,4.066391
24826000,0.120274,126.442047,4.066391
24827000,0.120274,126.442048,4.066391
24828000,0.120274,126.442050,4.066391
24829000,0.120274,126.442051,4.066390
24830000,0.120274,126.442052,4.066390
24831000,0.120274,126.442054,4.066390
24832000,0.120274,126.442055,4.066390
24833000,0.120274,126.442056,4.066390
24834000,0.120274,126.442058,4.066389
24835000,0.120274,126.442059,4.066389
24836000,0.120274,126.442060,4.066389
24837000,0.120274,126.442062,4.066389
24838000,0.120274,126.442063,4.066389
24839000,0.120274,126.442064,4.066388
24840000,0.120274,126.442066,4.066388
24841000,0.120274,126.442067,4.066388
24842000,0.120274,126.442068,4.066388
24843000,0.120274,126.442069,4.066388
24844000,0.120274,126.442071,4.066387
24845000,0.120274,126.442072,4.066387
24846000,0.120274,126.442073,4.066387
24847000,0.120274,126.442074,4.066387
24848000,0.120274,126.442076,4.066387
24849000,0.120274,126.442077,4.066386
24850000,0.120274,126.442078,4.066386
24851000,0.120274,126.442079,4.066386
24852000,0.120274,126.442081,4.066386
24853000,0.120274,126.442082,4.066386
24854000,0.120274,126.442083,4.066386
24855000,0.120274,126.442084,4.066385
24856000,0.120274,126.442085,4.066385
24857000,0.120274,126.442086,4.066385
24858000,0.120274,126.442088,4.066385
24859000,0.120274,126.442089,4.066385
24860000,0.120274,126.442090,4.066384
24861000,0.120274,126.442091,4.066384
24862000,0.120274,126.442092,4.066384
24863000,0.120274,126.442093,4.066384
24864000,0.120274,126.442094,4.066384
24865000,0.120274,126.442096,4.066383
24866000,0.120274,126.442097,4.066383
24867000,0.120274,126.442098,4.066383
24868000,0.120274,126.442099,4.066383
24869000,0.120274,126.442100,4.066383
24870000,0.120274,126.442101,4.066382
24871000,0.120274,126.442102,4.066382
24872000,0.120274,126.442103,4.066382
24873000,0.120274,126.442104,4.066382
24874000,0.120274,126.442105,4.066382
24875000,0.120274,126.442106,4.066381
24876000,0.120274,126.442107,4.066381
24877000,0.120274,126.442108,4.066381
24878000,0.120274,126.442109,4.066381
24879000,0.120274,126.442110,4.066381
24880000,0.120274,126.442111,4.066380
24881000,0.120274,126.442112,4.066380
24882000,0.120274,126.442113,4.066380
24883000,0.120274,126.442114,4.066380
24884000,0.120274,126.442115,4.066380
24885000,0.120274,126.442116,4.066380
24886000,0.120274,126.442117,4.066379
24887000,0.120274,126.442118,4.066379
24888000,0.120274,126.442119,4.066379
24889000,0.120274,126.442120,4.066379
24890000,0.120274,126.442121,4.066379
24891000,0.120274,126.442122,4.066378
24892000,0.120274,126.442123,4.066378
24893000,0.120274,126.442124,4.066378
24894000,0.120274,126.442125,4.066378
24895000,0.120274,126.442126,4.066378
24896000,0.120274,126.442127,4.066377
24897000,0.120274,126.442128,4.066377
24898000,0.120274,126.442129,4.066377
24899000,0.120274,126.442129,4.066377
24900000,0.120274,126.442130,4.066377
24901000,0.120274,126.442131,4.066376
24902000,0.120274,126.442132,4.066376
24903000,0.120274,126.442133,4.066376
24904000,0.120274,126.442134,4.066376
24905000,0.120274,126.442135,4.066376
24906000,0.120274,126.442136,4.066376
24907000,0.120274,126.442136,4.066375
24908000,0.120274,126.442137,4.066375
24909000,0.120274,126.442138,4.066375
24910000,0.120274,126.442139,4.066375
24911000,0.120274,126.442140,4.066375
24912000,0.120274,126.442140,4.066374
24913000,0.120274,126.442141,4.066374
24914000,0.120274,126.442142,4.066374
24915000,0.120274,126.442143,4.066374
24916000,0.120274,126.442144,4.066374
24917000,0.120274,126.442144,4.066374
24918000,0.120274,126.442145,4.066373
24919000,0.120274,126.442146,4.066373
24920000,0.120274,126.442147,4.066373
24921000,0.120274,126.442147,4.066373
24922000,0.120274,126.442148,4.066373
24923000,0.120274,126.442149,4.066372
24924000,0.120274,126.442150,4.066372
24925000,0.120274,126.442150,4.066372
24926000,0.120274,126.442151,4.066372
24927000,0.120274,126.442152,4.066372
24928000,0.120274,126.442153,4.066371
24929000,0.120274,126.442153,4.066371
24930000,0.120274,126.442154,4.066371
24931000,0.120274,126.442155,4.066371
24932000,0.120274,126.442155,4.066371
24933000,0.120274,126.442156,4.066371
24934000,0.120274,126.442157,4.066370
24935000,0.120274,126.442157,4.066370
24936000,0.120274,126.442158,4.066370
24937000,0.120274,126.442159,4.066370
24938000,0.120274,126.442159,4.066370
24939000,0.120274,126.442160,4.066369
24940000,0.120274,126.442161,4.066369
24941000,0.120274,126.442161,4.066369
24942000,0.120274,126.442162,4.066369
24943000,0.120274,126.442162,4.066369
24944000,0.120274,126.442163,4.066369
24945000,0.120274,126.442164,4.066368
24946000,0.120274,126.442164,4.066368
24947000,0.120274,126.442165,4.066368
24948000,0.120274,126.442166,4.066368
24949000,0.120274,126.442166,4.066368
24950000,0.120274,126.442167,4.066368
24951000,0.120274,126.442167,4.066367
24952000,0.120274,126.442168,4.066367
24953000,0.120274,126.442168,4.066367
24954000,0.120274,126.442169,4.066367
24955000,0.120274,126.442170,4.066367
24956000,0.120274,126.442170,4.066366
24957000,0.120274,126.442171,4.066366
24958000,0.120274,126.442171,4.066366
24959000,0.120274,126.442172,4.066366
24960000,0.120274,126.442172,4.066366
24961000,0.120274,126.442173,4.066366
24962000,0.120274,126.442173,4.066365
24963000,0.120274,126.442174,4.066365
24964000,0.120274,126.442174,4.066365
24965000,0.120274,126.442175,4.066365
24966000,0.120274,126.442175,4.066365
24967000,0.120274,126.442176,4.066365
24968000,0.120274,126.442176,4.066364
24969000,0.120274,126.442177,4.066364
24970000,0.120274,126.442177,4.066364
24971000,0.120274,126.442178,4.066364
24972000,0.120274,126.442178,4.066364
24973000,0.120274,126.442179,4.066363
24974000,0.120274,126.442179,4.066363
24975000,0.120274,126.442179,4.066363
24976000,0.120274,126.442180,4.066363
24977000,0.120274,126.442180,4.066363
24978000,0.120274,126.442181,4.066363
24979000,0.120274,126.442181,4.066362
24980000,0.120274,126.442182,4.066362
24981000,0.120274,126.442182,4.066362
24982000,0.120274,126.442182,4.066362
24983000,0.120274,126.442183,4.066362
24984000,0.120274,126.442183,4.066362
24985000,0.120274,126.442184,4.066361
24986000,0.120274,126.442184,4.066361
24987000,0.120274,126.442184,4.066361
24988000,0.120274,126.442185,4.066361
24989000,0.120274,126.442185,4.066361
24990000,0.120274,126.442186,4.066361
24991000,0.120274,126.442186,4.066360
24992000,0.120274,126.442186,4.066360
24993000,0.120274,126.442187,4.066360
24994000,0.120274,126.442187,4.066360
24995000,0.120274,126.442187,4.066360
24996000,0.120274,126.442188,4.066360
24997000,0.120274,126.442188,4.066359
24998000,0.120274,126.442188,4.066359
24999000,0.120274,126.442189,4.066359
25000000,0.120274,126.442189,4.066359
25001000,0.120274,126.442189,4.066359
25002000,0.120274,126.442190,4.066359
25003000,0.120274,126.442190,4.066358
25004000,0.120274,126.442190,4.066358
25005000,0.120274,126.442191,4.066358
25006000,0.120274,126.442191,4.066358
25007000,0.120274,126.442191,4.066358
25008000,0.120274,126.442191,4.066358
25009000,0.120274,126.442192,4.066357
25010000,0.120274,126.442192,4.066357
25011000,0.120274,126.442192,4.066357
25012000,0.120274,126.442192,4.066357
25013000,0.120274,126.442193,4.066357
25014000,0.120274,126.442193,4.066357
25015000,0.120274,126.442193,4.066356
25016000,0.120274,126.442194,4.066356
25017000,0.120274,126.442194,4.066356
25018000,0.120274,126.442194,4.066356
25019000,0.120274,126.442194,4.066356
25020000,0.120274,126.442194,4.066356
25021000,0.120274,126.442195,4.066355
25022000,0.120274,126.442195,4.066355
25023000,0.120274,126.442195,4.066355
25024000,0.120274,126.442195,4.066355
25025000,0.120274,126.442196,4.066355
25026000,0.120274,126.442196,4.066355
25027000,0.120274,126.442196,4.066354
25028000,0.120274,126.442196,4.066354
25029000,0.120274,126.442196,4.066354
25030000,0.120274,126.442196,4.066354
25031000,0.120274,126.442197,4.066354
25032000,0.120274,126.442197,4.066354
25033000,0.120274,126.442197,4.066354
25034000,0.120274,126.442197,4.066353
25035000,0.120274,126.442197,4.066353
25036000,0.120274,126.442197,4.066353
25037000,0.120274,126.442198,4.066353
25038000,0.120274,126.442198,4.066353
25039000,0.120274,126.442198,4.066353
25040000,0.120274,126.442198,4.066352
25041000,0.120274,126.442198,4.066352
25042000,0.120274,126.442198,4.066352
25043000,0.120274,126.442198,4.066352
25044000,0.120274,126.442199,4.066352
25045000,0.120274,126.442199,4.066352
25046000,0.120274,126.442199,4.066351
25047000,0.120274,126.442199,4.066351
25048000,0.120274,126.442199,4.066351
25049000,0.120274,126.442199,4.066351
25050000,0.120274,126.442199,4.066351
25051000,0.120274,126.442199,4.066351
25052000,0.120274,126.442199,4.066351
25053000,0.120274,126.442199,4.066350
25054000,0.120274,126.442200,4.066350
25055000,0.120274,126.442200,4.066350
25056000,0.120274,126.442200,4.066350
25057000,0.120274,126.442200,4.066350
25058000,0.120274,126.442200,4.066350
25059000,0.120274,126.442200,4.066349
25060000,0.120274,126.442200,4.066349
25061000,0.120274,126.442200,4.066349
25062000,0.120274,126.442200,4.066349
25063000,0.120274,126.442200,4.066349
25064000,0.120274,126.442200,4.066349
25065000,0.120274,126.442200,4.066349
25066000,0.120274,126.442200,4.066348
25067000,0.120274,126.442200,4.066348
25068000,0.120274,126.442200,4.066348
25069000,0.120274,126.442200,4.066348
25070000,0.120274,126.442200,4.066348
25071000,0.120274,126.442200,4.066348
25072000,0.120274,126.442200,4.066348
25073000,0.120274,126.442200,4.066347
25074000,0.120274,126.442200,4.066347
25075000,0.120274,126.442200,4.066347
25076000,0.120274,126.442200,4.066347
25077000,0.120274,126.442200,4.066347
25078000,0.120274,126.442200,4.066347
25079000,0.120274,126.442200,4.066347
25080000,0.120274,126.442200,4.066346
25081000,0.120274,126.442200,4.066346
25082000,0.120274,126.442200,4.066346
25083000,0.120274,126.442200,4.066346
25084000,0.120274,126.442200,4.066346
25085000,0.120274,126.442200,4.066346
25086000,0.120274,126.442200,4.066345
25087000,0.120274,126.442200,4.066345
25088000,0.120274,126.442200,4.066345
25089000,0.120274,126.442200,4.066345
25090000,0.120274,126.442200,4.066345
25091000,0.120274,126.442200,4.066345
25092000,0.120274,126.442200,4.066345
25093000,0.120274,126.442200,4.066344
25094000,0.120274,126.442199,4.066344
25095000,0.120274,126.442199,4.066344
25096000,0.120274,126.442199,4.066344
25097000,0.120274,126.442199,4.066344
25098000,0.120274,126.442199,4.066344
25099000,0.120274,126.442199,4.066344
25100000,0.120274,126.442199,4.066343
25101000,0.120274,126.442199,4.066343
25102000,0.120274,126.442199,4.066343
25103000,0.120274,126.442199,4.066343
25104000,0.120274,126.442199,4.066343
25105000,0.120274,126.442198,4.066343
25106000,0.120274,126.442198,4.066343
25107000,0.120274,126.442198,4.066343
25108000,0.120274,126.442198,4.066342
25109000,0.120274,126.442198,4.066342
25110000,0.120274,126.442198,4.066342
25111000,0.120274,126.442198,4.066342
25112000,0.120274,126.442198,4.066342
25113000,0.120274,126.442197,4.066342
25114000,0.120274,126.442197,4.066342
25115000,0.120274,126.442197,4.066341
25116000,0.120274,126.442197,4.066341
25117000,0.120274,126.442197,4.066341
25118000,0.120274,126.442197,4.066341
25119000,0.120274,126.442197,4.066341
25120000,0.120274,126.442196,4.066341
25121000,0.120274,126.442196,4.066341
25122000,0.120274,126.442196,4.066340
25123000,0.120274,126.442196,4.066340
25124000,0.120274,126.442196,4.066340
25125000,0.120274,126.442196,4.066340
25126000,0.120274,126.442195,4.066340
25127000,0.120274,126.442195,4.066340
25128000,0.120274,126.442195,4.066340
25129000,0.120274,126.442195,4.066340
25130000,0.120274,126.442195,4.066339
25131000,0.120274,126.442194,4.066339
25132000,0.120274,126.442194,4.066339
25133000,0.120274,126.442194,4.066339
25134000,0.120274,126.442194,4.066339
25135000,0.120274,126.442194,4.066339
25136000,0.120274,126.442193,4.066339
25137000,0.120274,126.442193,4.066338
25138000,0.120274,126.442193,4.066338
25139000,0.120274,126.442193,4.066338
25140000,0.120274,126.442192,4.066338
25141000,0.120274,126.442192,4.066338
25142000,0.120274,126.442192,4.066338
25143000,0.120274,126.442192,4.066338
25144000,0.120274,126.442192,4.066338
25145000,0.120274,126.442191,4.066337
25146000,0.120274,126.442191,4.066337
25147000,0.120274,126.442191,4.066337
25148000,0.120274,126.442191,4.066337
25149000,0.120274,126.442190,4.066337
25150000,0.120274,126.442190,4.066337
25151000,0.120274,126.442190,4.066337
25152000,0.120274,126.442190,4.066337
25153000,0.120274,126.442189,4.066336
25154000,0.120274,126.442189,4.066336
25155000,0.120274,126.442189,4.066336
25156000,0.120274,126.442188,4.066336
25157000,0.120274,126.442188,4.066336
25158000,0.120274,126.442188,4.066336
25159000,0.120274,126.442188,4.066336
25160000,0.120274,126.442187,4.066336
25161000,0.120274,126.442187,4.066335
25162000,0.120274,126.442187,4.066335
25163000,0.120274,126.442187,4.066335
25164000,0.120274,126.442186,4.066335
25165000,0.120274,126.442186,4.066335
25166000,0.120274,126.442186,4.066335
25167000,0.120274,126.442185,4.066335
25168000,0.120274,126.442185,4.066335
25169000,0.120274,126.442185,4.066334
25170000,0.120274,126.442184,4.066334
25171000,0.120274,126.442184,4.066334
25172000,0.120274,126.442184,4.066334
25173000,0.120274,126.442183,4.066334
25174000,0.120274,126.442183,4.066334
25175000,0.120274,126.442183,4.066334
25176000,0.120274,126.442182,4.066334
25177000,0.120274,126.442182,4.066333
25178000,0.120274,126.442182,4.066333
25179000,0.120274,126.442182,4.066333
25180000,0.120274,126.442181,4.066333
25181000,0.120274,126.442181,4.066333
25182000,0.120274,126.442180,4.066333
25183000,0.120274,126.442180,4.066333
25184000,0.120274,126.442180,4.066333
25185000,0.120274,126.442179,4.066333
25186000,0.120274,126.442179,4.066332
25187000,0.120274,126.442179,4.066332
25188000,0.120274,126.442178,4.066332
25189000,0.120274,126.442178,4.066332
25190000,0.120274,126.442178,4.066332
25191000,0.120274,126.442177,4.066332
25192000,0.120274,126.442177,4.066332
25193000,0.120274,126.442177,4.066332
25194000,0.120274,126.442176,4.066331
25195000,0.120274,126.442176,4.066331
25196000,0.120274,126.442175,4.066331
25197000,0.120274,126.442175,4.066331
25198000,0.120274,126.442175,4.066331
25199000,0.120274,126.442174,4.066331
25200000,0.120274,126.442174,4.066331
25201000,0.120274,126.442174,4.066331
25202000,0.120274,126.442173,4.066331
25203000,0.120274,126.442173,4.066330
25204000,0.120274,126.442172,4.066330
25205000,0.120274,126.442172,4.066330
25206000,0.120274,126.442172,4.066330
25207000,0.120274,126.442171,4.066330
25208000,0.120274,126.442171,4.066330
25209000,0.120274,126.442170,4.066330
25210000,0.120274,126.442170,4.066330
25211000,0.120274,126.442170,4.066330
25212000,0.120274,126.442169,4.066329
25213000,0.120274,126.442169,4.066329
25214000,0.120274,126.442168,4.066329
25215000,0.120274,126.442168,4.066329
25216000,0.120274,126.442168,4.066329
25217000,0.120274,126.442167,4.066329
25218000,0.120274,126.442167,4.066329
25219000,0.120274,126.442166,4.066329
25220000,0.120274,126.442166,4.066329
25221000,0.120274,126.442165,4.066328
25222000,0.120274,126.442165,4.066328
25223000,0.120274,126.442165,4.066328
25224000,0.120274,126.442164,4.066328
25225000,0.120274,126.442164,4.066328
25226000,0.120274,126.442163,4.066328
25227000,0.120274,126.442163,4.066328
25228000,0.120274,126.442162,4.066328
25229000,0.120274,126.442162,4.066328
25230000,0.120274,126.442161,4.066328
25231000,0.120274,126.442161,4.066327
25232000,0.120274,126.442161,4.066327
25233000,0.120274,126.442160,4.066327
25234000,0.120274,126.442160,4.066327
25235000,0.120274,126.442159,4.066327
25236000,0.120274,126.442159,4.066327
25237000,0.120274,126.442158,4.066327
25238000,0.120274,126.442158,4.066327
25239000,0.120274,126.442157,4.066327
25240000,0.120274,126.442157,4.066326
25241000,0.120274,126.442156,4.066326
25242000,0.120274,126.442156,4.066326
25243000,0.120274,126.442155,4.066326
25244000,0.120274,126.442155,4.066326
25245000,0.120274,126.442154,4.066326
25246000,0.120274,126.442154,4.066326
25247000,0.120274,126.442154,4.066326
25248000,0.120274,126.442153,4.066326
25249000,0.120274,126.442153,4.066326
25250000,0.120274,126.442152,4.066325
25251000,0.120274,126.442152,4.066325
25252000,0.120274,126.442151,4.066325
25253000,0.120274,126.442151,4.066325
25254000,0.120274,126.442150,4.066325
25255000,0.120274,126.442150,4.066325
25256000,0.120274,126.442149,4.066325
25257000,0.120274,126.442149,4.066325
25258000,0.120274,126.442148,4.066325
25259000,0.120274,126.442148,4.066325
25260000,0.120274,126.442147,4.066324
25261000,0.120274,126.442147,4.066324
25262000,0.120274,126.442146,4.066324
25263000,0.120274,126.442146,4.066324
25264000,0.120274,126.442145,4.066324
25265000,0.120274,126.442145,4.066324
25266000,0.120274,126.442144,4.066324
25267000,0.120274,126.442144,4.066324
25268000,0.120274,126.442143,4.066324
25269000,0.120274,126.442143,4.066324
25270000,0.120274,126.442142,4.066323
25271000,0.120274,126.442141,4.066323
25272000,0.120274,126.442141,4.066323
25273000,0.120274,126.442140,4.066323
25274000,0.120274,126.442140,4.066323
25275000,0.120274,126.442139,4.066323
25276000,0.120274,126.442139,4.066323
25277000,0.120274,126.442138,4.066323
25278000,0.120274,126.442138,4.066323
25279000,0.120274,126.442137,4.066323
25280000,0.120274,126.442137,4.066323
25281000,0.120274,126.442136,4.066322
25282000,0.120274,126.442136,4.066322
25283000,0.120274,126.442135,4.066322
25284000,0.120274,126.442135,4.066322
25285000,0.120274,126.442134,4.066322
25286000,0.120274,126.442133,4.066322
25287000,0.120274,126.442133,4.066322
25288000,0.120274,126.442132,4.066322
25289000,0.120274,126.442132,4.066322
25290000,0.120274,126.442131,4.066322
25291000,0.120274,126.442131,4.066322
25292000,0.120274,126.442130,4.066321
25293000,0.120274,126.442130,4.066321
25294000,0.120274,126.442129,4.066321
25295000,0.120274,126.442129,4.066321
25296000,0.120274,126.442128,4.066321
25297000,0.120274,126.442127,4.066321
25298000,0.120274,126.442127,4.066321
25299000,0.120274,126.442126,4.066321
25300000,0.120274,126.442126,4.066321
25301000,0.120274,126.442125,4.066321
25302000,0.120274,126.442125,4.066321
25303000,0.120274,126.442124,4.066320
25304000,0.120274,126.442123,4.066320
25305000,0.120274,126.442123,4.066320
25306000,0.120274,126.442122,4.066320
25307000,0.120274,126.442122,4.066320
25308000,0.120274,126.442121,4.066320
25309000,0.120274,126.442121,4.066320
25310000,0.120274,126.442120,4.066320
25311000,0.120274,126.442119,4.066320
25312000,0.120274,126.442119,4.066320
25313000,0.120274,126.442118,4.066320
25314000,0.120274,126.442118,4.066320
25315000,0.120274,126.442117,4.066319
25316000,0.120274,126.442117,4.066319
25317000,0.120274,126.442116,4.066319
25318000,0.120274,126.442115,4.066319
25319000,0.120274,126.442115,4.066319
25320000,0.120274,126.442114,4.066319
25321000,0.120274,126.442114,4.066319
25322000,0.120274,126.442113,4.066319
25323000,0.120274,126.442112,4.066319
25324000,0.120274,126.442112,4.066319
25325000,0.120274,126.442111,4.066319
25326000,0.120274,126.442111,4.066319
25327000,0.120274,126.442110,4.066318
25328000,0.120274,126.442109,4.066318
25329000,0.120274,126.442109,4.066318
25330000,0.120274,126.442108,4.066318
25331000,0.120274,126.442108,4.066318
25332000,0.120274,126.442107,4.066318
25333000,0.120274,126.442106,4.066318
25334000,0.120274,126.442106,4.066318
25335000,0.120274,126.442105,4.066318
25336000,0.120274,126.442105,4.066318
25337000,0.120274,126.442104,4.066318
25338000,0.120274,126.442103,4.066318
25339000,0.120274,126.442103,4.066317
25340000,0.120274,126.442102,4.066317
25341000,0.120274,126.442102,4.066317
25342000,0.120274,126.442101,4.066317
25343000,0.120274,126.442100,4.066317
25344000,0.120274,126.442100,4.066317
25345000,0.120274,126.442099,4.066317
25346000,0.120274,126.442098,4.066317
25347000,0.120274,126.442098,4.066317
25348000,0.120274,126.442097,4.066317
25349000,0.120274,126.442097,4.066317
25350000,0.120274,126.442096,4.066317
25351000,0.120274,126.442095,4.066317
25352000,0.120274,126.442095,4.066316
25353000,0.120274,126.442094,4.066316
25354000,0.120274,126.442093,4.066316
25355000,0.120274,126.442093,4.066316
25356000,0.120274,126.442092,4.066316
25357000,0.120274,126.442092,4.066316
25358000,0.120274,126.442091,4.066316
25359000,0.120274,126.442090,4.066316
25360000,0.120274,126.442090,4.066316
25361000,0.120274,126.442089,4.066316
25362000,0.120274,126.442088,4.066316
25363000,0.120274,126.442088,4.066316
25364000,0.120274,126.442087,4.066316
25365000,0.120274,126.442087,4.066316
25366000,0.120274,126.442086,4.066315
25367000,0.120274,126.442085,4.066315
25368000,0.120274,126.442085,4.066315
25369000,0.120274,126.442084,4.066315
25370000,0.120274,126.442083,4.066315
25371000,0.120274,126.442083,4.066315
25372000,0.120274,126.442082,4.066315
25373000,0.120274,126.442081,4.066315
25374000,0.120274,126.442081,4.066315
25375000,0.120274,126.442080,4.066315
25376000,0.120274,126.442080,4.066315
25377000,0.120274,126.442079,4.066315
25378000,0.120274,126.442078,4.066315
25379000,0.120274,126.442078,4.066315
25380000,0.120274,126.442077,4.066314
25381000,0.120274,126.442076,4.066314
25382000,0.120274,126.442076,4.066314
25383000,0.120274,126.442075,4.066314
25384000,0.120274,126.442074,4.066314
25385000,0.120274,126.442074,4.066314
25386000,0.120274,126.442073,4.066314
25387000,0.120274,126.442072,4.066314
25388000,0.120274,126.442072,4.066314
25389000,0.120274,126.442071,4.066314
25390000,0.120274,126.442070,4.066314
25391000,0.120274,126.442070,4.066314
25392000,0.120274,126.442069,4.066314
25393000,0.120274,126.442068,4.066314
25394000,0.120274,126.442068,4.066313
25395000,0.120274,126.442067,4.066313
25396000,0.120274,126.442067,4.066313
25397000,0.120274,126.442066,4.066313
25398000,0.120274,126.442065,4.066313
25399000,0.120274,126.442065,4.066313
25400000,0.120274,126.442064,4.066313
25401000,0.120274,126.442063,4.066313
25402000,0.120274,126.442063,4.066313
25403000,0.120274,126.442062,4.066313
25404000,0.120274,126.442061,4.066313
25405000,0.120274,126.442061,4.066313
25406000,0.120274,126.442060,4.066313
25407000,0.120274,126.442059,4.066313
25408000,0.120274,126.442059,4.066313
25409000,0.120274,126.442058,4.066313
25410000,0.120274,126.442057,4.066312
25411000,0.120274,126.442057,4.066312
25412000,0.120274,126.442056,4.066312
25413000,0.120274,126.442055,4.066312
25414000,0.120274,126.442055,4.066312
25415000,0.120274,126.442054,4.066312
25416000,0.120274,126.442053,4.066312
25417000,0.120274,126.442053,4.066312
25418000,0.120274,126.442052,4.066312
25419000,0.120274,126.442051,4.066312
25420000,0.120274,126.442051,4.066312
25421000,0.120274,126.442050,4.066312
25422000,0.120274,126.442049,4.066312
25423000,0.120274,126.442049,4.066312
25424000,0.120274,126.442048,4.066312
25425000,0.120274,126.442047,4.066312
25426000,0.120274,126.442047,4.066311
25427000,0.120274,126.442046,4.066311
25428000,0.120274,126.442045,4.066311
25429000,0.120274,126.442045,4.066311
25430000,0.120274,126.442044,4.066311
25431000,0.120274,126.442043,4.066311
25432000,0.120274,126.442042,4.066311
25433000,0.120274,126.442042,4.066311
25434000,0.120274,126.442041,4.066311
25435000,0.120274,126.442040,4.066311
25436000,0.120274,126.442040,4.066311
25437000,0.120274,126.442039,4.066311
25438000,0.120274,126.442038,4.066311
25439000,0.120274,126.442038,4.066311
25440000,0.120274,126.442037,4.066311
25441000,0.120274,126.442036,4.066311
25442000,0.120274,126.442036,4.066311
25443000,0.120274,126.442035,4.066310
25444000,0.120274,126.442034,4.066310
25445000,0.120274,126.442034,4.066310
25446000,0.120274,126.442033,4.066310
25447000,0.120274,126.442032,4.066310
25448000,0.120274,126.442032,4.066310
25449000,0.120274,126.442031,4.066310
25450000,0.120274,126.442030,4.066310
25451000,0.120274,126.442030,4.066310
25452000,0.120274,126.442029,4.066310
25453000,0.120274,126.442028,4.066310
25454000,0.120274,126.442028,4.066310
25455000,0.120274,126.442027,4.066310
25456000,0.120274,126.442026,4.066310
25457000,0.120274,126.442025,4.066310
25458000,0.120274,126.442025,4.066310
25459000,0.120274,126.442024,4.066310
25460000,0.120274,126.442023,4.066310
25461000,0.120274,126.442023,4.066309
25462000,0.120274,126.442022,4.066309
25463000,0.120274,126.442021,4.066309
25464000,0.120274,126.442021,4.066309
25465000,0.120274,126.442020,4.066309
25466000,0.120274,126.442019,4.066309
25467000,0.120274,126.442019,4.066309
25468000,0.120274,126.442018,4.066309
25469000,0.120274,126.442017,4.066309
25470000,0.120274,126.442017,4.066309
25471000,0.120274,126.442016,4.066309
25472000,0.120274,126.442015,4.066309
25473000,0.120274,126.442015,4.066309
25474000,0.120274,126.442014,4.066309
25475000,0.120274,126.442013,4.066309
25476000,0.120274,126.442012,4.066309
25477000,0.120274,126.442012,4.066309
25478000,0.120274,126.442011,4.066309
25479000,0.120274,126.442010,4.066309
25480000,0.120274,126.442010,4.066308
25481000,0.120274,126.442009,4.066308
25482000,0.120274,126.442008,4.066308
25483000,0.120274,126.442008,4.066308
25484000,0.120274,126.442007,4.066308
25485000,0.120274,126.442006,4.066308
25486000,0.120274,126.442006,4.066308
25487000,0.120274,126.442005,4.066308
25488000,0.120274,126.442004,4.066308
25489000,0.120274,126.442004,4.066308
25490000,0.120274,126.442003,4.066308
25491000,0.120274,126.442002,4.066308
25492000,0.120274,126.442001,4.066308
25493000,0.120274,126.442001,4.066308
25494000,0.120274,126.442000,4.066308
25495000,0.120274,126.441999,4.066308
25496000,0.120274,126.441999,4.066308
25497000,0.120274,126.441998,4.066308
25498000,0.120274,126.441997,4.066308
25499000,0.120274,126.441997,4.066308
25500000,0.120274,126.441996,4.066308
25501000,0.120274,126.441995,4.066308
25502000,0.120274,126.441995,4.066307
25503000,0.120274,126.441994,4.066307
25504000,0.120274,126.441993,4.066307
25505000,0.120274,126.441992,4.066307
25506000,0.120274,126.441992,4.066307
25507000,0.120274,126.441991,4.066307
25508000,0.120274,126.441990,4.066307
25509000,0.120274,126.441990,4.066307
25510000,0.120274,126.441989,4.066307
25511000,0.120274,126.441988,4.066307
25512000,0.120274,126.441988,4.066307
25513000,0.120274,126.441987,4.066307
25514000,0.120274,126.441986,4.066307
25515000,0.120274,126.441986,4.066307
25516000,0.120274,126.441985,4.066307
25517000,0.120274,126.441984,4.066307
25518000,0.120274,126.441984,4.066307
25519000,0.120274,126.441983,4.066307
25520000,0.120274,126.441982,4.066307
25521000,0.120274,126.441981,4.066307
25522000,0.120274,126.441981,4.066307
25523000,0.120274,126.441980,4.066307
25524000,0.120274,126.441979,4.066307
25525000,0.120274,126.441979,4.066306
25526000,0.120274,126.441978,4.066306
25527000,0.120274,126.441977,4.066306
25528000,0.120274,126.441977,4.066306
25529000,0.120274,126.441976,4.066306
25530000,0.120274,126.441975,4.066306
25531000,0.120274,126.441975,4.066306
25532000,0.120274,126.441974,4.066306
25533000,0.120274,126.441973,4.066306
25534000,0.120274,126.441972,4.066306
25535000,0.120274,126.441972,4.066306
25536000,0.120274,126.441971,4.066306
25537000,0.120274,126.441970,4.066306
25538000,0.120274,126.441970,4.066306
25539000,0.120274,126.441969,4.066306
25540000,0.120274,126.441968,4.066306
25541000,0.120274,126.441968,4.066306
25542000,0.120274,126.441967,4.066306
25543000,0.120274,126.441966,4.066306
25544000,0.120274,126.441966,4.066306
25545000,0.120274,126.441965,4.066306
25546000,0.120274,126.441964,4.066306
25547000,0.120274,126.441964,4.066306
25548000,0.120274,126.441963,4.066306
25549000,0.120274,126.441962,4.066306
25550000,0.120274,126.441961,4.066305
25551000,0.120274,126.441961,4.066305
25552000,0.120274,126.441960,4.066305
25553000,0.120274,126.441959,4.066305
25554000,0.120274,126.441959,4.066305
25555000,0.120274,126.441958,4.066305
25556000,0.120274,126.441957,4.066305
25557000,0.120274,126.441957,4.066305
25558000,0.120274,126.441956,4.066305
25559000,0.120274,126.441955,4.066305
25560000,0.120274,126.441955,4.066305
25561000,0.120274,126.441954,4.066305
25562000,0.120274,126.441953,4.066305
25563000,0.120274,126.441953,4.066305
25564000,0.120274,126.441952,4.066305
25565000,0.120274,126.441951,4.066305
25566000,0.120274,126.441951,4.066305
25567000,0.120274,126.441950,4.066305
25568000,0.120274,126.441949,4.066305
25569000,0.120274,126.441948,4.066305
25570000,0.120274,126.441948,4.066305
25571000,0.120274,126.441947,4.066305
25572000,0.120274,126.441946,4.066305
25573000,0.120274,126.441946,4.066305
25574000,0.120274,126.441945,4.066305
25575000,0.120274,126.441944,4.066305
25576000,0.120274,126.441944,4.066305
25577000,0.120274,126.441943,4.066305
25578000,0.120274,126.441942,4.066305
25579000,0.120274,126.441942,4.066304
25580000,0.120274,126.441941,4.066304
25581000,0.120274,126.441940,4.066304
25582000,0.120274,126.441940,4.066304
25583000,0.120274,126.441939,4.066304
25584000,0.120274,126.441938,4.066304
25585000,0.120274,126.441938,4.066304
25586000,0.120274,126.441937,4.066304
25587000,0.120274,126.441936,4.066304
25588000,0.120274,126.441936,4.066304
25589000,0.120274,126.441935,4.066304
25590000,0.120274,126.441934,4.066304
25591000,0.120274,126.441934,4.066304
25592000,0.120274,126.441933,4.066304
25593000,0.120274,126.441932,4.066304
25594000,0.120274,126.441932,4.066304
25595000,0.120274,126.441931,4.066304
25596000,0.120274,126.441930,4.066304
25597000,0.120274,126.441930,4.066304
25598000,0.120274,126.441929,4.066304
25599000,0.120274,126.441928,4.066304
25600000,0.120274,126.441928,4.066304
25601000,0.120274,126.441927,4.066304
25602000,0.120274,126.441926,4.066304
25603000,0.120274,126.441926,4.066304
25604000,0.120274,126.441925,4.066304
25605000,0.120274,126.441924,4.066304
25606000,0.120274,126.441923,4.066304
25607000,0.120274,126.441923,4.066304
25608000,0.120274,126.441922,4.066304
25609000,0.120274,126.441921,4.066304
25610000,0.120274,126.441921,4.066304
25611000,0.120274,126.441920,4.066304
25612000,0.120274,126.441919,4.066304
25613000,0.120274,126.441919,4.066303
25614000,0.120274,126.441918,4.066303
25615000,0.120274,126.441917,4.066303
25616000,0.120274,126.441917,4.066303
25617000,0.120274,126.441916,4.066303
25618000,0.120274,126.441915,4.066303
25619000,0.120274,126.441915,4.066303
25620000,0.120274,126.441914,4.066303
25621000,0.120274,126.441913,4.066303
25622000,0.120274,126.441913,4.066303
25623000,0.120274,126.441912,4.066303
25624000,0.120274,126.441912,4.066303
25625000,0.120274,126.441911,4.066303
25626000,0.120274,126.441910,4.066303
25627000,0.120274,126.441910,4.066303
25628000,0.120274,126.441909,4.066303
25629000,0.120274,126.441908,4.066303
25630000,0.120274,126.441908,4.066303
25631000,0.120274,126.441907,4.066303
25632000,0.120274,126.441906,4.066303
25633000,0.120274,126.441906,4.066303
25634000,0.120274,126.441905,4.066303
25635000,0.120274,126.441904,4.066303
25636000,0.120274,126.441904,4.066303
25637000,0.120274,126.441903,4.066303
25638000,0.120274,126.441902,4.066303
25639000,0.120274,126.441902,4.066303
25640000,0.120274,126.441901,4.066303
25641000,0.120274,126.441900,4.066303
25642000,0.120274,126.441900,4.066303
25643000,0.120274,126.441899,4.066303
25644000,0.120274,126.441898,4.066303
25645000,0.120274,126.441898,4.066303
25646000,0.120274,126.441897,4.066303
25647000,0.120274,126.441896,4.066303
25648000,0.120274,126.441896,4.066303
25649000,0.120274,126.441895,4.066303
25650000,0.120274,126.441894,4.066303
25651000,0.120274,126.441894,4.066303
25652000,0.120274,126.441893,4.066303
25653000,0.120274,126.441893,4.066302
25654000,0.120274,126.441892,4.066302
25655000,0.120274,126.441891,4.066302
25656000,0.120274,126.441891,4.066302
25657000,0.120274,126.441890,4.066302
25658000,0.120274,126.441889,4.066302
25659000,0.120274,126.441889,4.066302
25660000,0.120274,126.441888,4.066302
25661000,0.120274,126.441887,4.066302
25662000,0.120274,126.441887,4.066302
25663000,0.120274,126.441886,4.066302
25664000,0.120274,126.441885,4.066302
25665000,0.120274,126.441885,4.066302
25666000,0.120274,126.441884,4.066302
25667000,0.120274,126.441883,4.066302
25668000,0.120274,126.441883,4.066302
25669000,0.120274,126.441882,4.066302
25670000,0.120274,126.441882,4.066302
25671000,0.120274,126.441881,4.066302
25672000,0.120274,126.441880,4.066302
25673000,0.120274,126.441880,4.066302
25674000,0.120274,126.441879,4.066302
25675000,0.120274,126.441878,4.066302
25676000,0.120274,126.441878,4.066302
25677000,0.120274,126.441877,4.066302
25678000,0.120274,126.441876,4.066302
25679000,0.120274,126.441876,4.066302
25680000,0.120274,126.441875,4.066302
25681000,0.120274,126.441875,4.066302
25682000,0.120274,126.441874,4.066302
25683000,0.120274,126.441873,4.066302
25684000,0.120274,126.441873,4.066302
25685000,0.120274,126.441872,4.066302
25686000,0.120274,126.441871,4.066302
25687000,0.120274,126.441871,4.066302
25688000,0.120274,126.441870,4.066302
25689000,0.120274,126.441870,4.066302
25690000,0.120274,126.441869,4.066302
25691000,0.120274,126.441868,4.066302
25692000,0.120274,126.441868,4.066302
25693000,0.120274,126.441867,4.066302
25694000,0.120274,126.441866,4.066302
25695000,0.120274,126.441866,4.066302
25696000,0.120274,126.441865,4.066302
25697000,0.120274,126.441865,4.066302
25698000,0.120274,126.441864,4.066302
25699000,0.120274,126.441863,4.066302
25700000,0.120274,126.441863,4.066302
25701000,0.120274,126.441862,4.066302
25702000,0.120274,126.441861,4.066302
25703000,0.120274,126.441861,4.066302
25704000,0.120274,126.441860,4.066302
25705000,0.120274,126.441860,4.066302
25706000,0.120274,126.441859,4.066301
25707000,0.120274,126.441858,4.066301
25708000,0.120274,126.441858,4.066301
25709000,0.120274,126.441857,4.066301
25710000,0.120274,126.441856,4.066301
25711000,0.120274,126.441856,4.066301
25712000,0.120274,126.441855,4.066301
25713000,0.120274,126.441855,4.066301
25714000,0.120274,126.441854,4.066301
25715000,0.120274,126.441853,4.066301
25716000,0.120274,126.441853,4.066301
25717000,0.120274,126.441852,4.066301
25718000,0.120274,126.441852,4.066301
25719000,0.120274,126.441851,4.066301
25720000,0.120274,126.441850,4.066301
25721000,0.120274,126.441850,4.066301
25722000,0.120274,126.441849,4.066301
25723000,0.120274,126.441849,4.066301
25724000,0.120274,126.441848,4.066301
25725000,0.120274,126.441847,4.066301
25726000,0.120274,126.441847,4.066301
25727000,0.120274,126.441846,4.066301
25728000,0.120274,126.441845,4.066301
25729000,0.120274,126.441845,4.066301
25730000,0.120274,126.441844,4.066301
25731000,0.120274,126.441844,4.066301
25732000,0.120274,126.441843,4.066301
25733000,0.120274,126.441842,4.066301
25734000,0.120274,126.441842,4.066301
25735000,0.120274,126.441841,4.066301
25736000,0.120274,126.441841,4.066301
25737000,0.120274,126.441840,4.066301
25738000,0.120274,126.441839,4.066301
25739000,0.120274,126.441839,4.066301
25740000,0.120274,126.441838,4.066301
25741000,0.120274,126.441838,4.066301
25742000,0.120274,126.441837,4.066301
25743000,0.120274,126.441836,4.066301
25744000,0.120274,126.441836,4.066301
25745000,0.120274,126.441835,4.066301
25746000,0.120274,126.441835,4.066301
25747000,0.120274,126.441834,4.066301
25748000,0.120274,126.441834,4.066301
25749000,0.120274,126.441833,4.066301
25750000,0.120274,126.441832,4.066301
25751000,0.120274,126.441832,4.066301
25752000,0.120274,126.441831,4.066301
25753000,0.120274,126.441831,4.066301
25754000,0.120274,126.441830,4.066301
25755000,0.120274,126.441829,4.066301
25756000,0.120274,126.441829,4.066301
25757000,0.120274,126.441828,4.066301
25758000,0.120274,126.441828,4.066301
25759000,0.120274,126.441827,4.066301
25760000,0.120274,126.441827,4.066301
25761000,0.120274,126.441826,4.066301
25762000,0.120274,126.441825,4.066301
25763000,0.120274,126.441825,4.066301
25764000,0.120274,126.441824,4.066301
25765000,0.120274,126.441824,4.066301
25766000,0.120274,126.441823,4.066301
25767000,0.120274,126.441822,4.066301
25768000,0.120274,126.441822,4.066301
25769000,0.120274,126.441821,4.066301
25770000,0.120274,126.441821,4.066301
25771000,0.120274,126.441820,4.066301
25772000,0.120274,126.441820,4.066301
25773000,0.120274,126.441819,4.066301
25774000,0.120274,126.441818,4.066301
25775000,0.120274,126.441818,4.066301
25776000,0.120274,126.441817,4.066301
25777000,0.120274,126.441817,4.066301
25778000,0.120274,126.441816,4.066301
25779000,0.120274,126.441816,4.066301
25780000,0.120274,126.441815,4.066301
25781000,0.120274,126.441814,4.066301
25782000,0.120274,126.441814,4.066301
25783000,0.120274,126.441813,4.066301
25784000,0.120274,126.441813,4.066301
25785000,0.120274,126.441812,4.066301
25786000,0.120274,126.441812,4.066301
25787000,0.120274,126.441811,4.066301
25788000,0.120274,126.441810,4.066301
25789000,0.120274,126.441810,4.066301
25790000,0.120274,126.441809,4.066301
25791000,0.120274,126.441809,4.066301
25792000,0.120274,126.441808,4.066300
25793000,0.120274,126.441808,4.066301
25794000,0.120274,126.441807,4.066300
25795000,0.120274,126.441807,4.066300
25796000,0.120274,126.441806,4.066300
25797000,0.120274,126.441805,4.066300
25798000,0.120274,126.441805,4.066300
25799000,0.120274,126.441804,4.066300
25800000,0.120274,126.441804,4.066300
25801000,0.120274,126.441803,4.066300
25802000,0.120274,126.441803,4.066300
25803000,0.120274,126.441802,4.066300
25804000,0.120274,126.441802,4.066300
25805000,0.120274,126.441801,4.066300
25806000,0.120274,126.441800,4.066300
25807000,0.120274,126.441800,4.066300
25808000,0.120274,126.441799,4.066300
25809000,0.120274,126.441799,4.066300
25810000,0.120274,126.441798,4.066300
25811000,0.120274,126.441798,4.066300
25812000,0.120274,126.441797,4.066300
25813000,0.120274,126.441797,4.066300
25814000,0.120274,126.441796,4.066300
25815000,0.120274,126.441796,4.066300
25816000,0.120274,126.441795,4.066300
25817000,0.120274,126.441795,4.066300
25818000,0.120274,126.441794,4.066300
25819000,0.120274,126.441793,4.066300
25820000,0.120274,126.441793,4.066300
25821000,0.120274,126.441792,4.066300
25822000,0.120274,126.441792,4.066300
25823000,0.120274,126.441791,4.066300
25824000,0.120274,126.441791,4.066300
25825000,0.120274,126.441790,4.066300
25826000,0.120274,126.441790,4.066300
25827000,0.120274,126.441789,4.066300
25828000,0.120274,126.441789,4.066300
25829000,0.120274,126.441788,4.066300
25830000,0.120274,126.441788,4.066300
25831000,0.120274,126.441787,4.066300
25832000,0.120274,126.441786,4.066300
25833000,0.120274,126.441786,4.066300
25834000,0.120274,126.441785,4.066300
25835000,0.120274,126.441785,4.066300
25836000,0.120274,126.441784,4.066300
25837000,0.120274,126.441784,4.066300
25838000,0.120274,126.441783,4.066300
25839000,0.120274,126.441783,4.066300
25840000,0.120274,126.441782,4.066300
25841000,0.120274,126.441782,4.066300
25842000,0.120274,126.441781,4.066300
25843000,0.120274,126.441781,4.066300
25844000,0.120274,126.441780,4.066300
25845000,0.120274,126.441780,4.066300
25846000,0.120274,126.441779,4.066300
25847000,0.120274,126.441779,4.066300
25848000,0.120274,126.441778,4.066300
25849000,0.120274,126.441778,4.066300
25850000,0.120274,126.441777,4.066300
25851000,0.120274,126.441777,4.066300
25852000,0.120274,126.441776,4.066300
25853000,0.120274,126.441776,4.066300
25854000,0.120274,126.441775,4.066300
25855000,0.120274,126.441775,4.066300
25856000,0.120274,126.441774,4.066300
25857000,0.120274,126.441774,4.066300
25858000,0.120274,126.441773,4.066300
25859000,0.120274,126.441773,4.066300
25860000,0.120274,126.441772,4.066300
25861000,0.120274,126.441771,4.066300
25862000,0.120274,126.441771,4.066300
25863000,0.120274,126.441770,4.066300
25864000,0.120274,126.441770,4.066300
25865000,0.120274,126.441769,4.066300
25866000,0.120274,126.441769,4.066300
25867000,0.120274,126.441768,4.066300
25868000,0.120274,126.441768,4.066300
25869000,0.120274,126.441767,4.066300
25870000,0.120274,126.441767,4.066300
25871000,0.120274,126.441766,4.066300
25872000,0.120274,126.441766,4.066300
25873000,0.120274,126.441765,4.066300
25874000,0.120274,126.441765,4.066300
25875000,0.120274,126.441764,4.066300
25876000,0.120274,126.441764,4.066300
25877000,0.120274,126.441764,4.066300
25878000,0.120274,126.441763,4.066300
25879000,0.120274,126.441763,4.066300
25880000,0.120274,126.441762,4.066300
25881000,0.120274,126.441762,4.066300
25882000,0.120274,126.441761,4.066300
25883000,0.120274,126.441761,4.066300
25884000,0.120274,126.441760,4.066300
25885000,0.120274,126.441760,4.066300
25886000,0.120274,126.441759,4.066300
25887000,0.120274,126.441759,4.066300
25888000,0.120274,126.441758,4.066300
25889000,0.120274,126.441758,4.066300
25890000,0.120274,126.441757,4.066300
25891000,0.120274,126.441757,4.066300
25892000,0.120274,126.441756,4.066300
25893000,0.120274,126.441756,4.066300
25894000,0.120274,126.441755,4.066300
25895000,0.120274,126.441755,4.066300
25896000,0.120274,126.441754,4.066300
25897000,0.120274,126.441754,4.066300
25898000,0.120274,126.441753,4.066300
25899000,0.120274,126.441753,4.066300
25900000,0.120274,126.441752,4.066300
25901000,0.120274,126.441752,4.066300
25902000,0.120274,126.441751,4.066300
25903000,0.120274,126.441751,4.066300
25904000,0.120274,126.441750,4.066300
25905000,0.120274,126.441750,4.066300
25906000,0.120274,126.441750,4.066300
25907000,0.120274,126.441749,4.066300
25908000,0.120274,126.441749,4.066300
25909000,0.120274,126.441748,4.066300
25910000,0.120274,126.441748,4.066300
25911000,0.120274,126.441747,4.066300
25912000,0.120274,126.441747,4.066300
25913000,0.120274,126.441746,4.066300
25914000,0.120274,126.441746,4.066300
25915000,0.120274,126.441745,4.066300
25916000,0.120274,126.441745,4.066300
25917000,0.120274,126.441744,4.066300
25918000,0.120274,126.441744,4.066300
25919000,0.120274,126.441744,4.066300
25920000,0.120274,126.441743,4.066300
25921000,0.120274,126.441743,4.066300
25922000,0.120274,126.441742,4.066300
25923000,0.120274,126.441742,4.066300
25924000,0.120274,126.441741,4.066300
25925000,0.120274,126.441741,4.066300
25926000,0.120274,126.441740,4.066300
25927000,0.120274,126.441740,4.066300
25928000,0.120274,126.441739,4.066300
25929000,0.120274,126.441739,4.066300
25930000,0.120274,126.441739,4.066300
25931000,0.120274,126.441738,4.066300
25932000,0.120274,126.441738,4.066300
25933000,0.120274,126.441737,4.066300
25934000,0.120274,126.441737,4.066300
25935000,0.120274,126.441736,4.066300
25936000,0.120274,126.441736,4.066300
25937000,0.120274,126.441735,4.066300
25938000,0.120274,126.441735,4.066300
25939000,0.120274,126.441734,4.066300
25940000,0.120274,126.441734,4.066300
25941000,0.120274,126.441734,4.066300
25942000,0.120274,126.441733,4.066300
25943000,0.120274,126.441733,4.066300
25944000,0.120274,126.441732,4.066300
25945000,0.120274,126.441732,4.066300
25946000,0.120274,126.441731,4.066300
25947000,0.120274,126.441731,4.066300
25948000,0.120274,126.441731,4.066300
25949000,0.120274,126.441730,4.066300
25950000,0.120274,126.441730,4.066300
25951000,0.120274,126.441729,4.066300
25952000,0.120274,126.441729,4.066300
25953000,0.120274,126.441728,4.066300
25954000,0.120274,126.441728,4.066300
25955000,0.120274,126.441728,4.066300
25956000,0.120274,126.441727,4.066300
25957000,0.120274,126.441727,4.066300
25958000,0.120274,126.441726,4.066300
25959000,0.120274,126.441726,4.066300
25960000,0.120274,126.441725,4.066300
25961000,0.120274,126.441725,4.066300
25962000,0.120274,126.441725,4.066300
25963000,0.120274,126.441724,4.066300
25964000,0.120274,126.441724,4.066300
25965000,0.120274,126.441723,4.066300
25966000,0.120274,126.441723,4.066300
25967000,0.120274,126.441722,4.066300
25968000,0.120274,126.441722,4.066300
25969000,0.120274,126.441722,4.066300
25970000,0.120274,126.441721,4.066300
25971000,0.120274,126.441721,4.066300
25972000,0.120274,126.441720,4.066300
25973000,0.120274,126.441720,4.066300
25974000,0.120274,126.441719,4.066300
25975000,0.120274,126.441719,4.066300
25976000,0.120274,126.441719,4.066300
25977000,0.120274,126.441718,4.066300
25978000,0.120274,126.441718,4.066300
25979000,0.120274,126.441717,4.066300
25980000,0.120274,126.441717,4.066300
25981000,0.120274,126.441717,4.066300
25982000,0.120274,126.441716,4.066300
25983000,0.120274,126.441716,4.066300
25984000,0.120274,126.441715,4.066300
25985000,0.120274,126.441715,4.066300
25986000,0.120274,126.441715,4.066300
25987000,0.120274,126.441714,4.066300
25988000,0.120274,126.441714,4.066300
25989000,0.120274,126.441713,4.066300
25990000,0.120274,126.441713,4.066300
25991000,0.120274,126.441713,4.066300
25992000,0.120274,126.441712,4.066300
25993000,0.120274,126.441712,4.066300
25994000,0.120274,126.441711,4.066300
25995000,0.120274,126.441711,4.066300
25996000,0.120274,126.441711,4.066300
25997000,0.120274,126.441710,4.066300
25998000,0.120274,126.441710,4.066300
25999000,0.120273,126.441709,4.066300
26000000,0.120273,126.441709,4.066300
26001000,0.120273,126.441709,4.066300
26002000,0.120273,126.441708,4.066300
26003000,0.120273,126.441708,4.066300
26004000,0.120273,126.441707,4.066300
26005000,0.120273,126.441707,4.066300
26006000,0.120273,126.441707,4.066300
26007000,0.120273,126.441706,4.066301
26008000,0.120273,126.441706,4.066301
26009000,0.120273,126.441705,4.066301
26010000,0.120273,126.441705,4.066301
26011000,0.120273,126.441705,4.066301
26012000,0.120273,126.441704,4.066301
26013000,0.120273,126.441704,4.066301
26014000,0.120273,126.441704,4.066301
26015000,0.120273,126.441703,4.066301
26016000,0.120273,126.441703,4.066301
26017000,0.120273,126.441702,4.066301
26018000,0.120273,126.441702,4.066301
26019000,0.120273,126.441702,4.066301
26020000,0.120273,126.441701,4.066301
26021000,0.120273,126.441701,4.066301
26022000,0.120273,126.441701,4.066301
26023000,0.120273,126.441700,4.066301
26024000,0.120273,126.441700,4.066301
26025000,0.120273,126.441699,4.066301
26026000,0.120273,126.441699,4.066301
26027000,0.120273,126.441699,4.066301
26028000,0.120273,126.441698,4.066301
26029000,0.120273,126.441698,4.066301
26030000,0.120273,126.441698,4.066301
26031000,0.120273,126.441697,4.066301
26032000,0.120273,126.441697,4.066301
26033000,0.120273,126.441696,4.066301
26034000,0.120273,126.441696,4.066301
26035000,0.120273,126.441696,4.066301
26036000,0.120273,126.441695,4.066301
26037000,0.120273,126.441695,4.066301
26038000,0.120273,126.441695,4.066301
26039000,0.120273,126.441694,4.066301
26040000,0.120273,126.441694,4.066301
26041000,0.120273,126.441693,4.066301
26042000,0.120273,126.441693,4.066301
26043000,0.120273,126.441693,4.066301
26044000,0.120273,126.441692,4.066301
26045000,0.120273,126.441692,4.066301
26046000,0.120273,126.441692,4.066301
26047000,0.120273,126.441691,4.066301
26048000,0.120273,126.441691,4.066301
26049000,0.120273,126.441691,4.066301
26050000,0.120273,126.441690,4.066301
26051000,0.120273,126.441690,4.066301
26052000,0.120273,126.441690,4.066301
26053000,0.120273,126.441689,4.066301
26054000,0.120273,126.441689,4.066301
26055000,0.120273,126.441689,4.066301
26056000,0.120273,126.441688,4.066301
26057000,0.120273,126.441688,4.066301
26058000,0.120273,126.441687,4.066301
26059000,0.120273,126.441687,4.066301
26060000,0.120273,126.441687,4.066301
26061000,0.120273,126.441686,4.066301
26062000,0.120273,126.441686,4.066301
26063000,0.120273,126.441686,4.066301
26064000,0.120273,126.441685,4.066301
26065000,0.120273,126.441685,4.066301
26066000,0.120273,126.441685,4.066301
26067000,0.120273,126.441684,4.066301
26068000,0.120273,126.441684,4.066301
26069000,0.120273,126.441684,4.066301
26070000,0.120273,126.441683,4.066301
26071000,0.120273,126.441683,4.066301
26072000,0.120273,126.441683,4.066301
26073000,0.120273,126.441682,4.066301
26074000,0.120273,126.441682,4.066301
26075000,0.120273,126.441682,4.066301
26076000,0.120273,126.441681,4.066301
26077000,0.120273,126.441681,4.066301
26078000,0.120273,126.441681,4.066301
26079000,0.120273,126.441680,4.066301
26080000,0.120273,126.441680,4.066301
26081000,0.120273,126.441680,4.066301
26082000,0.120273,126.441679,4.066301
26083000,0.120273,126.441679,4.066301
26084000,0.120273,126.441679,4.066301
26085000,0.120273,126.441678,4.066301
26086000,0.120273,126.441678,4.066301
26087000,0.120273,126.441678,4.066301
26088000,0.120273,126.441677,4.066301
26089000,0.120273,126.441677,4.066301
26090000,0.120273,126.441677,4.066301
26091000,0.120273,126.441676,4.066301
26092000,0.120273,126.441676,4.066301
26093000,0.120273,126.441676,4.066301
26094000,0.120273,126.441675,4.066301
26095000,0.120273,126.441675,4.066301
26096000,0.120273,126.441675,4.066301
26097000,0.120273,126.441674,4.066301
26098000,0.120273,126.441674,4.066301
26099000,0.120273,126.441674,4.066301
26100000,0.120273,126.441674,4.066301
26101000,0.120273,126.441673,4.066301
26102000,0.120273,126.441673,4.066301
26103000,0.120273,126.441673,4.066301
26104000,0.120273,126.441672,4.066301
26105000,0.120273,126.441672,4.066301
26106000,0.120273,126.441672,4.066301
26107000,0.120273,126.441671,4.066301
26108000,0.120273,126.441671,4.066301
26109000,0.120273,126.441671,4.066301
26110000,0.120273,126.441670,4.066301
26111000,0.120273,126.441670,4.066301
26112000,0.120273,126.441670,4.066301
26113000,0.120273,126.441669,4.066301
26114000,0.120273,126.441669,4.066301
26115000,0.120273,126.441669,4.066301
26116000,0.120273,126.441669,4.066301
26117000,0.120273,126.441668,4.066301
26118000,0.120273,126.441668,4.066301
26119000,0.120273,126.441668,4.066301
26120000,0.120273,126.441667,4.066301
26121000,0.120273,126.441667,4.066301
26122000,0.120273,126.441667,4.066301
26123000,0.120273,126.441666,4.066301
26124000,0.120273,126.441666,4.066301
26125000,0.120273,126.441666,4.066301
26126000,0.120273,126.441666,4.066301
26127000,0.120273,126.441665,4.066301
26128000,0.120273,126.441665,4.066301
26129000,0.120273,126.441665,4.066301
26130000,0.120273,126.441664,4.066301
26131000,0.120273,126.441664,4.066301
26132000,0.120273,126.441664,4.066301
26133000,0.120273,126.441663,4.066301
26134000,0.120273,126.441663,4.066301
26135000,0.120273,126.441663,4.066301
26136000,0.120273,126.441663,4.066301
26137000,0.120273,126.441662,4.066301
26138000,0.120273,126.441662,4.066301
26139000,0.120273,126.441662,4.066301
26140000,0.120273,126.441661,4.066302
26141000,0.120273,126.441661,4.066302
26142000,0.120273,126.441661,4.066302
26143000,0.120273,126.441661,4.066302
26144000,0.120273,126.441660,4.066302
26145000,0.120273,126.441660,4.066302
26146000,0.120273,126.441660,4.066302
26147000,0.120273,126.441659,4.066302
26148000,0.120273,126.441659,4.066302
26149000,0.120273,126.441659,4.066302
26150000,0.120273,126.441659,4.066302
26151000,0.120273,126.441658,4.066302
26152000,0.120273,126.441658,4.066302
26153000,0.120273,126.441658,4.066302
26154000,0.120273,126.441657,4.066302
26155000,0.120273,126.441657,4.066302
26156000,0.120273,126.441657,4.066302
26157000,0.120273,126.441657,4.066302
26158000,0.120273,126.441656,4.066302
26159000,0.120273,126.441656,4.066302
26160000,0.120273,126.441656,4.066302
26161000,0.120273,126.441656,4.066302
26162000,0.120273,126.441655,4.066302
26163000,0.120273,126.441655,4.066302
26164000,0.120273,126.441655,4.066302
26165000,0.120273,126.441654,4.066302
26166000,0.120273,126.441654,4.066302
26167000,0.120273,126.441654,4.066302
26168000,0.120273,126.441654,4.066302
26169000,0.120273,126.441653,4.066302
26170000,0.120273,126.441653,4.066302
26171000,0.120273,126.441653,4.066302
26172000,0.120273,126.441653,4.066302
26173000,0.120273,126.441652,4.066302
26174000,0.120273,126.441652,4.066302
26175000,0.120273,126.441652,4.066302
26176000,0.120273,126.441652,4.066302
26177000,0.120273,126.441651,4.066302
26178000,0.120273,126.441651,4.066302
26179000,0.120273,126.441651,4.066302
26180000,0.120273,126.441650,4.066302
26181000,0.120273,126.441650,4.066302
26182000,0.120273,126.441650,4.066302
26183000,0.120273,126.441650,4.066302
26184000,0.120273,126.441649,4.066302
26185000,0.120273,126.441649,4.066302
26186000,0.120273,126.441649,4.066302
26187000,0.120273,126.441649,4.066302
26188000,0.120273,126.441648,4.066302
26189000,0.120273,126.441648,4.066302
26190000,0.120273,126.441648,4.066302
26191000,0.120273,126.441648,4.066302
26192000,0.120273,126.441647,4.066302
26193000,0.120273,126.441647,4.066302
26194000,0.120273,126.441647,4.066302
26195000,0.120273,126.441647,4.066302
26196000,0.120273,126.441646,4.066302
26197000,0.120273,126.441646,4.066302
26198000,0.120273,126.441646,4.066302
26199000,0.120273,126.441646,4.066302
26200000,0.120273,126.441645,4.066302
26201000,0.120273,126.441645,4.066302
26202000,0.120273,126.441645,4.066302
26203000,0.120273,126.441645,4.066302
26204000,0.120273,126.441644,4.066302
26205000,0.120273,126.441644,4.066302
26206000,0.120273,126.441644,4.066302
26207000,0.120273,126.441644,4.066302
26208000,0.120273,126.441643,4.066302
26209000,0.120273,126.441643,4.066302
26210000,0.120273,126.441643,4.066302
26211000,0.120273,126.441643,4.066302
26212000,0.120273,126.441643,4.066302
26213000,0.120273,126.441642,4.066302
26214000,0.120273,126.441642,4.066302
26215000,0.120273,126.441642,4.066302
26216000,0.120273,126.441642,4.066302
26217000,0.120273,126.441641,4.066302
26218000,0.120273,126.441641,4.066302
26219000,0.120273,126.441641,4.066302
26220000,0.120273,126.441641,4.066302
26221000,0.120273,126.441640,4.066302
26222000,0.120273,126.441640,4.066302
26223000,0.120273,126.441640,4.066302
26224000,0.120273,126.441640,4.066302
26225000,0.120273,126.441639,4.066302
26226000,0.120273,126.441639,4.066302
26227000,0.120273,126.441639,4.066302
26228000,0.120273,126.441639,4.066302
26229000,0.120273,126.441639,4.066302
26230000,0.120273,126.441638,4.066302
26231000,0.120273,126.441638,4.066302
26232000,0.120273,126.441638,4.066302
26233000,0.120273,126.441638,4.066302
26234000,0.120273,126.441637,4.066302
26235000,0.120273,126.441637,4.066302
26236000,0.120273,126.441637,4.066302
26237000,0.120273,126.441637,4.066302
26238000,0.120273,126.441637,4.066302
26239000,0.120273,126.441636,4.066302
26240000,0.120273,126.441636,4.066302
26241000,0.120273,126.441636,4.066302
26242000,0.120273,126.441636,4.066302
26243000,0.120273,126.441635,4.066302
26244000,0.120273,126.441635,4.066303
26245000,0.120273,126.441635,4.066303
26246000,0.120273,126.441635,4.066303
26247000,0.120273,126.441635,4.066303
26248000,0.120273,126.441634,4.066303
26249000,0.120273,126.441634,4.066303
26250000,0.120273,126.441634,4.066303
26251000,0.120273,126.441634,4.066303
26252000,0.120273,126.441634,4.066303
26253000,0.120273,126.441633,4.066303
26254000,0.120273,126.441633,4.066303
26255000,0.120273,126.441633,4.066303
26256000,0.120273,126.441633,4.066303
26257000,0.120273,126.441632,4.066303
26258000,0.120273,126.441632,4.066303
26259000,0.120273,126.441632,4.066303
26260000,0.120273,126.441632,4.066303
26261000,0.120273,126.441632,4.066303
26262000,0.120273,126.441631,4.066303
26263000,0.120273,126.441631,4.066303
26264000,0.120273,126.441631,4.066303
26265000,0.120273,126.441631,4.066303
26266000,0.120273,126.441631,4.066303
26267000,0.120273,126.441630,4.066303
26268000,0.120273,126.441630,4.066303
26269000,0.120273,126.441630,4.066303
26270000,0.120273,126.441630,4.066303
26271000,0.120273,126.441630,4.066303
26272000,0.120273,126.441629,4.066303
26273000,0.120273,126.441629,4.066303
26274000,0.120273,126.441629,4.066303
26275000,0.120273,126.441629,4.066303
26276000,0.120273,126.441629,4.066303
26277000,0.120273,126.441628,4.066303
26278000,0.120273,126.441628,4.066303
26279000,0.120273,126.441628,4.066303
26280000,0.120273,126.441628,4.066303
26281000,0.120273,126.441628,4.066303
26282000,0.120273,126.441627,4.066303
26283000,0.120273,126.441627,4.066303
26284000,0.120273,126.441627,4.066303
26285000,0.120273,126.441627,4.066303
26286000,0.120273,126.441627,4.066303
26287000,0.120273,126.441626,4.066303
26288000,0.120273,126.441626,4.066303
26289000,0.120273,126.441626,4.066303
26290000,0.120273,126.441626,4.066303
26291000,0.120273,126.441626,4.066303
26292000,0.120273,126.441625,4.066303
26293000,0.120273,126.441625,4.066303
26294000,0.120273,126.441625,4.066303
26295000,0.120273,126.441625,4.066303
26296000,0.120273,126.441625,4.066303
26297000,0.120273,126.441625,4.066303
26298000,0.120273,126.441624,4.066303
26299000,0.120273,126.441624,4.066303
26300000,0.120273,126.441624,4.066303
26301000,0.120273,126.441624,4.066303
26302000,0.120273,126.441624,4.066303
26303000,0.120273,126.441623,4.066303
26304000,0.120273,126.441623,4.066303
26305000,0.120273,126.441623,4.066303
26306000,0.120273,126.441623,4.066303
26307000,0.120273,126.441623,4.066303
26308000,0.120273,126.441623,4.066303
26309000,0.120273,126.441622,4.066303
26310000,0.120273,126.441622,4.066303
26311000,0.120273,126.441622,4.066303
26312000,0.120273,126.441622,4.066303
26313000,0.120273,126.441622,4.066303
26314000,0.120273,126.441621,4.066303
26315000,0.120273,126.441621,4.066303
26316000,0.120273,126.441621,4.066303
26317000,0.120273,126.441621,4.066303
26318000,0.120273,126.441621,4.066303
26319000,0.120273,126.441621,4.066303
26320000,0.120273,126.441620,4.066303
26321000,0.120273,126.441620,4.066303
26322000,0.120273,126.441620,4.066303
26323000,0.120273,126.441620,4.066303
26324000,0.120273,126.441620,4.066303
26325000,0.120273,126.441620,4.066303
26326000,0.120273,126.441619,4.066303
26327000,0.120273,126.441619,4.066303
26328000,0.120273,126.441619,4.066303
26329000,0.120273,126.441619,4.066303
26330000,0.120273,126.441619,4.066303
26331000,0.120273,126.441619,4.066303
26332000,0.120273,126.441618,4.066303
26333000,0.120273,126.441618,4.066303
26334000,0.120273,126.441618,4.066303
26335000,0.120273,126.441618,4.066303
26336000,0.120273,126.441618,4.066303
26337000,0.120273,126.441618,4.066303
26338000,0.120273,126.441617,4.066303
26339000,0.120273,126.441617,4.066303
26340000,0.120273,126.441617,4.066303
26341000,0.120273,126.441617,4.066303
26342000,0.120273,126.441617,4.066303
26343000,0.120273,126.441617,4.066304
26344000,0.120273,126.441616,4.066304
26345000,0.120273,126.441616,4.066304
26346000,0.120273,126.441616,4.066304
26347000,0.120273,126.441616,4.066304
26348000,0.120273,126.441616,4.066304
26349000,0.120273,126.441616,4.066304
26350000,0.120273,126.441615,4.066304
26351000,0.120273,126.441615,4.066304
26352000,0.120273,126.441615,4.066304
26353000,0.120273,126.441615,4.066304
26354000,0.120273,126.441615,4.066304
26355000,0.120273,126.441615,4.066304
26356000,0.120273,126.441615,4.066304
26357000,0.120273,126.441614,4.066304
26358000,0.120273,126.441614,4.066304
26359000,0.120273,126.441614,4.066304
26360000,0.120273,126.441614,4.066304
26361000,0.120273,126.441614,4.066304
26362000,0.120273,126.441614,4.066304
26363000,0.120273,126.441613,4.066304
26364000,0.120273,126.441613,4.066304
26365000,0.120273,126.441613,4.066304
26366000,0.120273,126.441613,4.066304
26367000,0.120273,126.441613,4.066304
26368000,0.120273,126.441613,4.066304
26369000,0.120273,126.441613,4.066304
26370000,0.120273,126.441612,4.066304
26371000,0.120273,126.441612,4.066304
26372000,0.120273,126.441612,4.066304
26373000,0.120273,126.441612,4.066304
26374000,0.120273,126.441612,4.066304
26375000,0.120273,126.441612,4.066304
26376000,0.120273,126.441612,4.066304
26377000,0.120273,126.441611,4.066304
26378000,0.120273,126.441611,4.066304
26379000,0.120273,126.441611,4.066304
26380000,0.120273,126.441611,4.066304
26381000,0.120273,126.441611,4.066304
26382000,0.120273,126.441611,4.066304
26383000,0.120273,126.441611,4.066304
26384000,0.120273,126.441610,4.066304
26385000,0.120273,126.441610,4.066304
26386000,0.120273,126.441610,4.066304
26387000,0.120273,126.441610,4.066304
26388000,0.120273,126.441610,4.066304
26389000,0.120273,126.441610,4.066304
26390000,0.120273,126.441610,4.066304
26391000,0.120273,126.441609,4.066304
26392000,0.120273,126.441609,4.066304
26393000,0.120273,126.441609,4.066304
26394000,0.120273,126.441609,4.066304
26395000,0.120273,126.441609,4.066304
26396000,0.120273,126.441609,4.066304
26397000,0.120273,126.441609,4.066304
26398000,0.120273,126.441608,4.066304
26399000,0.120273,126.441608,4.066304
26400000,0.120273,126.441608,4.066304
26401000,0.120273,126.441608,4.066304
26402000,0.120273,126.441608,4.066304
26403000,0.120273,126.441608,4.066304
26404000,0.120273,126.441608,4.066304
26405000,0.120273,126.441608,4.066304
26406000,0.120273,126.441607,4.066304
26407000,0.120273,126.441607,4.066304
26408000,0.120273,126.441607,4.066304
26409000,0.120273,126.441607,4.066304
26410000,0.120273,126.441607,4.066304
26411000,0.120273,126.441607,4.066304
26412000,0.120273,126.441607,4.066304
26413000,0.120273,126.441607,4.066304
26414000,0.120273,126.441606,4.066304
26415000,0.120273,126.441606,4.066304
26416000,0.120273,126.441606,4.066304
26417000,0.120273,126.441606,4.066304
26418000,0.120273,126.441606,4.066304
26419000,0.120273,126.441606,4.066304
26420000,0.120273,126.441606,4.066304
26421000,0.120273,126.441606,4.066304
26422000,0.120273,126.441605,4.066304
26423000,0.120273,126.441605,4.066304
26424000,0.120273,126.441605,4.066304
26425000,0.120273,126.441605,4.066304
26426000,0.120273,126.441605,4.066304
26427000,0.120273,126.441605,4.066304
26428000,0.120273,126.441605,4.066304
26429000,0.120273,126.441605,4.066304
26430000,0.120273,126.441604,4.066304
26431000,0.120273,126.441604,4.066304
26432000,0.120273,126.441604,4.066304
26433000,0.120273,126.441604,4.066304
26434000,0.120273,126.441604,4.066304
26435000,0.120273,126.441604,4.066304
26436000,0.120273,126.441604,4.066304
26437000,0.120273,126.441604,4.066304
26438000,0.120273,126.441604,4.066304
26439000,0.120273,126.441603,4.066304
26440000,0.120273,126.441603,4.066304
26441000,0.120273,126.441603,4.066304
26442000,0.120273,126.441603,4.066304
26443000,0.120273,126.441603,4.066304
26444000,0.120273,126.441603,4.066304
26445000,0.120273,126.441603,4.066304
26446000,0.120273,126.441603,4.066304
26447000,0.120273,126.441603,4.066305
26448000,0.120273,126.441602,4.066305
26449000,0.120273,126.441602,4.066305
26450000,0.120273,126.441602,4.066305
26451000,0.120273,126.441602,4.066305
26452000,0.120273,126.441602,4.066305
26453000,0.120273,126.441602,4.066305
26454000,0.120273,126.441602,4.066305
26455000,0.120273,126.441602,4.066305
26456000,0.120273,126.441602,4.066305
26457000,0.120273,126.441601,4.066305
26458000,0.120273,126.441601,4.066305
26459000,0.120273,126.441601,4.066305
26460000,0.120273,126.441601,4.066305
26461000,0.120273,126.441601,4.066305
26462000,0.120273,126.441601,4.066305
26463000,0.120273,126.441601,4.066305
26464000,0.120273,126.441601,4.066305
26465000,0.120273,126.441601,4.066305
26466000,0.120273,126.441600,4.066305
26467000,0.120273,126.441600,4.066305
26468000,0.120273,126.441600,4.066305
26469000,0.120273,126.441600,4.066305
26470000,0.120273,126.441600,4.066305
26471000,0.120273,126.441600,4.066305
26472000,0.120273,126.441600,4.066305
26473000,0.120273,126.441600,4.066305
26474000,0.120273,126.441600,4.066305
26475000,0.120273,126.441600,4.066305
26476000,0.120273,126.441599,4.066305
26477000,0.120273,126.441599,4.066305
26478000,0.120273,126.441599,4.066305
26479000,0.120273,126.441599,4.066305
26480000,0.120273,126.441599,4.066305
26481000,0.120273,126.441599,4.066305
26482000,0.120273,126.441599,4.066305
26483000,0.120273,126.441599,4.066305
26484000,0.120273,126.441599,4.066305
26485000,0.120273,126.441599,4.066305
26486000,0.120273,126.441598,4.066305
26487000,0.120273,126.441598,4.066305
26488000,0.120273,126.441598,4.066305
26489000,0.120273,126.441598,4.066305
26490000,0.120273,126.441598,4.066305
26491000,0.120273,126.441598,4.066305
26492000,0.120273,126.441598,4.066305
26493000,0.120273,126.441598,4.066305
26494000,0.120273,126.441598,4.066305
26495000,0.120273,126.441598,4.066305
26496000,0.120273,126.441598,4.066305
26497000,0.120273,126.441597,4.066305
26498000,0.120273,126.441597,4.066305
26499000,0.120273,126.441597,4.066305
26500000,0.120273,126.441597,4.066305
26501000,0.120273,126.441597,4.066305
26502000,0.120273,126.441597,4.066305
26503000,0.120273,126.441597,4.066305
26504000,0.120273,126.441597,4.066305
26505000,0.120273,126.441597,4.066305
26506000,0.120273,126.441597,4.066305
26507000,0.120273,126.441597,4.066305
26508000,0.120273,126.441597,4.066305
26509000,0.120273,126.441596,4.066305
26510000,0.120273,126.441596,4.066305
26511000,0.120273,126.441596,4.066305
26512000,0.120273,126.441596,4.066305
26513000,0.120273,126.441596,4.066305
26514000,0.120273,126.441596,4.066305
26515000,0.120273,126.441596,4.066305
26516000,0.120273,126.441596,4.066305
26517000,0.120273,126.441596,4.066305
26518000,0.120273,126.441596,4.066305
26519000,0.120273,126.441596,4.066305
26520000,0.120273,126.441595,4.066305
26521000,0.120273,126.441595,4.066305
26522000,0.120273,126.441595,4.066305
26523000,0.120273,126.441595,4.066305
26524000,0.120273,126.441595,4.066305
26525000,0.120273,126.441595,4.066305
26526000,0.120273,126.441595,4.066305
26527000,0.120273,126.441595,4.066305
26528000,0.120273,126.441595,4.066305
26529000,0.120273,126.441595,4.066305
26530000,0.120273,126.441595,4.066305
26531000,0.120273,126.441595,4.066305
26532000,0.120273,126.441595,4.066305
26533000,0.120273,126.441594,4.066305
26534000,0.120273,126.441594,4.066305
26535000,0.120273,126.441594,4.066305
26536000,0.120273,126.441594,4.066305
26537000,0.120273,126.441594,4.066305
26538000,0.120273,126.441594,4.066305
26539000,0.120273,126.441594,4.066305
26540000,0.120273,126.441594,4.066305
26541000,0.120273,126.441594,4.066305
26542000,0.120273,126.441594,4.066305
26543000,0.120273,126.441594,4.066305
26544000,0.120273,126.441594,4.066305
26545000,0.120273,126.441594,4.066305
26546000,0.120273,126.441593,4.066305
26547000,0.120273,126.441593,4.066305
26548000,0.120273,126.441593,4.066305
26549000,0.120273,126.441593,4.066305
26550000,0.120273,126.441593,4.066305
26551000,0.120273,126.441593,4.066305
26552000,0.120273,126.441593,4.066305
26553000,0.120273,126.441593,4.066305
26554000,0.120273,126.441593,4.066305
26555000,0.120273,126.441593,4.066305
26556000,0.120273,126.441593,4.066305
26557000,0.120273,126.441593,4.066305
26558000,0.120273,126.441593,4.066305
26559000,0.120273,126.441593,4.066306
26560000,0.120273,126.441592,4.066306
26561000,0.120273,126.441592,4.066306
26562000,0.120273,126.441592,4.066306
26563000,0.120273,126.441592,4.066306
26564000,0.120273,126.441592,4.066306
26565000,0.120273,126.441592,4.066306
26566000,0.120273,126.441592,4.066306
26567000,0.120273,126.441592,4.066306
26568000,0.120273,126.441592,4.066306
26569000,0.120273,126.441592,4.066306
26570000,0.120273,126.441592,4.066306
26571000,0.120273,126.441592,4.066306
26572000,0.120273,126.441592,4.066306
26573000,0.120273,126.441592,4.066306
26574000,0.120273,126.441592,4.066306
26575000,0.120273,126.441591,4.066306
26576000,0.120273,126.441591,4.066306
26577000,0.120273,126.441591,4.066306
26578000,0.120273,126.441591,4.066306
26579000,0.120273,126.441591,4.066306
26580000,0.120273,126.441591,4.066306
26581000,0.120273,126.441591,4.066306
26582000,0.120273,126.441591,4.066306
26583000,0.120273,126.441591,4.066306
26584000,0.120273,126.441591,4.066306
26585000,0.120273,126.441591,4.066306
26586000,0.120273,126.441591,4.066306
26587000,0.120273,126.441591,4.066306
26588000,0.120273,126.441591,4.066306
26589000,0.120273,126.441591,4.066306
26590000,0.120273,126.441591,4.066306
26591000,0.120273,126.441591,4.066306
26592000,0.120273,126.441590,4.066306
26593000,0.120273,126.441590,4.066306
26594000,0.120273,126.441590,4.066306
26595000,0.120273,126.441590,4.066306
26596000,0.120273,126.441590,4.066306
26597000,0.120273,126.441590,4.066306
26598000,0.120273,126.441590,4.066306
26599000,0.120273,126.441590,4.066306
26600000,0.120273,126.441590,4.066306
26601000,0.120273,126.441590,4.066306
26602000,0.120273,126.441590,4.066306
26603000,0.120273,126.441590,4.066306
26604000,0.120273,126.441590,4.066306
26605000,0.120273,126.441590,4.066306
26606000,0.120273,126.441590,4.066306
26607000,0.120273,126.441590,4.066306
26608000,0.120273,126.441590,4.066306
26609000,0.120273,126.441590,4.066306
26610000,0.120273,126.441589,4.066306
26611000,0.120273,126.441589,4.066306
26612000,0.120273,126.441589,4.066306
26613000,0.120273,126.441589,4.066306
26614000,0.120273,126.441589,4.066306
26615000,0.120273,126.441589,4.066306
26616000,0.120273,126.441589,4.066306
26617000,0.120273,126.441589,4.066306
26618000,0.120273,126.441589,4.066306
26619000,0.120273,126.441589,4.066306
26620000,0.120273,126.441589,4.066306
26621000,0.120273,126.441589,4.066306
26622000,0.120273,126.441589,4.066306
26623000,0.120273,126.441589,4.066306
26624000,0.120273,126.441589,4.066306
26625000,0.120273,126.441589,4.066306
26626000,0.120273,126.441589,4.066306
26627000,0.120273,126.441589,4.066306
26628000,0.120273,126.441589,4.066306
26629000,0.120273,126.441589,4.066306
26630000,0.120273,126.441588,4.066306
26631000,0.120273,126.441588,4.066306
26632000,0.120273,126.441588,4.066306
26633000,0.120273,126.441588,4.066306
26634000,0.120273,126.441588,4.066306
26635000,0.120273,126.441588,4.066306
26636000,0.120273,126.441588,4.066306
26637000,0.120273,126.441588,4.066306
26638000,0.120273,126.441588,4.066306
26639000,0.120273,126.441588,4.066306
26640000,0.120273,126.441588,4.066306
26641000,0.120273,126.441588,4.066306
26642000,0.120273,126.441588,4.066306
26643000,0.120273,126.441588,4.066306
26644000,0.120273,126.441588,4.066306
26645000,0.120273,126.441588,4.066306
26646000,0.120273,126.441588,4.066306
26647000,0.120273,126.441588,4.066306
26648000,0.120273,126.441588,4.066306
26649000,0.120273,126.441588,4.066306
26650000,0.120273,126.441588,4.066306
26651000,0.120273,126.441588,4.066306
26652000,0.120273,126.441587,4.066306
26653000,0.120273,126.441587,4.066306
26654000,0.120273,126.441587,4.066306
26655000,0.120273,126.441587,4.066306
26656000,0.120273,126.441587,4.066306
26657000,0.120273,126.441587,4.066306
26658000,0.120273,126.441587,4.066306
26659000,0.120273,126.441587,4.066306
26660000,0.120273,126.441587,4.066306
26661000,0.120273,126.441587,4.066306
26662000,0.120273,126.441587,4.066306
26663000,0.120273,126.441587,4.066306
26664000,0.120273,126.441587,4.066306
26665000,0.120273,126.441587,4.066306
26666000,0.120273,126.441587,4.066306
26667000,0.120273,126.441587,4.066306
26668000,0.120273,126.441587,4.066306
26669000,0.120273,126.441587,4.066306
26670000,0.120273,126.441587,4.066306
26671000,0.120273,126.441587,4.066306
26672000,0.120273,126.441587,4.066306
26673000,0.120273,126.441587,4.066306
26674000,0.120273,126.441587,4.066306
26675000,0.120273,126.441587,4.066306
26676000,0.120273,126.441587,4.066306
26677000,0.120273,126.441587,4.066306
26678000,0.120273,126.441586,4.066306
26679000,0.120273,126.441586,4.066306
26680000,0.120273,126.441586,4.066306
26681000,0.120273,126.441586,4.066306
26682000,0.120273,126.441586,4.066306
26683000,0.120273,126.441586,4.066306
26684000,0.120273,126.441586,4.066306
26685000,0.120273,126.441586,4.066306
26686000,0.120273,126.441586,4.066306
26687000,0.120273,126.441586,4.066306
26688000,0.120273,126.441586,4.066306
26689000,0.120273,126.441586,4.066306
26690000,0.120273,126.441586,4.066306
26691000,0.120273,126.441586,4.066306
26692000,0.120273,126.441586,4.066306
26693000,0.120273,126.441586,4.066307
26694000,0.120273,126.441586,4.066307
26695000,0.120273,126.441586,4.066307
26696000,0.120273,126.441586,4.066307
26697000,0.120273,126.441586,4.066307
26698000,0.120273,126.441586,4.066307
26699000,0.120273,126.441586,4.066307
26700000,0.120273,126.441586,4.066307
26701000,0.120273,126.441586,4.066307
26702000,0.120273,126.441586,4.066307
26703000,0.120273,126.441586,4.066307
26704000,0.120273,126.441586,4.066307
26705000,0.120273,126.441586,4.066307
26706000,0.120273,126.441586,4.066307
26707000,0.120273,126.441586,4.066307
26708000,0.120273,126.441586,4.066307
26709000,0.120273,126.441586,4.066307
26710000,0.120273,126.441585,4.066307
26711000,0.120273,126.441585,4.066307
26712000,0.120273,126.441585,4.066307
26713000,0.120273,126.441585,4.066307
26714000,0.120273,126.441585,4.066307
26715000,0.120273,126.441585,4.066307
26716000,0.120273,126.441585,4.066307
26717000,0.120273,126.441585,4.066307
26718000,0.120273,126.441585,4.066307
26719000,0.120273,126.441585,4.066307
26720000,0.120273,126.441585,4.066307
26721000,0.120273,126.441585,4.066307
26722000,0.120273,126.441585,4.066307
26723000,0.120273,126.441585,4.066307
26724000,0.120273,126.441585,4.066307
26725000,0.120273,126.441585,4.066307
26726000,0.120273,126.441585,4.066307
26727000,0.120273,126.441585,4.066307
26728000,0.120273,126.441585,4.066307
26729000,0.120273,126.441585,4.066307
26730000,0.120273,126.441585,4.066307
26731000,0.120273,126.441585,4.066307
26732000,0.120273,126.441585,4.066307
26733000,0.120273,126.441585,4.066307
26734000,0.120273,126.441585,4.066307
26735000,0.120273,126.441585,4.066307
26736000,0.120273,126.441585,4.066307
26737000,0.120273,126.441585,4.066307
26738000,0.120273,126.441585,4.066307
26739000,0.120273,126.441585,4.066307
26740000,0.120273,126.441585,4.066307
26741000,0.120273,126.441585,4.066307
26742000,0.120273,126.441585,4.066307
26743000,0.120273,126.441585,4.066307
26744000,0.120273,126.441585,4.066307
26745000,0.120273,126.441585,4.066307
26746000,0.120273,126.441585,4.066307
26747000,0.120273,126.441585,4.066307
26748000,0.120273,126.441585,4.066307
26749000,0.120273,126.441585,4.066307
26750000,0.120273,126.441585,4.066307
26751000,0.120273,126.441585,4.066307
26752000,0.120273,126.441584,4.066307
26753000,0.120273,126.441584,4.066307
26754000,0.120273,126.441584,4.066307
26755000,0.120273,126.441584,4.066307
26756000,0.120273,126.441584,4.066307
26757000,0.120273,126.441584,4.066307
26758000,0.120273,126.441584,4.066307
26759000,0.120273,126.441584,4.066307
26760000,0.120273,126.441584,4.066307
26761000,0.120273,126.441584,4.066307
26762000,0.120273,126.441584,4.066307
26763000,0.120273,126.441584,4.066307
26764000,0.120273,126.441584,4.066307
26765000,0.120273,126.441584,4.066307
26766000,0.120273,126.441584,4.066307
26767000,0.120273,126.441584,4.066307
26768000,0.120273,126.441584,4.066307
26769000,0.120273,126.441584,4.066307
26770000,0.120273,126.441584,4.066307
26771000,0.120273,126.441584,4.066307
26772000,0.120273,126.441584,4.066307
26773000,0.120273,126.441584,4.066307
26774000,0.120273,126.441584,4.066307
26775000,0.120273,126.441584,4.066307
26776000,0.120273,126.441584,4.066307
26777000,0.120273,126.441584,4.066307
26778000,0.120273,126.441584,4.066307
26779000,0.120273,126.441584,4.066307
26780000,0.120273,126.441584,4.066307
26781000,0.120273,126.441584,4.066307
26782000,0.120273,126.441584,4.066307
26783000,0.120273,126.441584,4.066307
26784000,0.120273,126.441584,4.066307
26785000,0.120273,126.441584,4.066307
26786000,0.120273,126.441584,4.066307
26787000,0.120273,126.441584,4.066307
26788000,0.120273,126.441584,4.066307
26789000,0.120273,126.441584,4.066307
26790000,0.120273,126.441584,4.066307
26791000,0.120273,126.441584,4.066307
26792000,0.120273,126.441584,4.066307
26793000,0.120273,126.441584,4.066307
26794000,0.120273,126.441584,4.066307
26795000,0.120273,126.441584,4.066307
26796000,0.120273,126.441584,4.066307
26797000,0.120273,126.441584,4.066307
26798000,0.120273,126.441584,4.066307
26799000,0.120273,126.441584,4.066307
26800000,0.120273,126.441584,4.066307
26801000,0.120273,126.441584,4.066307
26802000,0.120273,126.441584,4.066307
26803000,0.120273,126.441584,4.066307
26804000,0.120273,126.441584,4.066307
26805000,0.120273,126.441584,4.066307
26806000,0.120273,126.441584,4.066307
26807000,0.120273,126.441584,4.066307
26808000,0.120273,126.441584,4.066307
26809000,0.120273,126.441584,4.066307
26810000,0.120273,126.441584,4.066307
26811000,0.120273,126.441584,4.066307
26812000,0.120273,126.441584,4.066307
26813000,0.120273,126.441584,4.066307
26814000,0.120273,126.441584,4.066307
26815000,0.120273,126.441584,4.066307
26816000,0.120273,126.441584,4.066307
26817000,0.120273,126.441584,4.066307
26818000,0.120273,126.441584,4.066307
26819000,0.120273,126.441584,4.066307
26820000,0.120273,126.441584,4.066307
26821000,0.120273,126.441584,4.066307
26822000,0.120273,126.441584,4.066307
26823000,0.120273,126.441584,4.066307
26824000,0.120273,126.441584,4.066307
26825000,0.120273,126.441584,4.066307
26826000,0.120273,126.441584,4.066307
26827000,0.120273,126.441583,4.066307
26828000,0.120273,126.441583,4.066307
26829000,0.120273,126.441583,4.066307
26830000,0.120273,126.441583,4.066307
26831000,0.120273,126.441583,4.066307
26832000,0.120273,126.441583,4.066307
26833000,0.120273,126.441583,4.066307
26834000,0.120273,126.441583,4.066307
26835000,0.120273,126.441583,4.066307
26836000,0.120273,126.441583,4.066307
26837000,0.120273,126.441583,4.066307
26838000,0.120273,126.441583,4.066307
26839000,0.120273,126.441583,4.066307
26840000,0.120273,126.441583,4.066307
26841000,0.120273,126.441583,4.066307
26842000,0.120273,126.441583,4.066307
26843000,0.120273,126.441583,4.066307
26844000,0.120273,126.441583,4.066307
26845000,0.120273,126.441583,4.066307
26846000,0.120273,126.441583,4.066307
26847000,0.120273,126.441583,4.066307
26848000,0.120273,126.441583,4.066307
26849000,0.120273,126.441583,4.066307
26850000,0.120273,126.441583,4.066307
26851000,0.120273,126.441583,4.066307
26852000,0.120273,126.441583,4.066307
26853000,0.120273,126.441583,4.066307
26854000,0.120273,126.441583,4.066307
26855000,0.120273,126.441583,4.066307
26856000,0.120273,126.441583,4.066307
26857000,0.120273,126.441583,4.066307
26858000,0.120273,126.441583,4.066307
26859000,0.120273,126.441583,4.066307
26860000,0.120273,126.441583,4.066307
26861000,0.120273,126.441583,4.066307
26862000,0.120273,126.441583,4.066307
26863000,0.120273,126.441583,4.066307
26864000,0.120273,126.441583,4.066307
26865000,0.120273,126.441583,4.066307
26866000,0.120273,126.441583,4.066307
26867000,0.120273,126.441583,4.066307
26868000,0.120273,126.441583,4.066307
26869000,0.120273,126.441583,4.066307
26870000,0.120273,126.441583,4.066307
26871000,0.120273,126.441583,4.066307
26872000,0.120273,126.441583,4.066307
26873000,0.120273,126.441583,4.066307
26874000,0.120273,126.441583,4.066307
26875000,0.120273,126.441583,4.066308
26876000,0.120273,126.441583,4.066308
26877000,0.120273,126.441583,4.066308
26878000,0.120273,126.441583,4.066308
26879000,0.120273,126.441583,4.066308
26880000,0.120273,126.441583,4.066308
26881000,0.120273,126.441583,4.066308
26882000,0.120273,126.441583,4.066308
26883000,0.120273,126.441583,4.066308
26884000,0.120273,126.441583,4.066308
26885000,0.120273,126.441583,4.066308
26886000,0.120273,126.441583,4.066308
26887000,0.120273,126.441583,4.066308
26888000,0.120273,126.441583,4.066308
26889000,0.120273,126.441583,4.066308
26890000,0.120273,126.441583,4.066308
26891000,0.120273,126.441583,4.066308
26892000,0.120273,126.441583,4.066308
26893000,0.120273,126.441583,4.066308
26894000,0.120273,126.441583,4.066308
26895000,0.120273,126.441583,4.066308
26896000,0.120273,126.441583,4.066308
26897000,0.120273,126.441583,4.066308
26898000,0.120273,126.441583,4.066308
26899000,0.120273,126.441583,4.066308
26900000,0.120273,126.441583,4.066308
26901000,0.120273,126.441583,4.066308
26902000,0.120273,126.441583,4.066308
26903000,0.120273,126.441583,4.066308
26904000,0.120273,126.441583,4.066308
26905000,0.120273,126.441583,4.066308
26906000,0.120273,126.441583,4.066308
26907000,0.120273,126.441583,4.066308
26908000,0.120273,126.441583,4.066308
26909000,0.120273,126.441583,4.066308
26910000,0.120273,126.441583,4.066308
26911000,0.120273,126.441583,4.066308
26912000,0.120273,126.441583,4.066308
26913000,0.120273,126.441583,4.066308
26914000,0.120273,126.441583,4.066308
26915000,0.120273,126.441583,4.066308
26916000,0.120273,126.441583,4.066308
26917000,0.120273,126.441583,4.066308
26918000,0.120273,126.441583,4.066308
26919000,0.120273,126.441583,4.066308
26920000,0.120273,126.441583,4.066308
26921000,0.120273,126.441583,4.066308
26922000,0.120273,126.441583,4.066308
26923000,0.120273,126.441583,4.066308
26924000,0.120273,126.441583,4.066308
26925000,0.120273,126.441583,4.066308
26926000,0.120273,126.441583,4.066308
26927000,0.120273,126.441583,4.066308
26928000,0.120273,126.441583,4.066308
26929000,0.120273,126.441583,4.066308
26930000,0.120273,126.441583,4.066308
26931000,0.120273,126.441583,4.066308
26932000,0.120273,126.441583,4.066308
26933000,0.120273,126.441583,4.066308
26934000,0.120273,126.441583,4.066308
26935000,0.120273,126.441583,4.066308
26936000,0.120273,126.441583,4.066308
26937000,0.120273,126.441583,4.066308
26938000,0.120273,126.441583,4.066308
26939000,0.120273,126.441583,4.066308
26940000,0.120273,126.441583,4.066308
26941000,0.120273,126.441583,4.066308
26942000,0.120273,126.441583,4.066308
26943000,0.120273,126.441583,4.066308
26944000,0.120273,126.441583,4.066308
26945000,0.120273,126.441583,4.066308
26946000,0.120273,126.441583,4.066308
26947000,0.120273,126.441583,4.066308
26948000,0.120273,126.441583,4.066308
26949000,0.120273,126.441584,4.066308
26950000,0.120273,126.441584,4.066308
26951000,0.120273,126.441584,4.066308
26952000,0.120273,126.441584,4.066308
26953000,0.120273,126.441584,4.066308
26954000,0.120273,126.441584,4.066308
26955000,0.120273,126.441584,4.066308
26956000,0.120273,126.441584,4.066308
26957000,0.120273,126.441584,4.066308
26958000,0.120273,126.441584,4.066308
26959000,0.120273,126.441584,4.066308
26960000,0.120273,126.441584,4.066308
26961000,0.120273,126.441584,4.066308
26962000,0.120273,126.441584,4.066308
26963000,0.120273,126.441584,4.066308
26964000,0.120273,126.441584,4.066308
26965000,0.120273,126.441584,4.066308
26966000,0.120273,126.441584,4.066308
26967000,0.120273,126.441584,4.066308
26968000,0.120273,126.441584,4.066308
26969000,0.120273,126.441584,4.066308
26970000,0.120273,126.441584,4.066308
26971000,0.120273,126.441584,4.066308
26972000,0.120273,126.441584,4.066308
26973000,0.120273,126.441584,4.066308
26974000,0.120273,126.441584,4.066308
26975000,0.120273,126.441584,4.066308
26976000,0.120273,126.441584,4.066308
26977000,0.120273,126.441584,4.066308
26978000,0.120273,126.441584,4.066308
26979000,0.120273,126.441584,4.066308
26980000,0.120273,126.441584,4.066308
26981000,0.120273,126.441584,4.066308
26982000,0.120273,126.441584,4.066308
26983000,0.120273,126.441584,4.066308
26984000,0.120273,126.441584,4.066308
26985000,0.120273,126.441584,4.066308
26986000,0.120273,126.441584,4.066308
26987000,0.120273,126.441584,4.066308
26988000,0.120273,126.441584,4.066308
26989000,0.120273,126.441584,4.066308
26990000,0.120273,126.441584,4.066308
26991000,0.120273,126.441584,4.066308
26992000,0.120273,126.441584,4.066308
26993000,0.120273,126.441584,4.066308
26994000,0.120273,126.441584,4.066308
26995000,0.120273,126.441584,4.066308
26996000,0.120273,126.441584,4.066308
26997000,0.120273,126.441584,4.066308
26998000,0.120273,126.441584,4.066308
26999000,0.120273,126.441584,4.066308
27000000,0.120273,126.441584,4.066308
27001000,0.120273,126.441584,4.066308
27002000,0.120273,126.441584,4.066308
27003000,0.120273,126.441584,4.066308
27004000,0.120273,126.441584,4.066308
27005000,0.120273,126.441584,4.066308
27006000,0.120273,126.441584,4.066308
27007000,0.120273,126.441584,4.066308
27008000,0.120273,126.441584,4.066308
27009000,0.120273,126.441584,4.066308
27010000,0.120273,126.441584,4.066308
27011000,0.120273,126.441584,4.066308
27012000,0.120273,126.441584,4.066308
27013000,0.120273,126.441584,4.066308
27014000,0.120273,126.441584,4.066308
27015000,0.120273,126.441584,4.066308
27016000,0.120273,126.441584,4.066308
27017000,0.120273,126.441584,4.066308
27018000,0.120273,126.441584,4.066308
27019000,0.120273,126.441584,4.066308
27020000,0.120273,126.441584,4.066308
27021000,0.120273,126.441584,4.066308
27022000,0.120273,126.441584,4.066308
27023000,0.120273,126.441584,4.066308
27024000,0.120273,126.441584,4.066308
27025000,0.120273,126.441584,4.066308
27026000,0.120273,126.441584,4.066308
27027000,0.120273,126.441584,4.066308
27028000,0.120273,126.441584,4.066308
27029000,0.120273,126.441584,4.066308
27030000,0.120273,126.441584,4.066308
27031000,0.120273,126.441584,4.066308
27032000,0.120273,126.441584,4.066308
27033000,0.120273,126.441584,4.066308
27034000,0.120273,126.441584,4.066308
27035000,0.120273,126.441584,4.066308
27036000,0.120273,126.441584,4.066308
27037000,0.120273,126.441584,4.066308
27038000,0.120273,126.441584,4.066308
27039000,0.120273,126.441584,4.066308
27040000,0.120273,126.441584,4.066308
27041000,0.120273,126.441584,4.066308
27042000,0.120273,126.441584,4.066308
27043000,0.120273,126.441584,4.066308
27044000,0.120273,126.441584,4.066308
27045000,0.120273,126.441584,4.066308
27046000,0.120273,126.441584,4.066308
27047000,0.120273,126.441584,4.066308
27048000,0.120273,126.441584,4.066308
27049000,0.120273,126.441584,4.066308
27050000,0.120273,126.441584,4.066308
27051000,0.120273,126.441585,4.066308
27052000,0.120273,126.441585,4.066308
27053000,0.120273,126.441585,4.066308
27054000,0.120273,126.441585,4.066308
27055000,0.120273,126.441585,4.066308
27056000,0.120273,126.441585,4.066308
27057000,0.120273,126.441585,4.066308
27058000,0.120273,126.441585,4.066308
27059000,0.120273,126.441585,4.066308
27060000,0.120273,126.441585,4.066308
27061000,0.120273,126.441585,4.066308
27062000,0.120273,126.441585,4.066308
27063000,0.120273,126.441585,4.066308
27064000,0.120273,126.441585,4.066308
27065000,0.120273,126.441585,4.066308
27066000,0.120273,126.441585,4.066308
27067000,0.120273,126.441585,4.066308
27068000,0.120273,126.441585,4.066308
27069000,0.120273,126.441585,4.066308
27070000,0.120273,126.441585,4.066308
27071000,0.120273,126.441585,4.066308
27072000,0.120273,126.441585,4.066308
27073000,0.120273,126.441585,4.066308
27074000,0.120273,126.441585,4.066308
27075000,0.120273,126.441585,4.066308
27076000,0.120273,126.441585,4.066308
27077000,0.120273,126.441585,4.066308
27078000,0.120273,126.441585,4.066308
27079000,0.120273,126.441585,4.066308
27080000,0.120273,126.441585,4.066308
27081000,0.120273,126.441585,4.066308
27082000,0.120273,126.441585,4.066308
27083000,0.120273,126.441585,4.066308
27084000,0.120273,126.441585,4.066308
27085000,0.120273,126.441585,4.066308
27086000,0.120273,126.441585,4.066308
27087000,0.120273,126.441585,4.066308
27088000,0.120273,126.441585,4.066308
27089000,0.120273,126.441585,4.066308
27090000,0.120273,126.441585,4.066308
27091000,0.120273,126.441585,4.066308
27092000,0.120273,126.441585,4.066308
27093000,0.120273,126.441585,4.066308
27094000,0.120273,126.441585,4.066308
27095000,0.120273,126.441585,4.066308
27096000,0.120273,126.441585,4.066308
27097000,0.120273,126.441585,4.066308
27098000,0.120273,126.441585,4.066308
27099000,0.120273,126.441585,4.066308
27100000,0.120273,126.441585,4.066308
27101000,0.120273,126.441585,4.066308
27102000,0.120273,126.441585,4.066308
27103000,0.120273,126.441585,4.066308
27104000,0.120273,126.441585,4.066308
27105000,0.120273,126.441585,4.066308
27106000,0.120273,126.441585,4.066308
27107000,0.120273,126.441585,4.066308
27108000,0.120273,126.441585,4.066308
27109000,0.120273,126.441585,4.066308
27110000,0.120273,126.441585,4.066308
27111000,0.120273,126.441585,4.066308
27112000,0.120273,126.441585,4.066308
27113000,0.120273,126.441585,4.066308
27114000,0.120273,126.441585,4.066308
27115000,0.120273,126.441585,4.066308
27116000,0.120273,126.441585,4.066308
27117000,0.120273,126.441585,4.066308
27118000,0.120273,126.441585,4.066308
27119000,0.120273,126.441585,4.066308
27120000,0.120273,126.441585,4.066308
27121000,0.120273,126.441586,4.066308
27122000,0.120273,126.441586,4.066308
27123000,0.120273,126.441586,4.066308
27124000,0.120273,126.441586,4.066308
27125000,0.120273,126.441586,4.066308
27126000,0.120273,126.441586,4.066308
27127000,0.120273,126.441586,4.066308
27128000,0.120273,126.441586,4.066308
27129000,0.120273,126.441586,4.066308
27130000,0.120273,126.441586,4.066308
27131000,0.120273,126.441586,4.066308
27132000,0.120273,126.441586,4.066308
27133000,0.120273,126.441586,4.066308
27134000,0.120273,126.441586,4.066308
27135000,0.120273,126.441586,4.066308
